oblast,year,month,date,mos,ntl_mean_raw,ntl_mean,ntl_mean_log,ntl_baseline,ntl_ratio,ntl_ratio_log,ntl_nadir,recovery_ratio,recovery_ratio_log,mo_since_nadir,built_pixels,total_pixels,built_perc,built_perc_log,attacks,attacksCAT,pop,pop_log,lat,lon
Cherkasy,2022,February,2/1/22,1,0.36463204,0.36463204,-1.008866543,0.558145861,0.653291667,-0.425731592,NA,NA,NA,NA,18283076,320547612,5.703700578,1.741115188,2,Low,1171487.326,13.97378472,49.2535589,31.3783288
Cherkasy,2022,March,3/1/22,2,0.038327619,0.038327619,-3.26158452,0.310933769,0.123266183,-2.093409172,NA,NA,NA,NA,18283076,320547612,5.703700578,1.741115188,2,Low,1171487.326,13.97378472,49.2535589,31.3783288
Cherkasy,2022,April,4/1/22,3,0.082437798,0.082437798,-2.495711234,0.212253044,0.388393949,-0.945735122,NA,NA,NA,NA,18283076,320547612,5.703700578,1.741115188,1,Low,1171487.326,13.97378472,49.2535589,31.3783288
Cherkasy,2022,May,5/1/22,4,0.046934798,0.046934798,-3.058995917,0.193092406,0.243069104,-1.414409497,NA,NA,NA,NA,18283076,320547612,5.703700578,1.741115188,0,None,1171487.326,13.97378472,49.2535589,31.3783288
Cherkasy,2022,June,6/1/22,5,NA,0.065289423,-2.728925231,0.179350235,0.364033105,-1.010510468,NA,NA,NA,NA,18283076,320547612,5.703700578,1.741115188,1,Low,1171487.326,13.97378472,49.2535589,31.3783288
Cherkasy,2022,July,7/1/22,6,0.083644047,0.083644047,-2.48118502,0.165608063,0.505072309,-0.683053674,0.056112111,1.490659423,0.399218588,1,18283076,320547612,5.703700578,1.741115188,2,Low,1171487.326,13.97378472,49.2535589,31.3783288
Cherkasy,2022,August,8/1/22,7,0.113808788,0.113808788,-2.173235537,0.157238799,0.723795838,-0.323245918,0.056112111,2.028239287,0.70716807,2,18283076,320547612,5.703700578,1.741115188,1,Low,1171487.326,13.97378472,49.2535589,31.3783288
Cherkasy,2022,September,9/1/22,8,0.074140444,0.074140444,-2.601794093,0.153426883,0.483229813,-0.727262935,0.056112111,1.321291298,0.278609514,3,18283076,320547612,5.703700578,1.741115188,2,Low,1171487.326,13.97378472,49.2535589,31.3783288
Cherkasy,2022,October,10/1/22,9,0.053593922,0.053593922,-2.926319613,0.21582904,0.248316548,-1.393050944,0.056112111,0.955122184,-0.045916005,4,18283076,320547612,5.703700578,1.741115188,3,Medium,1171487.326,13.97378472,49.2535589,31.3783288
Cherkasy,2022,November,11/1/22,10,0.204810709,0.204810709,-1.585669097,0.419602613,0.488106372,-0.717221921,0.056112111,3.650026801,1.29473451,5,18283076,320547612,5.703700578,1.741115188,3,Medium,1171487.326,13.97378472,49.2535589,31.3783288
Cherkasy,2022,December,12/1/22,11,0.449582189,0.449582189,-0.799436596,0.526273886,0.854274174,-0.15750309,0.056112111,8.012213068,2.080967011,6,18283076,320547612,5.703700578,1.741115188,1,Low,1171487.326,13.97378472,49.2535589,31.3783288
Cherkasy,2023,January,1/1/23,12,0.714746714,0.714746714,-0.335827045,0.527797073,1.354207422,0.303216355,0.056112111,12.73783326,2.544576562,7,17056740,320547612,5.321125275,1.671684799,0,None,1161312.943,13.96506177,49.2535589,31.3783288
Cherkasy,2023,February,2/1/23,13,0.777863801,0.777863801,-0.251203833,0.558145861,1.393656848,0.331931118,0.056112111,13.8626722,2.629199775,8,17056740,320547612,5.321125275,1.671684799,0,None,1161312.943,13.96506177,49.2535589,31.3783288
Cherkasy,2023,March,3/1/23,14,0.259684414,0.259684414,-1.348288178,0.310933769,0.835175976,-0.180112827,0.056112111,4.627956592,1.53211543,9,17056740,320547612,5.321125275,1.671684799,0,None,1161312.943,13.96506177,49.2535589,31.3783288
Cherkasy,2023,April,4/1/23,15,0.493507504,0.493507504,-0.706217215,0.212253044,2.325090348,0.843758898,0.056112111,8.795026514,2.174186393,10,17056740,320547612,5.321125275,1.671684799,2,Low,1161312.943,13.96506177,49.2535589,31.3783288
Cherkasy,2023,May,5/1/23,16,0.356783271,0.356783271,-1.030626766,0.193092406,1.847733316,0.613959653,0.056112111,6.358400435,1.849776842,11,17056740,320547612,5.321125275,1.671684799,1,Low,1161312.943,13.96506177,49.2535589,31.3783288
Cherkasy,2023,June,6/1/23,17,NA,0.436515153,-0.82893219,0.179350235,2.433869981,0.889482575,0.056112111,7.779339348,2.051471418,12,17056740,320547612,5.321125275,1.671684799,2,Low,1161312.943,13.96506177,49.2535589,31.3783288
Cherkasy,2023,July,7/1/23,18,0.516247034,0.516247034,-0.66116988,0.165608063,3.117281995,1.136961467,0.056112111,9.200278243,2.219233727,13,17056740,320547612,5.321125275,1.671684799,3,Medium,1161312.943,13.96506177,49.2535589,31.3783288
Cherkasy,2023,August,8/1/23,19,0.103143364,0.103143364,-2.271635375,0.157238799,0.65596637,-0.421645757,0.056112111,1.838165811,0.608768233,14,17056740,320547612,5.321125275,1.671684799,1,Low,1161312.943,13.96506177,49.2535589,31.3783288
Cherkasy,2023,September,9/1/23,20,0.085746512,0.085746512,-2.45635987,0.153426883,0.558875409,-0.581828713,0.056112111,1.528128428,0.424043737,15,17056740,320547612,5.321125275,1.671684799,2,Low,1161312.943,13.96506177,49.2535589,31.3783288
Cherkasy,2023,October,10/1/23,21,0.151642725,0.151642725,-1.886228018,0.21582904,0.702605753,-0.352959351,0.056112111,2.702495456,0.994175589,16,17056740,320547612,5.321125275,1.671684799,5,Medium,1161312.943,13.96506177,49.2535589,31.3783288
Cherkasy,2023,November,11/1/23,22,0.445018679,0.445018679,-0.809639022,0.419602613,1.060571754,0.058808153,0.056112111,7.930884636,2.070764585,17,17056740,320547612,5.321125275,1.671684799,4,Medium,1161312.943,13.96506177,49.2535589,31.3783288
Cherkasy,2023,December,12/1/23,23,0.676016688,0.676016688,-0.391537517,0.526273886,1.284533977,0.250395989,0.056112111,12.04760748,2.488866091,18,17056740,320547612,5.321125275,1.671684799,1,Low,1161312.943,13.96506177,49.2535589,31.3783288
Cherkasy,2024,January,1/1/24,24,0.721795142,0.721795142,-0.326013917,0.527797073,1.36756185,0.313029483,0.056112111,12.86344657,2.55438969,19,16045885,320547612,5.005772746,1.610591796,1,Low,1151138.559,13.95626206,49.2535589,31.3783288
Cherkasy,2024,February,2/1/24,25,0.515271783,0.515271783,-0.663060784,0.558145861,0.923184815,-0.079925832,0.056112111,9.182897842,2.217342824,20,16045885,320547612,5.005772746,1.610591796,0,None,1151138.559,13.95626206,49.2535589,31.3783288
Cherkasy,2024,March,3/1/24,26,0.275994927,0.275994927,-1.287372794,0.310933769,0.887632527,-0.119197443,0.056112111,4.918633822,1.593030813,21,16045885,320547612,5.005772746,1.610591796,2,Low,1151138.559,13.95626206,49.2535589,31.3783288
Cherkasy,2024,April,4/1/24,27,0.16486837,0.16486837,-1.802607881,0.212253044,0.776753854,-0.252631769,0.056112111,2.93819582,1.077795726,22,16045885,320547612,5.005772746,1.610591796,1,Low,1151138.559,13.95626206,49.2535589,31.3783288
Cherkasy,2024,May,5/1/24,28,0.133591577,0.133591577,-2.012968066,0.193092406,0.691853087,-0.368381648,0.056112111,2.380797561,0.867435541,23,16045885,320547612,5.005772746,1.610591796,3,Medium,1151138.559,13.95626206,49.2535589,31.3783288
Cherkasy,2024,June,6/1/24,29,NA,0.091939498,-2.386624549,0.179350235,0.512625467,-0.668209784,0.056112111,1.638496509,0.493779059,24,16045885,320547612,5.005772746,1.610591796,0,None,1151138.559,13.95626206,49.2535589,31.3783288
Chernihiv,2022,February,2/1/22,1,0.151945323,0.151945323,-1.88423454,0.126541036,1.200759281,0.182954091,NA,NA,NA,NA,15266621,519005130,2.941516397,1.07892523,18,High,980148.9053,13.79545978,51.347162,32.0167073
Chernihiv,2022,March,3/1/22,2,0.036884867,0.036884867,-3.29995392,0.038057825,0.969179575,-0.031305364,NA,NA,NA,NA,15266621,519005130,2.941516397,1.07892523,60,High,980148.9053,13.79545978,51.347162,32.0167073
Chernihiv,2022,April,4/1/22,3,0.061017234,0.061017234,-2.79659893,0.044578793,1.368750238,0.313898088,NA,NA,NA,NA,15266621,519005130,2.941516397,1.07892523,19,High,980148.9053,13.79545978,51.347162,32.0167073
Chernihiv,2022,May,5/1/22,4,0.113542087,0.113542087,-2.1755817,0.05837747,1.944964151,0.665243546,NA,NA,NA,NA,15266621,519005130,2.941516397,1.07892523,34,High,980148.9053,13.79545978,51.347162,32.0167073
Chernihiv,2022,June,6/1/22,5,NA,0.10428981,-2.260581621,0.062287168,1.674338596,0.515418219,NA,NA,NA,NA,15266621,519005130,2.941516397,1.07892523,39,High,980148.9053,13.79545978,51.347162,32.0167073
Chernihiv,2022,July,7/1/22,6,NA,0.095037532,-2.353483392,0.066196866,1.43568024,0.361638772,NA,NA,NA,NA,15266621,519005130,2.941516397,1.07892523,48,High,980148.9053,13.79545978,51.347162,32.0167073
Chernihiv,2022,August,8/1/22,7,0.085785255,0.085785255,-2.45590814,0.070106563,1.223640854,0.201830721,NA,NA,NA,NA,15266621,519005130,2.941516397,1.07892523,57,High,980148.9053,13.79545978,51.347162,32.0167073
Chernihiv,2022,September,9/1/22,8,0.012182932,0.012182932,-4.407719323,0.06028098,0.202102421,-1.598980675,NA,NA,NA,NA,15266621,519005130,2.941516397,1.07892523,63,High,980148.9053,13.79545978,51.347162,32.0167073
Chernihiv,2022,October,10/1/22,9,0.001541139,0.001541139,-6.475233526,0.042282661,0.036448487,-3.31185533,NA,NA,NA,NA,15266621,519005130,2.941516397,1.07892523,57,High,980148.9053,13.79545978,51.347162,32.0167073
Chernihiv,2022,November,11/1/22,10,0.214700535,0.214700535,-1.538511082,0.057355902,3.743303283,1.319968452,0.006862036,31.28816797,3.443240006,1,15266621,519005130,2.941516397,1.07892523,48,High,980148.9053,13.79545978,51.347162,32.0167073
Chernihiv,2022,December,12/1/22,11,0.198828429,0.198828429,-1.615312992,0.124602862,1.595697132,0.467310714,0.006862036,28.97513639,3.366438096,2,15266621,519005130,2.941516397,1.07892523,50,High,980148.9053,13.79545978,51.347162,32.0167073
Chernihiv,2023,January,1/1/23,12,0.371578157,0.371578157,-0.989996055,0.123890567,2.999244959,1.098360577,0.006862036,54.14984081,3.991755034,3,14807737,519005130,2.853100315,1.048406233,60,High,967681.9789,13.78265878,51.347162,32.0167073
Chernihiv,2023,February,2/1/23,13,0.510905564,0.510905564,-0.671570512,0.126541036,4.037469437,1.395618119,0.006862036,74.45393233,4.310180576,4,14807737,519005130,2.853100315,1.048406233,62,High,967681.9789,13.78265878,51.347162,32.0167073
Chernihiv,2023,March,3/1/23,14,0.056951012,0.056951012,-2.865563819,0.038057825,1.49643369,0.403084737,0.006862036,8.299433579,2.116187269,5,14807737,519005130,2.853100315,1.048406233,74,High,967681.9789,13.78265878,51.347162,32.0167073
Chernihiv,2023,April,4/1/23,15,0.161239192,0.161239192,-1.824866352,0.044578793,3.616948328,1.285630667,0.006862036,23.49728156,3.156884736,6,14807737,519005130,2.853100315,1.048406233,88,High,967681.9789,13.78265878,51.347162,32.0167073
Chernihiv,2023,May,5/1/23,16,0.226666868,0.226666868,-1.484273881,0.05837747,3.882779893,1.356551364,0.006862036,33.03201382,3.497477207,7,14807737,519005130,2.853100315,1.048406233,138,Severe,967681.9789,13.78265878,51.347162,32.0167073
Chernihiv,2023,June,6/1/23,17,NA,0.159067354,-1.838427556,0.062287168,2.553774048,0.937572284,0.006862036,23.18078104,3.143323532,8,14807737,519005130,2.853100315,1.048406233,97,High,967681.9789,13.78265878,51.347162,32.0167073
Chernihiv,2023,July,7/1/23,18,0.472086817,0.09146784,-2.391767844,0.066196866,1.381754847,0.32335432,0.006862036,13.32954826,2.589983245,9,14807737,519005130,2.853100315,1.048406233,81,High,967681.9789,13.78265878,51.347162,32.0167073
Chernihiv,2023,August,8/1/23,19,0.023868326,0.023868326,-3.735202971,0.070106563,0.340457795,-1.077464111,0.006862036,3.478315474,1.246548117,10,14807737,519005130,2.853100315,1.048406233,148,Severe,967681.9789,13.78265878,51.347162,32.0167073
Chernihiv,2023,September,9/1/23,20,0.011343152,0.011343152,-4.479141065,0.06028098,0.188171327,-1.670402417,0.006862036,1.653030092,0.502610023,11,14807737,519005130,2.853100315,1.048406233,125,Severe,967681.9789,13.78265878,51.347162,32.0167073
Chernihiv,2023,October,10/1/23,21,0.053494141,0.053494141,-2.928183145,0.042282661,1.265155507,0.235195045,0.006862036,7.795666038,2.053567943,12,14807737,519005130,2.853100315,1.048406233,91,High,967681.9789,13.78265878,51.347162,32.0167073
Chernihiv,2023,November,11/1/23,22,0.160301402,0.160301402,-1.830699473,0.057355902,2.794854537,1.027780061,0.006862036,23.36061804,3.151051615,13,14807737,519005130,2.853100315,1.048406233,98,High,967681.9789,13.78265878,51.347162,32.0167073
Chernihiv,2023,December,12/1/23,23,0.277321547,0.277321547,-1.282577627,0.124602862,2.225643483,0.80004608,0.006862036,40.41388693,3.699173462,14,14807737,519005130,2.853100315,1.048406233,74,High,967681.9789,13.78265878,51.347162,32.0167073
Chernihiv,2024,January,1/1/24,24,0.24160707,0.24160707,-1.42044255,0.123890567,1.950165189,0.667914081,0.006862036,35.20923965,3.561308538,NA,14506799,519005130,2.795116688,1.027873855,81,High,955215.0525,13.76969178,51.347162,32.0167073
Chernihiv,2024,February,2/1/24,25,0.045273133,0.045273133,-3.095041513,0.126541036,0.35777432,-1.027852882,0.006862036,6.597623941,1.886709575,NA,14506799,519005130,2.795116688,1.027873855,86,High,955215.0525,13.76969178,51.347162,32.0167073
Chernihiv,2024,March,3/1/24,26,0.009032894,0.009032894,-4.706882476,0.038057825,0.237346562,-1.438233919,0.006862036,1.316357711,0.274868613,NA,14506799,519005130,2.795116688,1.027873855,149,Severe,955215.0525,13.76969178,51.347162,32.0167073
Chernihiv,2024,April,4/1/24,27,0.027155461,0.027155461,-3.606177111,0.044578793,0.609156484,-0.495680092,0.006862036,3.957347499,1.375573977,NA,14506799,519005130,2.795116688,1.027873855,109,High,955215.0525,13.76969178,51.347162,32.0167073
Chernihiv,2024,May,5/1/24,28,0.19305633,0.19305633,-1.644773267,0.05837747,3.30703487,1.196051978,0.006862036,28.13397219,3.336977821,NA,14506799,519005130,2.795116688,1.027873855,104,High,955215.0525,13.76969178,51.347162,32.0167073
Chernihiv,2024,June,6/1/24,29,NA,0.123040332,-2.095243075,0.062287168,1.97537206,0.680756765,0.006862036,17.93058678,2.886508013,NA,14506799,519005130,2.795116688,1.027873855,43,High,955215.0525,13.76969178,51.347162,32.0167073
Chernivtsi,2022,February,2/1/22,1,0.410268694,0.410268694,-0.890942983,0.505549391,0.811530389,-0.208833445,NA,NA,NA,NA,12107783,123227708,9.825536153,2.284984727,0,None,889806.924,13.69875978,48.2698409,25.9710902
Chernivtsi,2022,March,3/1/22,2,0.031421568,0.031421568,-3.460260743,0.224885503,0.139722514,-1.968096866,NA,NA,NA,NA,12107783,123227708,9.825536153,2.284984727,0,None,889806.924,13.69875978,48.2698409,25.9710902
Chernivtsi,2022,April,4/1/22,3,0.039546363,0.039546363,-3.230281549,0.255938475,0.154515115,-1.867463356,NA,NA,NA,NA,12107783,123227708,9.825536153,2.284984727,0,None,889806.924,13.69875978,48.2698409,25.9710902
Chernivtsi,2022,May,5/1/22,4,0.16041705,0.16041705,-1.829978292,0.347759942,0.46128674,-0.773735434,0.035483966,4.520832029,1.508696054,1,12107783,123227708,9.825536153,2.284984727,0,None,889806.924,13.69875978,48.2698409,25.9710902
Chernivtsi,2022,June,6/1/22,5,NA,0.118480914,-2.133003395,0.335513394,0.353133187,-1.040909993,0.035483966,3.338998634,1.205670952,2,12107783,123227708,9.825536153,2.284984727,0,None,889806.924,13.69875978,48.2698409,25.9710902
Chernivtsi,2022,July,7/1/22,6,0.076544777,0.076544777,-2.569879389,0.323266844,0.236785116,-1.440602233,0.035483966,2.157165211,0.768794957,3,12107783,123227708,9.825536153,2.284984727,0,None,889806.924,13.69875978,48.2698409,25.9710902
Chernivtsi,2022,August,8/1/22,7,0.149192199,0.149192199,-1.902519878,0.306692993,0.486454541,-0.720611823,0.035483966,4.204496166,1.436154468,4,12107783,123227708,9.825536153,2.284984727,0,None,889806.924,13.69875978,48.2698409,25.9710902
Chernivtsi,2022,September,9/1/22,8,0.136724904,0.136724904,-1.989784372,0.272570923,0.501612213,-0.689927942,0.035483966,3.853146066,1.348889975,5,12107783,123227708,9.825536153,2.284984727,0,None,889806.924,13.69875978,48.2698409,25.9710902
Chernivtsi,2022,October,10/1/22,9,0.031653564,0.031653564,-3.45290453,0.241452585,0.131096397,-2.031822371,0.035483966,0.892052596,-0.114230184,6,12107783,123227708,9.825536153,2.284984727,2,Low,889806.924,13.69875978,48.2698409,25.9710902
Chernivtsi,2022,November,11/1/22,10,0.145568922,0.145568922,-1.927105614,0.310185705,0.469296036,-0.756521503,0.035483966,4.102385906,1.411568733,7,12107783,123227708,9.825536153,2.284984727,0,None,889806.924,13.69875978,48.2698409,25.9710902
Chernivtsi,2022,December,12/1/22,11,0.061400894,0.061400894,-2.790330884,0.464792431,0.132103903,-2.024166522,0.035483966,1.730384197,0.548343463,8,12107783,123227708,9.825536153,2.284984727,0,None,889806.924,13.69875978,48.2698409,25.9710902
Chernivtsi,2023,January,1/1/23,12,0.523668766,0.523668766,-0.64689592,0.492469021,1.063353722,0.061427802,0.035483966,14.75789843,2.691778426,9,12469471,123227708,10.11904806,2.314419594,0,None,888603.166,13.69740603,48.2698409,25.9710902
Chernivtsi,2023,February,2/1/23,13,0.449938685,0.449938685,-0.798643961,0.505549391,0.889999459,-0.116534424,0.035483966,12.68005625,2.540030385,10,12469471,123227708,10.11904806,2.314419594,0,None,888603.166,13.69740603,48.2698409,25.9710902
Chernivtsi,2023,March,3/1/23,14,0.186462492,0.186462492,-1.679525175,0.224885503,0.829144117,-0.187361295,0.035483966,5.254837974,1.659149171,11,12469471,123227708,10.11904806,2.314419594,0,None,888603.166,13.69740603,48.2698409,25.9710902
Chernivtsi,2023,April,4/1/23,15,0.420430601,0.420430601,-0.866475852,0.255938475,1.642701827,0.496342342,0.035483966,11.84846702,2.472198494,12,12469471,123227708,10.11904806,2.314419594,0,None,888603.166,13.69740603,48.2698409,25.9710902
Chernivtsi,2023,May,5/1/23,16,0.485660285,0.485660285,-0.722245902,0.347759942,1.396538893,0.333996956,0.035483966,13.68675319,2.616428445,13,12469471,123227708,10.11904806,2.314419594,1,Low,888603.166,13.69740603,48.2698409,25.9710902
Chernivtsi,2023,June,6/1/23,17,NA,0.645589218,-0.437591863,0.335513394,1.924183148,0.654501539,0.035483966,18.19382924,2.901082484,14,12469471,123227708,10.11904806,2.314419594,0,None,888603.166,13.69740603,48.2698409,25.9710902
Chernivtsi,2023,July,7/1/23,18,0.80551815,0.80551815,-0.216269544,0.323266844,2.491805655,0.91300761,0.035483966,22.70090525,3.122404803,15,12469471,123227708,10.11904806,2.314419594,0,None,888603.166,13.69740603,48.2698409,25.9710902
Chernivtsi,2023,August,8/1/23,19,0.2131695,0.2131695,-1.545667655,0.306692993,0.695058267,-0.3637596,0.035483966,6.007488002,1.793006691,16,12469471,123227708,10.11904806,2.314419594,0,None,888603.166,13.69740603,48.2698409,25.9710902
Chernivtsi,2023,September,9/1/23,20,0.158288151,0.158288151,-1.843338166,0.272570923,0.580722805,-0.543481736,0.035483966,4.460835945,1.49533618,17,12469471,123227708,10.11904806,2.314419594,0,None,888603.166,13.69740603,48.2698409,25.9710902
Chernivtsi,2023,October,10/1/23,21,0.215136349,0.215136349,-1.53648327,0.241452585,0.89100868,-0.11540111,0.035483966,6.062917234,1.802191076,18,12469471,123227708,10.11904806,2.314419594,0,None,888603.166,13.69740603,48.2698409,25.9710902
Chernivtsi,2023,November,11/1/23,22,0.411889642,0.411889642,-0.886999825,0.310185705,1.327880798,0.283584286,0.035483966,11.60776791,2.451674521,19,12469471,123227708,10.11904806,2.314419594,0,None,888603.166,13.69740603,48.2698409,25.9710902
Chernivtsi,2023,December,12/1/23,23,0.638790965,0.638790965,-0.448178006,0.464792431,1.374357504,0.317986352,0.035483966,18.00224262,2.89049634,20,12469471,123227708,10.11904806,2.314419594,0,None,888603.166,13.69740603,48.2698409,25.9710902
Chernivtsi,2024,January,1/1/24,24,0.624720812,0.624720812,-0.47045043,0.492469021,1.268548449,0.237873293,0.035483966,17.60572119,2.868223917,21,11295431,123227708,9.166307792,2.215534565,0,None,887399.4081,13.69605045,48.2698409,25.9710902
Chernivtsi,2024,February,2/1/24,25,0.19245632,0.19245632,-1.64788606,0.505549391,0.380687472,-0.965776524,0.035483966,5.423754492,1.690788286,22,11295431,123227708,9.166307792,2.215534565,0,None,887399.4081,13.69605045,48.2698409,25.9710902
Chernivtsi,2024,March,3/1/24,26,0.232740521,0.232740521,-1.45783109,0.224885503,1.034928964,0.034332791,0.035483966,6.55903348,1.880843257,23,11295431,123227708,9.166307792,2.215534565,0,None,887399.4081,13.69605045,48.2698409,25.9710902
Chernivtsi,2024,April,4/1/24,27,0.212028235,0.212028235,-1.551035829,0.255938475,0.828434391,-0.188217635,0.035483966,5.975325165,1.787638517,24,11295431,123227708,9.166307792,2.215534565,0,None,887399.4081,13.69605045,48.2698409,25.9710902
Chernivtsi,2024,May,5/1/24,28,0.106676511,0.106676511,-2.237954285,0.347759942,0.306753303,-1.181711428,0.035483966,3.006329986,1.100720061,25,11295431,123227708,9.166307792,2.215534565,0,None,887399.4081,13.69605045,48.2698409,25.9710902
Chernivtsi,2024,June,6/1/24,29,NA,0.163198147,-1.812790191,0.335513394,0.486413211,-0.720696788,0.035483966,4.599208189,1.525884156,26,11295431,123227708,9.166307792,2.215534565,0,None,887399.4081,13.69605045,48.2698409,25.9710902
Crimea,2022,February,2/1/22,1,0.692892253,0.692892253,-0.366880771,0.570186565,1.215202699,0.194910893,NA,NA,NA,NA,17743529,374470206,4.73830193,1.555678829,0,None,1907596.085,14.46135441,45.332969,34.3803865
Crimea,2022,March,3/1/22,2,0.699030757,0.699030757,-0.358060536,0.445564945,1.568863898,0.450351726,NA,NA,NA,NA,17743529,374470206,4.73830193,1.555678829,0,None,1907596.085,14.46135441,45.332969,34.3803865
Crimea,2022,April,4/1/22,3,0.774017036,0.774017036,-0.256161395,0.450646063,1.717571949,0.540911636,NA,NA,NA,NA,17743529,374470206,4.73830193,1.555678829,0,None,1907596.085,14.46135441,45.332969,34.3803865
Crimea,2022,May,5/1/22,4,0.703943551,0.703943551,-0.351057109,0.40732796,1.728198456,0.547079511,NA,NA,NA,NA,17743529,374470206,4.73830193,1.555678829,0,None,1907596.085,14.46135441,45.332969,34.3803865
Crimea,2022,June,6/1/22,5,0.715249419,0.628381968,-0.464607068,0.394874821,1.591344737,0.464579405,NA,NA,NA,NA,17743529,374470206,4.73830193,1.555678829,0,None,1907596.085,14.46135441,45.332969,34.3803865
Crimea,2022,July,7/1/22,6,0.552820385,0.552820385,-0.592722131,0.382421682,1.445578037,0.368509267,NA,NA,NA,NA,17743529,374470206,4.73830193,1.555678829,0,None,1907596.085,14.46135441,45.332969,34.3803865
Crimea,2022,August,8/1/22,7,0.542056322,0.542056322,-0.612385368,0.416685104,1.300877608,0.26303912,NA,NA,NA,NA,17743529,374470206,4.73830193,1.555678829,7,High,1907596.085,14.46135441,45.332969,34.3803865
Crimea,2022,September,9/1/22,8,0.606023371,0.606023371,-0.500836728,0.423883607,1.429692871,0.357459646,0.547438354,1.107016647,0.101668692,1,17743529,374470206,4.73830193,1.555678829,7,High,1907596.085,14.46135441,45.332969,34.3803865
Crimea,2022,October,10/1/22,9,0.66701746,0.66701746,-0.404939056,0.438423385,1.521400277,0.419631146,0.547438354,1.218433921,0.197566363,2,17743529,374470206,4.73830193,1.555678829,2,Low,1907596.085,14.46135441,45.332969,34.3803865
Crimea,2022,November,11/1/22,10,0.858053088,0.858053088,-0.153089307,0.533473204,1.608427719,0.47525713,0.547438354,1.567396734,0.449416112,3,17743529,374470206,4.73830193,1.555678829,1,Low,1907596.085,14.46135441,45.332969,34.3803865
Crimea,2022,December,12/1/22,11,1.009325147,1.009325147,0.009281936,0.644445081,1.566192646,0.448647608,0.547438354,1.843723845,0.611787355,4,17743529,374470206,4.73830193,1.555678829,3,Medium,1907596.085,14.46135441,45.332969,34.3803865
Crimea,2023,January,1/1/23,12,0.954959393,0.954959393,-0.04608646,0.564017989,1.693136411,0.526582673,0.547438354,1.744414483,0.55641896,5,18370932,374470206,4.905846101,1.590427576,3,Medium,1903446.51,14.45917675,45.332969,34.3803865
Crimea,2023,February,2/1/23,13,1.123137355,1.123137355,0.116125979,0.570186565,1.969771691,0.677917643,0.547438354,2.051623433,0.718631398,6,18370932,374470206,4.905846101,1.590427576,2,Low,1903446.51,14.45917675,45.332969,34.3803865
Crimea,2023,March,3/1/23,14,0.855666399,0.855666399,-0.1558747,0.445564945,1.920407806,0.652537562,0.547438354,1.563036994,0.44663072,7,18370932,374470206,4.905846101,1.590427576,8,High,1903446.51,14.45917675,45.332969,34.3803865
Crimea,2023,April,4/1/23,15,0.906519651,0.906519651,-0.098142571,0.450646063,2.01160007,0.69893046,0.547438354,1.655930105,0.504362848,8,18370932,374470206,4.905846101,1.590427576,2,Low,1903446.51,14.45917675,45.332969,34.3803865
Crimea,2023,May,5/1/23,16,0.845330119,0.845330119,-0.168028055,0.40732796,2.075305903,0.730108566,0.547438354,1.544155817,0.434477364,9,18370932,374470206,4.905846101,1.590427576,3,Medium,1903446.51,14.45917675,45.332969,34.3803865
Crimea,2023,June,6/1/23,17,1.026718259,0.745288819,-0.293983459,0.394874821,1.887405272,0.635203014,0.547438354,1.361411406,0.30852196,10,18370932,374470206,4.905846101,1.590427576,5,Medium,1903446.51,14.45917675,45.332969,34.3803865
Crimea,2023,July,7/1/23,18,0.645247519,0.645247519,-0.438121285,0.382421682,1.68726709,0.523110113,0.547438354,1.178666994,0.164384134,11,18370932,374470206,4.905846101,1.590427576,13,High,1903446.51,14.45917675,45.332969,34.3803865
Crimea,2023,August,8/1/23,19,0.696798742,0.696798742,-0.361258659,0.416685104,1.672242983,0.514165829,0.547438354,1.272835082,0.241246761,12,18370932,374470206,4.905846101,1.590427576,6,Medium,1903446.51,14.45917675,45.332969,34.3803865
Crimea,2023,September,9/1/23,20,0.671356738,0.671356738,-0.398454632,0.423883607,1.583823311,0.459841741,0.547438354,1.226360435,0.204050787,13,18370932,374470206,4.905846101,1.590427576,10,High,1903446.51,14.45917675,45.332969,34.3803865
Crimea,2023,October,10/1/23,21,0.745965123,0.745965123,-0.293076432,0.438423385,1.70147202,0.531493771,0.547438354,1.362646803,0.309428987,14,18370932,374470206,4.905846101,1.590427576,4,Medium,1903446.51,14.45917675,45.332969,34.3803865
Crimea,2023,November,11/1/23,22,0.94659853,0.94659853,-0.054880214,0.533473204,1.774406893,0.573466222,0.547438354,1.72914178,0.547625204,15,18370932,374470206,4.905846101,1.590427576,10,High,1903446.51,14.45917675,45.332969,34.3803865
Crimea,2023,December,12/1/23,23,1.022124767,1.022124767,0.021883566,0.644445081,1.586054105,0.461249237,0.547438354,1.867104779,0.624388985,16,18370932,374470206,4.905846101,1.590427576,6,Medium,1903446.51,14.45917675,45.332969,34.3803865
Crimea,2024,January,1/1/24,24,1.087233305,1.087233305,0.083636217,0.564017989,1.927657143,0.65630535,0.547438354,1.986037875,0.686141636,17,19313341,374470206,5.157510715,1.640454044,7,High,1899296.935,14.45699434,45.332969,34.3803865
Crimea,2024,February,2/1/24,25,0.801781118,0.801781118,-0.220919629,0.570186565,1.406173289,0.340872035,0.547438354,1.464605306,0.38158579,18,19313341,374470206,5.157510715,1.640454044,3,Medium,1899296.935,14.45699434,45.332969,34.3803865
Crimea,2024,March,3/1/24,26,0.833880007,0.833880007,-0.181665763,0.445564945,1.871511697,0.626746498,0.547438354,1.523240016,0.420839656,19,19313341,374470206,5.157510715,1.640454044,7,High,1899296.935,14.45699434,45.332969,34.3803865
Crimea,2024,April,4/1/24,27,0.890366971,0.890366971,-0.116121574,0.450646063,1.975756685,0.680951457,0.547438354,1.626424171,0.486383845,20,19313341,374470206,5.157510715,1.640454044,7,High,1899296.935,14.45699434,45.332969,34.3803865
Crimea,2024,May,5/1/24,28,0.645996869,0.645996869,-0.436960622,0.40732796,1.585937949,0.461175998,0.547438354,1.180035824,0.165544797,21,19313341,374470206,5.157510715,1.640454044,7,High,1899296.935,14.45699434,45.332969,34.3803865
Crimea,2024,June,6/1/24,29,0.618678033,0.618678033,-0.480170282,0.394874821,1.566770025,0.449016191,0.547438354,1.130132788,0.122335137,22,19313341,374470206,5.157510715,1.640454044,7,High,1899296.935,14.45699434,45.332969,34.3803865
Dnipropetrovsk,2022,February,2/1/22,1,0.831339657,0.831339657,-0.184716835,0.768412173,1.081892878,0.078712172,NA,NA,NA,NA,27647827,477041826,5.795681949,1.757113149,1,Low,3118237.765,14.95277858,48.2757815,34.8565256
Dnipropetrovsk,2022,March,3/1/22,2,0.038040526,0.038040526,-3.269103214,0.582404176,0.065316369,-2.7285126,NA,NA,NA,NA,27647827,477041826,5.795681949,1.757113149,30,High,3118237.765,14.95277858,48.2757815,34.8565256
Dnipropetrovsk,2022,April,4/1/22,3,0.030971644,0.030971644,-3.474683203,0.633573373,0.048884068,-3.018303743,NA,NA,NA,NA,27647827,477041826,5.795681949,1.757113149,72,High,3118237.765,14.95277858,48.2757815,34.8565256
Dnipropetrovsk,2022,May,5/1/22,4,0.050338082,0.050338082,-2.988993391,0.711380521,0.070761119,-2.648445596,0.034506085,1.458817539,0.377626203,1,27647827,477041826,5.795681949,1.757113149,75,High,3118237.765,14.95277858,48.2757815,34.8565256
Dnipropetrovsk,2022,June,6/1/22,5,NA,0.042090412,-3.167935308,0.676679631,0.062201388,-2.777377964,0.034506085,1.219796798,0.198684286,2,27647827,477041826,5.795681949,1.757113149,70,High,3118237.765,14.95277858,48.2757815,34.8565256
Dnipropetrovsk,2022,July,7/1/22,6,0.033842742,0.033842742,-3.386030719,0.641978741,0.052716297,-2.94283063,0.034506085,0.980776057,-0.019411126,3,27647827,477041826,5.795681949,1.757113149,100,High,3118237.765,14.95277858,48.2757815,34.8565256
Dnipropetrovsk,2022,August,8/1/22,7,0.12215855,0.12215855,-2.102435488,0.562053224,0.217343385,-1.526276757,0.034506085,3.540203126,1.264184106,4,27647827,477041826,5.795681949,1.757113149,155,Severe,3118237.765,14.95277858,48.2757815,34.8565256
Dnipropetrovsk,2022,September,9/1/22,8,0.040938303,0.040938303,-3.195689151,0.5569399,0.073505782,-2.610391209,0.034506085,1.186408223,0.170930443,5,27647827,477041826,5.795681949,1.757113149,140,Severe,3118237.765,14.95277858,48.2757815,34.8565256
Dnipropetrovsk,2022,October,10/1/22,9,0.046716809,0.046716809,-3.063651243,0.617551247,0.075648473,-2.581658024,0.034506085,1.353871614,0.30296835,6,27647827,477041826,5.795681949,1.757113149,126,Severe,3118237.765,14.95277858,48.2757815,34.8565256
Dnipropetrovsk,2022,November,11/1/22,10,0.119162455,0.119162455,-2.127267549,0.573593915,0.20774707,-1.571433949,0.034506085,3.453375108,1.239352045,7,27647827,477041826,5.795681949,1.757113149,120,Severe,3118237.765,14.95277858,48.2757815,34.8565256
Dnipropetrovsk,2022,December,12/1/22,11,0.247431949,0.247431949,-1.396619688,0.827321648,0.299075879,-1.207057962,0.034506085,7.17067581,1.969999905,8,27647827,477041826,5.795681949,1.757113149,89,High,3118237.765,14.95277858,48.2757815,34.8565256
Dnipropetrovsk,2023,January,1/1/23,12,0.474774212,0.474774212,-0.744915931,0.805109546,0.589701382,-0.528139002,0.034506085,13.75914457,2.621703663,9,30190907,477041826,6.328775666,1.8451068,69,High,3098183.524,14.94632654,48.2757815,34.8565256
Dnipropetrovsk,2023,February,2/1/23,13,0.237057209,0.237057209,-1.439453779,0.768412173,0.308502673,-1.176024771,0.034506085,6.870011739,1.927165815,10,30190907,477041826,6.328775666,1.8451068,71,High,3098183.524,14.94632654,48.2757815,34.8565256
Dnipropetrovsk,2023,March,3/1/23,14,0.118816964,0.118816964,-2.130171088,0.582404176,0.204011181,-1.589580478,0.034506085,3.443362642,1.236448506,11,30190907,477041826,6.328775666,1.8451068,59,High,3098183.524,14.94632654,48.2757815,34.8565256
Dnipropetrovsk,2023,April,4/1/23,15,0.347931683,0.347931683,-1.055749132,0.633573373,0.549157679,-0.599369667,0.034506085,10.08319788,2.310870462,12,30190907,477041826,6.328775666,1.8451068,31,High,3098183.524,14.94632654,48.2757815,34.8565256
Dnipropetrovsk,2023,May,5/1/23,16,0.369594038,0.369594038,-0.99535007,0.711380521,0.519544782,-0.65480227,0.034506085,10.7109815,2.371269524,13,30190907,477041826,6.328775666,1.8451068,64,High,3098183.524,14.94632654,48.2757815,34.8565256
Dnipropetrovsk,2023,June,6/1/23,17,NA,0.33455652,-1.094949445,0.676679631,0.49440903,-0.704392108,0.034506085,9.695580359,2.271670149,14,30190907,477041826,6.328775666,1.8451068,58,High,3098183.524,14.94632654,48.2757815,34.8565256
Dnipropetrovsk,2023,July,7/1/23,18,0.299519002,0.299519002,-1.205577418,0.641978741,0.466555951,-0.762377328,0.034506085,8.680179221,2.161042176,15,30190907,477041826,6.328775666,1.8451068,56,High,3098183.524,14.94632654,48.2757815,34.8565256
Dnipropetrovsk,2023,August,8/1/23,19,0.162613809,0.162613809,-1.816377159,0.562053224,0.289321015,-1.240218429,0.034506085,4.712612544,1.550242435,16,30190907,477041826,6.328775666,1.8451068,60,High,3098183.524,14.94632654,48.2757815,34.8565256
Dnipropetrovsk,2023,September,9/1/23,20,0.134625077,0.134625077,-2.005261572,0.5569399,0.241722809,-1.419963627,0.034506085,3.901488013,1.361358022,17,30190907,477041826,6.328775666,1.8451068,81,High,3098183.524,14.94632654,48.2757815,34.8565256
Dnipropetrovsk,2023,October,10/1/23,21,0.133870885,0.133870885,-2.010879488,0.617551247,0.216776965,-1.528886265,0.034506085,3.87963123,1.355740105,18,30190907,477041826,6.328775666,1.8451068,79,High,3098183.524,14.94632654,48.2757815,34.8565256
Dnipropetrovsk,2023,November,11/1/23,22,0.350376666,0.350376666,-1.048746515,0.573593915,0.610844462,-0.492912915,0.034506085,10.15405445,2.317873079,19,30190907,477041826,6.328775666,1.8451068,66,High,3098183.524,14.94632654,48.2757815,34.8565256
Dnipropetrovsk,2023,December,12/1/23,23,0.325011134,0.325011134,-1.123895839,0.827321648,0.39284737,-0.934334114,0.034506085,9.418951295,2.242723755,20,30190907,477041826,6.328775666,1.8451068,75,High,3098183.524,14.94632654,48.2757815,34.8565256
Dnipropetrovsk,2024,January,1/1/24,24,0.582406938,0.582406938,-0.540585869,0.805109546,0.72338844,-0.32380894,0.034506085,16.87838357,2.826033725,21,27920994,477041826,5.852944643,1.766944892,93,High,3078129.284,14.9398326,48.2757815,34.8565256
Dnipropetrovsk,2024,February,2/1/24,25,0.17308028,0.17308028,-1.753999746,0.768412173,0.225244063,-1.49057074,0.034506085,5.015935016,1.612619848,22,27920994,477041826,5.852944643,1.766944892,84,High,3078129.284,14.9398326,48.2757815,34.8565256
Dnipropetrovsk,2024,March,3/1/24,26,0.19797264,0.19797264,-1.61962644,0.582404176,0.339923112,-1.079035828,0.034506085,5.73732546,1.746993154,23,27920994,477041826,5.852944643,1.766944892,89,High,3078129.284,14.9398326,48.2757815,34.8565256
Dnipropetrovsk,2024,April,4/1/24,27,0.268883973,0.268883973,-1.31347532,0.633573373,0.424392792,-0.857095856,0.034506085,7.792363956,2.053144274,24,27920994,477041826,5.852944643,1.766944892,110,High,3078129.284,14.9398326,48.2757815,34.8565256
Dnipropetrovsk,2024,May,5/1/24,28,0.275622994,0.275622994,-1.288721311,0.711380521,0.387448047,-0.948173511,0.034506085,7.987663451,2.077898283,25,27920994,477041826,5.852944643,1.766944892,93,High,3078129.284,14.9398326,48.2757815,34.8565256
Dnipropetrovsk,2024,June,6/1/24,29,NA,0.204224617,-1.588534827,0.676679631,0.301803997,-1.197977489,0.034506085,5.918510228,1.778084767,26,27920994,477041826,5.852944643,1.766944892,76,High,3078129.284,14.9398326,48.2757815,34.8565256
Donetsk,2022,February,2/1/22,1,0.717599392,0.717599392,-0.331843816,0.558081101,1.285833531,0.25140717,NA,NA,NA,NA,32644783,397428864,8.213993989,2.105839284,45,High,4028892.703,15.20900213,48.0473236,37.6694124
Donetsk,2022,March,3/1/22,2,0.220593154,0.220593154,-1.511435206,0.39888225,0.553028253,-0.592346188,NA,NA,NA,NA,32644783,397428864,8.213993989,2.105839284,428,Severe,4028892.703,15.20900213,48.0473236,37.6694124
Donetsk,2022,April,4/1/22,3,0.208407074,0.208407074,-1.568262025,0.43936647,0.474335409,-0.745840594,NA,NA,NA,NA,32644783,397428864,8.213993989,2.105839284,655,Severe,4028892.703,15.20900213,48.0473236,37.6694124
Donetsk,2022,May,5/1/22,4,0.260472715,0.260472715,-1.345257164,0.513540625,0.507209561,-0.678831025,NA,NA,NA,NA,32644783,397428864,8.213993989,2.105839284,916,Severe,4028892.703,15.20900213,48.0473236,37.6694124
Donetsk,2022,June,6/1/22,5,NA,0.263545454,-1.333529425,0.561038117,0.469746076,-0.755562994,NA,NA,NA,NA,32644783,397428864,8.213993989,2.105839284,1253,Severe,4028892.703,15.20900213,48.0473236,37.6694124
Donetsk,2022,July,7/1/22,6,0.266618192,0.266618192,-1.321937637,0.608535608,0.438130799,-0.825237785,NA,NA,NA,NA,32644783,397428864,8.213993989,2.105839284,1734,Severe,4028892.703,15.20900213,48.0473236,37.6694124
Donetsk,2022,August,8/1/22,7,0.402831495,0.402831495,-0.909236931,0.471212362,0.854883121,-0.15679052,NA,NA,NA,NA,32644783,397428864,8.213993989,2.105839284,1703,Severe,4028892.703,15.20900213,48.0473236,37.6694124
Donetsk,2022,September,9/1/22,8,0.191803053,0.191803053,-1.651286199,0.422060897,0.454444025,-0.78868053,NA,NA,NA,NA,32644783,397428864,8.213993989,2.105839284,1575,Severe,4028892.703,15.20900213,48.0473236,37.6694124
Donetsk,2022,October,10/1/22,9,0.166768268,0.166768268,-1.791150047,0.42825822,0.389410548,-0.943121099,NA,NA,NA,NA,32644783,397428864,8.213993989,2.105839284,1125,Severe,4028892.703,15.20900213,48.0473236,37.6694124
Donetsk,2022,November,11/1/22,10,0.173338518,0.173338518,-1.752508845,0.430752257,0.402408844,-0.910286682,NA,NA,NA,NA,32644783,397428864,8.213993989,2.105839284,1036,Severe,4028892.703,15.20900213,48.0473236,37.6694124
Donetsk,2022,December,12/1/22,11,0.266709983,0.266709983,-1.321593417,0.563416104,0.47338012,-0.747856577,0.170053393,1.568389659,0.450049398,1,32644783,397428864,8.213993989,2.105839284,1126,Severe,4028892.703,15.20900213,48.0473236,37.6694124
Donetsk,2023,January,1/1/23,12,0.5678581,0.5678581,-0.565883715,0.743066624,0.764208863,-0.268914146,0.170053393,3.339292971,1.205759099,2,30958715,397428864,7.789750017,2.052808769,1131,Severe,3992971.883,15.20004634,48.0473236,37.6694124
Donetsk,2023,February,2/1/23,13,0.58760643,0.58760643,-0.531697892,0.558081101,1.052905087,0.051553093,0.170053393,3.455423145,1.239944923,3,30958715,397428864,7.789750017,2.052808769,1111,Severe,3992971.883,15.20004634,48.0473236,37.6694124
Donetsk,2023,March,3/1/23,14,0.248707816,0.248707816,-1.391476501,0.39888225,0.623511866,-0.472387483,0.170053393,1.462527807,0.380166313,4,30958715,397428864,7.789750017,2.052808769,1093,Severe,3992971.883,15.20004634,48.0473236,37.6694124
Donetsk,2023,April,4/1/23,15,0.419589132,0.419589132,-0.868479304,0.43936647,0.954986693,-0.046057873,0.170053393,2.467396414,0.903163511,5,30958715,397428864,7.789750017,2.052808769,1269,Severe,3992971.883,15.20004634,48.0473236,37.6694124
Donetsk,2023,May,5/1/23,16,0.411782801,0.411782801,-0.887259251,0.513540625,0.801850488,-0.220833112,0.170053393,2.421491237,0.884383564,6,30958715,397428864,7.789750017,2.052808769,1464,Severe,3992971.883,15.20004634,48.0473236,37.6694124
Donetsk,2023,June,6/1/23,17,NA,0.40873006,-0.894700341,0.561038117,0.728524583,-0.316733909,0.170053393,2.403539575,0.876942474,7,30958715,397428864,7.789750017,2.052808769,1383,Severe,3992971.883,15.20004634,48.0473236,37.6694124
Donetsk,2023,July,7/1/23,18,0.405677319,0.405677319,-0.902197216,0.608535608,0.666645162,-0.405497366,0.170053393,2.385587914,0.869445599,8,30958715,397428864,7.789750017,2.052808769,1217,Severe,3992971.883,15.20004634,48.0473236,37.6694124
Donetsk,2023,August,8/1/23,19,0.243565395,0.243565395,-1.41236981,0.471212362,0.516890927,-0.6599234,0.170053393,1.43228777,0.359273005,9,30958715,397428864,7.789750017,2.052808769,1488,Severe,3992971.883,15.20004634,48.0473236,37.6694124
Donetsk,2023,September,9/1/23,20,0.249489814,0.249489814,-1.38833719,0.422060897,0.591122788,-0.52573152,0.170053393,1.467126351,0.383305624,10,30958715,397428864,7.789750017,2.052808769,1361,Severe,3992971.883,15.20004634,48.0473236,37.6694124
Donetsk,2023,October,10/1/23,21,0.220620826,0.220620826,-1.51130977,0.42825822,0.515158415,-0.663280824,0.170053393,1.297362094,0.260333044,11,30958715,397428864,7.789750017,2.052808769,1147,Severe,3992971.883,15.20004634,48.0473236,37.6694124
Donetsk,2023,November,11/1/23,22,0.376280904,0.376280904,-0.977419329,0.430752257,0.873543661,-0.135197167,0.170053393,2.212722118,0.794223485,12,30958715,397428864,7.789750017,2.052808769,977,Severe,3992971.883,15.20004634,48.0473236,37.6694124
Donetsk,2023,December,12/1/23,23,0.431772143,0.431772143,-0.839857277,0.563416104,0.766346826,-0.266120436,0.170053393,2.539038683,0.931785538,13,30958715,397428864,7.789750017,2.052808769,909,Severe,3992971.883,15.20004634,48.0473236,37.6694124
Donetsk,2024,January,1/1/24,24,0.63048619,0.63048619,-0.461264027,0.743066624,0.84849214,-0.164294458,0.170053393,3.707577831,1.310378788,14,32350662,397428864,8.139988041,2.096788711,805,Severe,3957051.063,15.19100962,48.0473236,37.6694124
Donetsk,2024,February,2/1/24,25,0.230303615,0.230303615,-1.468356775,0.558081101,0.412670515,-0.885105789,0.170053393,1.354301793,0.30328604,15,32350662,397428864,8.139988041,2.096788711,828,Severe,3957051.063,15.19100962,48.0473236,37.6694124
Donetsk,2024,March,3/1/24,26,0.253604233,0.253604233,-1.371980365,0.39888225,0.63578721,-0.452891347,0.170053393,1.491321217,0.39966245,16,32350662,397428864,8.139988041,2.096788711,800,Severe,3957051.063,15.19100962,48.0473236,37.6694124
Donetsk,2024,April,4/1/24,27,0.25306797,0.25306797,-1.37409717,0.43936647,0.575983803,-0.551675738,0.170053393,1.488167719,0.397545644,17,32350662,397428864,8.139988041,2.096788711,666,Severe,3957051.063,15.19100962,48.0473236,37.6694124
Donetsk,2024,May,5/1/24,28,0.300525427,0.300525427,-1.202222913,0.513540625,0.585202829,-0.535796776,0.170053393,1.76724158,0.569419902,18,32350662,397428864,8.139988041,2.096788711,543,Severe,3957051.063,15.19100962,48.0473236,37.6694124
Donetsk,2024,June,6/1/24,29,NA,0.281561494,-1.267404404,0.561038117,0.501858048,-0.689437972,0.170053393,1.655724058,0.50423841,19,32350662,397428864,8.139988041,2.096788711,334,Severe,3957051.063,15.19100962,48.0473236,37.6694124
Ivano-Frankivsk,2022,February,2/1/22,1,0.374690354,0.374690354,-0.981655317,0.430530777,0.870298651,-0.138918849,NA,NA,NA,NA,15293484,209129254,7.312933847,1.98964454,2,Low,1355998.743,14.12004882,48.7051007,24.609296
Ivano-Frankivsk,2022,March,3/1/22,2,0.016992876,0.016992876,-4.074961082,0.188342725,0.090223161,-2.405469111,NA,NA,NA,NA,15293484,209129254,7.312933847,1.98964454,4,Medium,1355998.743,14.12004882,48.7051007,24.609296
Ivano-Frankivsk,2022,April,4/1/22,3,0.019603983,0.019603983,-3.932022519,0.197853103,0.099083525,-2.311792098,NA,NA,NA,NA,15293484,209129254,7.312933847,1.98964454,0,None,1355998.743,14.12004882,48.7051007,24.609296
Ivano-Frankivsk,2022,May,5/1/22,4,0.07788486,0.07788486,-2.552523697,0.259683033,0.299922791,-1.204230201,0.01829843,4.256368443,1.448416319,1,15293484,209129254,7.312933847,1.98964454,0,None,1355998.743,14.12004882,48.7051007,24.609296
Ivano-Frankivsk,2022,June,6/1/22,5,NA,0.061332429,-2.791446555,0.251389529,0.243973682,-1.41069492,0.01829843,3.35178641,1.20949346,2,15293484,209129254,7.312933847,1.98964454,0,None,1355998.743,14.12004882,48.7051007,24.609296
Ivano-Frankivsk,2022,July,7/1/22,6,0.044779997,0.044779997,-3.105993735,0.243096024,0.184207032,-1.69169498,0.01829843,2.447204323,0.89494628,3,15293484,209129254,7.312933847,1.98964454,0,None,1355998.743,14.12004882,48.7051007,24.609296
Ivano-Frankivsk,2022,August,8/1/22,7,0.117086485,0.117086485,-2.144842429,0.268842635,0.435520523,-0.831213359,0.01829843,6.39871754,1.856097586,4,15293484,209129254,7.312933847,1.98964454,0,None,1355998.743,14.12004882,48.7051007,24.609296
Ivano-Frankivsk,2022,September,9/1/22,8,0.051010344,0.051010344,-2.975726843,0.293023716,0.174082647,-1.74822511,0.01829843,2.787689654,1.025213172,5,15293484,209129254,7.312933847,1.98964454,0,None,1355998.743,14.12004882,48.7051007,24.609296
Ivano-Frankivsk,2022,October,10/1/22,9,0.012343625,0.012343625,-4.394615544,0.174959217,0.070551442,-2.651413161,0.01829843,0.674572901,-0.393675528,6,15293484,209129254,7.312933847,1.98964454,2,Low,1355998.743,14.12004882,48.7051007,24.609296
Ivano-Frankivsk,2022,November,11/1/22,10,0.090294413,0.090294413,-2.404679692,0.236379231,0.381989622,-0.962361838,0.01829843,4.934544275,1.596260323,7,15293484,209129254,7.312933847,1.98964454,0,None,1355998.743,14.12004882,48.7051007,24.609296
Ivano-Frankivsk,2022,December,12/1/22,11,0.07846038,0.07846038,-2.545161495,0.419856409,0.186874318,-1.677318984,0.01829843,4.287820321,1.45577852,8,15293484,209129254,7.312933847,1.98964454,2,Low,1355998.743,14.12004882,48.7051007,24.609296
Ivano-Frankivsk,2023,January,1/1/23,12,0.408146769,0.408146769,-0.896128441,0.451573443,0.903832533,-0.101111187,0.01829843,22.30501573,3.104811574,9,14244730,209129254,6.811447814,1.918604699,1,Low,1353707.469,14.11835766,48.7051007,24.609296
Ivano-Frankivsk,2023,February,2/1/23,13,0.355123192,0.355123192,-1.03529053,0.430530777,0.824849723,-0.192554063,0.01829843,19.40730391,2.965649485,10,14244730,209129254,6.811447814,1.918604699,0,None,1353707.469,14.11835766,48.7051007,24.609296
Ivano-Frankivsk,2023,March,3/1/23,14,0.162644967,0.162644967,-1.81618557,0.188342725,0.86355853,-0.146693601,0.01829843,8.888465677,2.184754445,11,14244730,209129254,6.811447814,1.918604699,1,Low,1353707.469,14.11835766,48.7051007,24.609296
Ivano-Frankivsk,2023,April,4/1/23,15,0.388052523,0.388052523,-0.94661458,0.197853103,1.961316332,0.673615846,0.01829843,21.20687529,3.054325435,12,14244730,209129254,6.811447814,1.918604699,0,None,1353707.469,14.11835766,48.7051007,24.609296
Ivano-Frankivsk,2023,May,5/1/23,16,0.251644939,0.251644939,-1.379736157,0.259683033,0.969046518,-0.031442662,0.01829843,13.7522694,2.621203858,13,14244730,209129254,6.811447814,1.918604699,0,None,1353707.469,14.11835766,48.7051007,24.609296
Ivano-Frankivsk,2023,June,6/1/23,17,NA,0.426594988,-0.851920222,0.251389529,1.69694812,0.528831414,0.01829843,23.31320162,3.149019793,14,14244730,209129254,6.811447814,1.918604699,0,None,1353707.469,14.11835766,48.7051007,24.609296
Ivano-Frankivsk,2023,July,7/1/23,18,0.601545036,0.601545036,-0.508253874,0.243096024,2.474516148,0.906044881,0.01829843,32.87413379,3.492686142,15,14244730,209129254,6.811447814,1.918604699,0,None,1353707.469,14.11835766,48.7051007,24.609296
Ivano-Frankivsk,2023,August,8/1/23,19,0.074308395,0.074308395,-2.599531346,0.268842635,0.276401081,-1.285902276,0.01829843,4.060916428,1.401408669,16,14244730,209129254,6.811447814,1.918604699,1,Low,1353707.469,14.11835766,48.7051007,24.609296
Ivano-Frankivsk,2023,September,9/1/23,20,0.031126441,0.031126441,-3.469697628,0.293023716,0.106224989,-2.242195897,0.01829843,1.701044352,0.531242387,17,14244730,209129254,6.811447814,1.918604699,0,None,1353707.469,14.11835766,48.7051007,24.609296
Ivano-Frankivsk,2023,October,10/1/23,21,0.045458574,0.045458574,-3.090953829,0.174959217,0.25982383,-1.347751455,0.01829843,2.484288215,0.909986186,18,14244730,209129254,6.811447814,1.918604699,0,None,1353707.469,14.11835766,48.7051007,24.609296
Ivano-Frankivsk,2023,November,11/1/23,22,0.252343237,0.252343237,-1.376965067,0.236379231,1.06753557,0.065352786,0.01829843,13.79043104,2.623974949,19,14244730,209129254,6.811447814,1.918604699,2,Low,1353707.469,14.11835766,48.7051007,24.609296
Ivano-Frankivsk,2023,December,12/1/23,23,0.287743241,0.287743241,-1.245686721,0.419856409,0.68533726,-0.377844212,0.01829843,15.72502346,2.755253294,20,14244730,209129254,6.811447814,1.918604699,0,None,1353707.469,14.11835766,48.7051007,24.609296
Ivano-Frankivsk,2024,January,1/1/24,24,0.436435044,0.436435044,-0.829115726,0.451573443,0.96647633,-0.034098471,0.01829843,23.85095574,3.171824289,21,14763024,209129254,7.059282103,1.954343361,0,None,1351416.195,14.11666363,48.7051007,24.609296
Ivano-Frankivsk,2024,February,2/1/24,25,0.055890057,0.055890057,-2.884368786,0.430530777,0.129816636,-2.041632317,0.01829843,3.054363516,1.116571229,22,14763024,209129254,7.059282103,1.954343361,1,Low,1351416.195,14.11666363,48.7051007,24.609296
Ivano-Frankivsk,2024,March,3/1/24,26,0.101568677,0.101568677,-2.287020089,0.188342725,0.539275817,-0.617528119,0.01829843,5.550677135,1.713919927,23,14763024,209129254,7.059282103,1.954343361,2,Low,1351416.195,14.11666363,48.7051007,24.609296
Ivano-Frankivsk,2024,April,4/1/24,27,0.054858703,0.054858703,-2.902994436,0.197853103,0.277269864,-1.282764009,0.01829843,2.998000539,1.097945579,24,14763024,209129254,7.059282103,1.954343361,2,Low,1351416.195,14.11666363,48.7051007,24.609296
Ivano-Frankivsk,2024,May,5/1/24,28,0.093712367,0.093712367,-2.367525113,0.259683033,0.360872121,-1.019231619,0.01829843,5.121333743,1.633414902,25,14763024,209129254,7.059282103,1.954343361,1,Low,1351416.195,14.11666363,48.7051007,24.609296
Ivano-Frankivsk,2024,June,6/1/24,29,NA,0.189741079,-1.662094878,0.251389529,0.754769222,-0.281343243,0.01829843,10.36925458,2.338845137,26,14763024,209129254,7.059282103,1.954343361,1,Low,1351416.195,14.11666363,48.7051007,24.609296
Kharkiv,2022,February,2/1/22,1,0.34007984,0.340079844,-1.078574854,0.431381911,0.788349802,-0.237813376,NA,NA,NA,NA,22441927,484433702,4.632610594,1.533120552,24,High,2598143.815,14.77030783,49.6127608,36.5144057
Kharkiv,2022,March,3/1/22,2,0.09484836,0.094848365,-2.35547582,0.243712381,0.389181562,-0.943709304,NA,NA,NA,NA,22441927,484433702,4.632610594,1.533120552,168,Severe,2598143.815,14.77030783,49.6127608,36.5144057
Kharkiv,2022,April,4/1/22,3,0.01941338,0.019413382,-3.941792657,0.234866277,0.082657171,-2.493053695,NA,NA,NA,NA,22441927,484433702,4.632610594,1.533120552,230,Severe,2598143.815,14.77030783,49.6127608,36.5144057
Kharkiv,2022,May,5/1/22,4,0.04686772,0.046867721,-3.060426092,0.309107478,0.151622734,-1.886359857,NA,NA,NA,NA,22441927,484433702,4.632610594,1.533120552,437,Severe,2598143.815,14.77030783,49.6127608,36.5144057
Kharkiv,2022,June,6/1/22,5,NA,0.051639166,-2.963474863,0.342771255,0.150651973,-1.892782917,NA,NA,NA,NA,22441927,484433702,4.632610594,1.533120552,668,Severe,2598143.815,14.77030783,49.6127608,36.5144057
Kharkiv,2022,July,7/1/22,6,0.05641061,0.056410611,-2.875098,0.376435032,0.149854839,-1.898088193,NA,NA,NA,NA,22441927,484433702,4.632610594,1.533120552,870,Severe,2598143.815,14.77030783,49.6127608,36.5144057
Kharkiv,2022,August,8/1/22,7,0.2125522,0.212552205,-1.54856765,0.302818358,0.701913207,-0.353945519,NA,NA,NA,NA,22441927,484433702,4.632610594,1.533120552,946,Severe,2598143.815,14.77030783,49.6127608,36.5144057
Kharkiv,2022,September,9/1/22,8,0.01281641,0.012816406,-4.35702921,0.254288917,0.050400962,-2.987745017,NA,NA,NA,NA,22441927,484433702,4.632610594,1.533120552,608,Severe,2598143.815,14.77030783,49.6127608,36.5144057
Kharkiv,2022,October,10/1/22,9,0.005717,0.005717004,-5.164310387,0.247123018,0.023134243,-3.766441378,NA,NA,NA,NA,22441927,484433702,4.632610594,1.533120552,514,Severe,2598143.815,14.77030783,49.6127608,36.5144057
Kharkiv,2022,November,11/1/22,10,0.03048469,0.030484686,-3.49053082,0.286096096,0.106554009,-2.239103296,0.009266705,3.289700708,1.19079659,1,22441927,484433702,4.632610594,1.533120552,586,Severe,2598143.815,14.77030783,49.6127608,36.5144057
Kharkiv,2022,December,12/1/22,11,0.13169335,0.131693348,-2.02727918,0.388183355,0.339255525,-1.081001694,0.009266705,14.21145359,2.65404823,2,22441927,484433702,4.632610594,1.533120552,666,Severe,2598143.815,14.77030783,49.6127608,36.5144057
Kharkiv,2023,January,1/1/23,12,0.51780331,0.517803311,-0.658159817,0.443525516,1.167471302,0.15484013,0.009266705,55.87782399,4.023167593,3,23072540,484433702,4.762785889,1.560832768,668,Severe,2584159.993,14.76491106,49.6127608,36.5144057
Kharkiv,2023,February,2/1/23,13,0.26563379,0.265633792,-1.325636641,0.431381911,0.615774063,-0.484875164,0.009266705,28.66539854,3.35569077,4,23072540,484433702,4.762785889,1.560832768,573,Severe,2584159.993,14.76491106,49.6127608,36.5144057
Kharkiv,2023,March,3/1/23,14,0.05312384,0.053123835,-2.935129581,0.243712381,0.21797758,-1.523363066,0.009266705,5.732764235,1.746197829,5,23072540,484433702,4.762785889,1.560832768,561,Severe,2584159.993,14.76491106,49.6127608,36.5144057
Kharkiv,2023,April,4/1/23,15,0.14686719,0.146867186,-1.918226597,0.234866277,0.62532258,-0.469487634,0.009266705,15.84891134,2.763100813,6,23072540,484433702,4.762785889,1.560832768,553,Severe,2584159.993,14.76491106,49.6127608,36.5144057
Kharkiv,2023,May,5/1/23,16,0.22724301,0.227243006,-1.481735323,0.309107478,0.735158553,-0.307669085,0.009266705,24.5225251,3.199592087,7,23072540,484433702,4.762785889,1.560832768,704,Severe,2584159.993,14.76491106,49.6127608,36.5144057
Kharkiv,2023,June,6/1/23,17,NA,0.248617605,-1.391839286,0.342771255,0.725316378,-0.321147336,0.009266705,26.82912697,3.289488125,8,23072540,484433702,4.762785889,1.560832768,693,Severe,2584159.993,14.76491106,49.6127608,36.5144057
Kharkiv,2023,July,7/1/23,18,0.2699922,0.269992203,-1.309362198,0.376435032,0.71723453,-0.332352393,0.009266705,29.13572872,3.371965212,9,23072540,484433702,4.762785889,1.560832768,478,Severe,2584159.993,14.76491106,49.6127608,36.5144057
Kharkiv,2023,August,8/1/23,19,0.01805947,0.01805947,-4.014085078,0.302818358,0.059637963,-2.819462945,0.009266705,1.948855607,0.667242332,10,23072540,484433702,4.762785889,1.560832768,520,Severe,2584159.993,14.76491106,49.6127608,36.5144057
Kharkiv,2023,September,9/1/23,20,0.01832502,0.018325018,-3.999488049,0.254288917,0.07206377,-2.630203858,0.009266705,1.977511748,0.681839361,11,23072540,484433702,4.762785889,1.560832768,454,Severe,2584159.993,14.76491106,49.6127608,36.5144057
Kharkiv,2023,October,10/1/23,21,0.01548679,0.015486787,-4.16776807,0.247123018,0.062668331,-2.769899047,0.009266705,1.671229094,0.51355934,12,23072540,484433702,4.762785889,1.560832768,330,Severe,2584159.993,14.76491106,49.6127608,36.5144057
Kharkiv,2023,November,11/1/23,22,0.25227496,0.25227496,-1.377235675,0.286096096,0.881784,-0.125808151,0.009266705,27.22380393,3.304091735,13,23072540,484433702,4.762785889,1.560832768,281,Severe,2584159.993,14.76491106,49.6127608,36.5144057
Kharkiv,2023,December,12/1/23,23,0.2425565,0.242556497,-1.416520618,0.388183355,0.624850328,-0.470243133,0.009266705,26.17505327,3.264806792,14,23072540,484433702,4.762785889,1.560832768,299,Severe,2584159.993,14.76491106,49.6127608,36.5144057
Kharkiv,2024,January,1/1/24,24,0.40873873,0.408738732,-0.894679124,0.443525516,0.921567571,-0.081679177,0.009266705,44.1083138,3.786648286,15,21704280,484433702,4.480340635,1.499699078,354,Severe,2570176.17,14.759485,49.6127608,36.5144057
Kharkiv,2024,February,2/1/24,25,0.06724732,0.067247324,-2.699378053,0.431381911,0.155888141,-1.858616574,0.009266705,7.256875448,1.981949357,16,21704280,484433702,4.480340635,1.499699078,341,Severe,2570176.17,14.759485,49.6127608,36.5144057
Kharkiv,2024,March,3/1/24,26,0.04844539,0.048445389,-3.027318115,0.243712381,0.198780993,-1.615551598,0.009266705,5.22789805,1.654009295,17,21704280,484433702,4.480340635,1.499699078,372,Severe,2570176.17,14.759485,49.6127608,36.5144057
Kharkiv,2024,April,4/1/24,27,0.03778734,0.037787344,-3.275781047,0.234866277,0.16088876,-1.827042084,0.009266705,4.077754067,1.405546363,18,21704280,484433702,4.480340635,1.499699078,318,Severe,2570176.17,14.759485,49.6127608,36.5144057
Kharkiv,2024,May,5/1/24,28,0.05441495,0.054414947,-2.911116402,0.309107478,0.176038922,-1.737050161,0.009266705,5.872092292,1.770211008,19,21704280,484433702,4.480340635,1.499699078,235,Severe,2570176.17,14.759485,49.6127608,36.5144057
Kharkiv,2024,June,6/1/24,29,NA,0.043275426,-3.140170334,0.342771255,0.126251619,-2.069478387,0.009266705,4.669990682,1.541157076,20,21704280,484433702,4.480340635,1.499699078,182,Severe,2570176.17,14.759485,49.6127608,36.5144057
Kherson,2022,February,2/1/22,1,0.137456283,0.137456283,-1.984449354,0.185890789,0.739446445,-0.30185342,NA,NA,NA,NA,12467385,372063974,3.350871321,1.209220408,6,Medium,1006520.267,13.82200966,46.6607397,33.5731612
Kherson,2022,March,3/1/22,2,0.066577569,0.066577569,-2.70938756,0.106003227,0.628071153,-0.465101818,NA,NA,NA,NA,12467385,372063974,3.350871321,1.209220408,29,High,1006520.267,13.82200966,46.6607397,33.5731612
Kherson,2022,April,4/1/22,3,0.08092165,0.08092165,-2.514273876,0.122077882,0.662869053,-0.411177815,NA,NA,NA,NA,12467385,372063974,3.350871321,1.209220408,48,High,1006520.267,13.82200966,46.6607397,33.5731612
Kherson,2022,May,5/1/22,4,0.08744403,0.08744403,-2.436756347,0.125928722,0.694393053,-0.36471712,NA,NA,NA,NA,12467385,372063974,3.350871321,1.209220408,93,High,1006520.267,13.82200966,46.6607397,33.5731612
Kherson,2022,June,6/1/22,5,0.122841105,0.080779985,-2.516026055,0.127636654,0.632890181,-0.457458362,NA,NA,NA,NA,12467385,372063974,3.350871321,1.209220408,108,High,1006520.267,13.82200966,46.6607397,33.5731612
Kherson,2022,July,7/1/22,6,0.074115939,0.074115939,-2.602124669,0.129344585,0.573011533,-0.556849435,NA,NA,NA,NA,12467385,372063974,3.350871321,1.209220408,267,Severe,1006520.267,13.82200966,46.6607397,33.5731612
Kherson,2022,August,8/1/22,7,0.076169498,0.076169498,-2.574794185,0.131763386,0.578077872,-0.548046693,NA,NA,NA,NA,12467385,372063974,3.350871321,1.209220408,414,Severe,1006520.267,13.82200966,46.6607397,33.5731612
Kherson,2022,September,9/1/22,8,0.076920919,0.076920919,-2.564977411,0.112020217,0.68666997,-0.375901495,NA,NA,NA,NA,12467385,372063974,3.350871321,1.209220408,411,Severe,1006520.267,13.82200966,46.6607397,33.5731612
Kherson,2022,October,10/1/22,9,0.059675965,0.059675965,-2.818825936,0.11025542,0.541251986,-0.61387033,NA,NA,NA,NA,12467385,372063974,3.350871321,1.209220408,275,Severe,1006520.267,13.82200966,46.6607397,33.5731612
Kherson,2022,November,11/1/22,10,0.093639195,0.093639195,-2.368306233,0.16332307,0.573337222,-0.556281215,NA,NA,NA,NA,12467385,372063974,3.350871321,1.209220408,381,Severe,1006520.267,13.82200966,46.6607397,33.5731612
Kherson,2022,December,12/1/22,11,0.213800013,0.213800013,-1.54271422,0.200231502,1.067764116,0.065566851,NA,NA,NA,NA,12467385,372063974,3.350871321,1.209220408,328,Severe,1006520.267,13.82200966,46.6607397,33.5731612
Kherson,2023,January,1/1/23,12,0.224861234,0.224861234,-1.492271805,0.203511745,1.104905441,0.099759758,NA,NA,NA,NA,12834019,372063974,3.449411901,1.238203753,364,Severe,999089.3408,13.81459948,46.6607397,33.5731612
Kherson,2023,February,2/1/23,13,0.12547642,0.12547642,-2.075637427,0.185890789,0.675000739,-0.393041493,NA,NA,NA,NA,12834019,372063974,3.449411901,1.238203753,408,Severe,999089.3408,13.81459948,46.6607397,33.5731612
Kherson,2023,March,3/1/23,14,0.070714965,0.070714965,-2.649098059,0.106003227,0.667102002,-0.404812318,NA,NA,NA,NA,12834019,372063974,3.449411901,1.238203753,488,Severe,999089.3408,13.81459948,46.6607397,33.5731612
Kherson,2023,April,4/1/23,15,0.193475634,0.193475634,-1.642603697,0.122077882,1.584854118,0.460492364,NA,NA,NA,NA,12834019,372063974,3.449411901,1.238203753,392,Severe,999089.3408,13.81459948,46.6607397,33.5731612
Kherson,2023,May,5/1/23,16,0.136781693,0.136781693,-1.989369106,0.125928722,1.086183441,0.082670122,NA,NA,NA,NA,12834019,372063974,3.449411901,1.238203753,375,Severe,999089.3408,13.81459948,46.6607397,33.5731612
Kherson,2023,June,6/1/23,17,0.595847309,0.112749286,-2.182588633,0.127636654,0.883361342,-0.124020941,NA,NA,NA,NA,12834019,372063974,3.449411901,1.238203753,423,Severe,999089.3408,13.81459948,46.6607397,33.5731612
Kherson,2023,July,7/1/23,18,0.088716879,0.088716879,-2.422305115,0.129344585,0.685895579,-0.37702988,NA,NA,NA,NA,12834019,372063974,3.449411901,1.238203753,297,Severe,999089.3408,13.81459948,46.6607397,33.5731612
Kherson,2023,August,8/1/23,19,0.07370095,0.07370095,-2.60773959,0.131763386,0.559343168,-0.580992098,NA,NA,NA,NA,12834019,372063974,3.449411901,1.238203753,368,Severe,999089.3408,13.81459948,46.6607397,33.5731612
Kherson,2023,September,9/1/23,20,0.039315838,0.039315838,-3.236127839,0.112020217,0.350970914,-1.047051925,NA,NA,NA,NA,12834019,372063974,3.449411901,1.238203753,332,Severe,999089.3408,13.81459948,46.6607397,33.5731612
Kherson,2023,October,10/1/23,21,0.034439541,0.034439541,-3.368549927,0.11025542,0.312361433,-1.163594323,NA,NA,NA,NA,12834019,372063974,3.449411901,1.238203753,334,Severe,999089.3408,13.81459948,46.6607397,33.5731612
Kherson,2023,November,11/1/23,22,0.146582067,0.146582067,-1.920169823,0.16332307,0.897497624,-0.108144806,NA,NA,NA,NA,12834019,372063974,3.449411901,1.238203753,268,Severe,999089.3408,13.81459948,46.6607397,33.5731612
Kherson,2023,December,12/1/23,23,0.210537374,0.210537374,-1.558092093,0.200231502,1.051469781,0.050188977,NA,NA,NA,NA,12834019,372063974,3.449411901,1.238203753,206,Severe,999089.3408,13.81459948,46.6607397,33.5731612
Kherson,2024,January,1/1/24,24,0.156083167,0.156083167,-1.857366292,0.203511745,0.766949186,-0.26533473,NA,NA,NA,NA,11225406,372063974,3.017063404,1.104283976,270,Severe,991658.415,13.80713399,46.6607397,33.5731612
Kherson,2024,February,2/1/24,25,0.055913005,0.055913005,-2.883958278,0.185890789,0.300784161,-1.201362345,NA,NA,NA,NA,11225406,372063974,3.017063404,1.104283976,269,Severe,991658.415,13.80713399,46.6607397,33.5731612
Kherson,2024,March,3/1/24,26,0.026071934,0.026071934,-3.646895869,0.106003227,0.245954154,-1.402610126,NA,NA,NA,NA,11225406,372063974,3.017063404,1.104283976,318,Severe,991658.415,13.80713399,46.6607397,33.5731612
Kherson,2024,April,4/1/24,27,0.02882251,0.02882251,-3.5465986,0.122077882,0.236099362,-1.443502537,NA,NA,NA,NA,11225406,372063974,3.017063404,1.104283976,377,Severe,991658.415,13.80713399,46.6607397,33.5731612
Kherson,2024,May,5/1/24,28,0.022054533,0.022054533,-3.81423712,0.125928722,0.175135049,-1.742197894,NA,NA,NA,NA,11225406,372063974,3.017063404,1.104283976,270,Severe,991658.415,13.80713399,46.6607397,33.5731612
Kherson,2024,June,6/1/24,29,0.036804941,0.036804941,-3.302123177,0.127636654,0.288357144,-1.243555484,0.025438522,1.446819159,0.369367463,1,11225406,372063974,3.017063404,1.104283976,189,Severe,991658.415,13.80713399,46.6607397,33.5731612
Khmelnytskyi,2022,February,2/1/22,1,0.250957817,0.250957817,-1.382470414,0.275317614,0.91152111,-0.092640526,NA,NA,NA,NA,16833517,319085289,5.275554085,1.663083714,0,None,1230481.72,14.02291629,49.509022,26.9303039
Khmelnytskyi,2022,March,3/1/22,2,0.070746794,0.070746794,-2.648648058,0.122959522,0.575366534,-0.552747991,NA,NA,NA,NA,16833517,319085289,5.275554085,1.663083714,4,Medium,1230481.72,14.02291629,49.509022,26.9303039
Khmelnytskyi,2022,April,4/1/22,3,0.065387748,0.065387748,-2.727420378,0.136331491,0.479623215,-0.734754452,NA,NA,NA,NA,16833517,319085289,5.275554085,1.663083714,6,Medium,1230481.72,14.02291629,49.509022,26.9303039
Khmelnytskyi,2022,May,5/1/22,4,0.087454237,0.087454237,-2.436639628,0.211989904,0.412539631,-0.885423003,0.068067271,1.284820674,0.250619155,1,16833517,319085289,5.275554085,1.663083714,0,None,1230481.72,14.02291629,49.509022,26.9303039
Khmelnytskyi,2022,June,6/1/22,5,NA,0.099364881,-2.308956538,0.212191895,0.4682784,-0.758692288,0.068067271,1.459804096,0.378302246,2,16833517,319085289,5.275554085,1.663083714,0,None,1230481.72,14.02291629,49.509022,26.9303039
Khmelnytskyi,2022,July,7/1/22,6,0.111275524,0.111275524,-2.195745955,0.212393885,0.523911148,-0.646433174,0.068067271,1.634787503,0.491512828,3,16833517,319085289,5.275554085,1.663083714,2,Low,1230481.72,14.02291629,49.509022,26.9303039
Khmelnytskyi,2022,August,8/1/22,7,0.186691612,0.186691612,-1.678297157,0.149109756,1.252041563,0.224775469,0.068067271,2.742751535,1.008961626,4,16833517,319085289,5.275554085,1.663083714,1,Low,1230481.72,14.02291629,49.509022,26.9303039
Khmelnytskyi,2022,September,9/1/22,8,0.113201521,0.113201521,-2.178585677,0.128953122,0.877850179,-0.130279339,0.068067271,1.663082996,0.508673106,5,16833517,319085289,5.275554085,1.663083714,0,None,1230481.72,14.02291629,49.509022,26.9303039
Khmelnytskyi,2022,October,10/1/22,9,0.060360856,0.060360856,-2.807414464,0.12770271,0.472666992,-0.749364172,0.068067271,0.886782372,-0.12015568,6,16833517,319085289,5.275554085,1.663083714,5,Medium,1230481.72,14.02291629,49.509022,26.9303039
Khmelnytskyi,2022,November,11/1/22,10,0.155204117,0.155204117,-1.863014145,0.18046774,0.860010311,-0.1508109,0.068067271,2.280157772,0.824244639,7,16833517,319085289,5.275554085,1.663083714,2,Low,1230481.72,14.02291629,49.509022,26.9303039
Khmelnytskyi,2022,December,12/1/22,11,0.098793052,0.098793052,-2.314728001,0.216723864,0.455847593,-0.785596751,0.068067271,1.451403157,0.372530783,8,16833517,319085289,5.275554085,1.663083714,1,Low,1230481.72,14.02291629,49.509022,26.9303039
Khmelnytskyi,2023,January,1/1/23,12,0.460840851,0.460840851,-0.774702521,0.239010357,1.928120847,0.656545874,0.068067271,6.770373547,1.912556262,9,19153272,319085289,6.002555636,1.792185318,0,None,1221811.596,14.01584523,49.509022,26.9303039
Khmelnytskyi,2023,February,2/1/23,13,0.322992831,0.322992831,-1.130125151,0.275317614,1.173164427,0.159704736,0.068067271,4.745200245,1.557133632,10,19153272,319085289,6.002555636,1.792185318,3,Medium,1221811.596,14.01584523,49.509022,26.9303039
Khmelnytskyi,2023,March,3/1/23,14,0.187674373,0.187674373,-1.673046876,0.122959522,1.526310203,0.422853191,0.068067271,2.757189619,1.014211907,11,19153272,319085289,6.002555636,1.792185318,0,None,1221811.596,14.01584523,49.509022,26.9303039
Khmelnytskyi,2023,April,4/1/23,15,0.213474751,0.213474751,-1.544236716,0.136331491,1.565850629,0.448429209,0.068067271,3.136231964,1.143022068,12,19153272,319085289,6.002555636,1.792185318,0,None,1221811.596,14.01584523,49.509022,26.9303039
Khmelnytskyi,2023,May,5/1/23,16,0.446068496,0.446068496,-0.80728276,0.211989904,2.104196883,0.743933866,0.068067271,6.553347732,1.879976023,13,19153272,319085289,6.002555636,1.792185318,3,Medium,1221811.596,14.01584523,49.509022,26.9303039
Khmelnytskyi,2023,June,6/1/23,17,NA,0.600948141,-0.509246636,0.212191895,2.832097531,1.041017614,0.068067271,8.828738572,2.178012147,14,19153272,319085289,6.002555636,1.792185318,3,Medium,1221811.596,14.01584523,49.509022,26.9303039
Khmelnytskyi,2023,July,7/1/23,18,0.755827785,0.755827785,-0.279941726,0.212393885,3.558613687,1.269371055,0.068067271,11.1041294,2.407317057,15,19153272,319085289,6.002555636,1.792185318,0,None,1221811.596,14.01584523,49.509022,26.9303039
Khmelnytskyi,2023,August,8/1/23,19,0.16525808,0.16525808,-1.800246906,0.149109756,1.108298239,0.102825721,0.068067271,2.427864046,0.887011877,16,19153272,319085289,6.002555636,1.792185318,5,Medium,1221811.596,14.01584523,49.509022,26.9303039
Khmelnytskyi,2023,September,9/1/23,20,0.093563363,0.093563363,-2.369116393,0.128953122,0.725561055,-0.320810054,0.068067271,1.374571973,0.31814239,17,19153272,319085289,6.002555636,1.792185318,3,Medium,1221811.596,14.01584523,49.509022,26.9303039
Khmelnytskyi,2023,October,10/1/23,21,0.118740983,0.118740983,-2.130810772,0.12770271,0.929823515,-0.07276048,0.068067271,1.744465163,0.556448012,18,19153272,319085289,6.002555636,1.792185318,8,High,1221811.596,14.01584523,49.509022,26.9303039
Khmelnytskyi,2023,November,11/1/23,22,0.209577262,0.209577262,-1.562662815,0.18046774,1.161300421,0.14954043,0.068067271,3.078972595,1.124595968,19,19153272,319085289,6.002555636,1.792185318,5,Medium,1221811.596,14.01584523,49.509022,26.9303039
Khmelnytskyi,2023,December,12/1/23,23,0.446873099,0.446873099,-0.80548062,0.216723864,2.061946894,0.723650631,0.068067271,6.565168435,1.881778164,20,19153272,319085289,6.002555636,1.792185318,9,High,1221811.596,14.01584523,49.509022,26.9303039
Khmelnytskyi,2024,January,1/1/24,24,0.283339202,0.283339202,-1.261110505,0.239010357,1.185468304,0.17013789,0.068067271,4.162634962,1.426148278,21,13984010,319085289,4.382530465,1.477626289,1,Low,1213141.473,14.00872381,49.509022,26.9303039
Khmelnytskyi,2024,February,2/1/24,25,0.122972302,0.122972302,-2.095796136,0.275317614,0.446656137,-0.805966249,0.068067271,1.806628945,0.591462647,22,13984010,319085289,4.382530465,1.477626289,3,Medium,1213141.473,14.00872381,49.509022,26.9303039
Khmelnytskyi,2024,March,3/1/24,26,0.137688801,0.137688801,-1.982759206,0.122959522,1.119789657,0.113140861,0.068067271,2.022834161,0.704499578,23,13984010,319085289,4.382530465,1.477626289,7,High,1213141.473,14.00872381,49.509022,26.9303039
Khmelnytskyi,2024,April,4/1/24,27,0.158862785,0.158862785,-1.839714437,0.136331491,1.165268449,0.152951489,0.068067271,2.333908539,0.847544347,24,13984010,319085289,4.382530465,1.477626289,2,Low,1213141.473,14.00872381,49.509022,26.9303039
Khmelnytskyi,2024,May,5/1/24,28,0.178382769,0.178382769,-1.72382365,0.211989904,0.841468227,-0.172607024,0.068067271,2.620683427,0.963435134,25,13984010,319085289,4.382530465,1.477626289,1,Low,1213141.473,14.00872381,49.509022,26.9303039
Khmelnytskyi,2024,June,6/1/24,29,NA,0.159720421,-1.834330361,0.212191895,0.75271688,-0.284066111,0.068067271,2.346508368,0.852928422,26,13984010,319085289,4.382530465,1.477626289,1,Low,1213141.473,14.00872381,49.509022,26.9303039
Kirovograd,2022,February,2/1/22,1,0.159815058,0.159815058,-1.83373802,0.225084076,0.71002383,-0.342456746,NA,NA,NA,NA,13071206,372677635,3.507376019,1.254868185,0,None,892349.0774,13.70161268,48.4608143,32.1071606
Kirovograd,2022,March,3/1/22,2,0.023945842,0.023945842,-3.731960582,0.098904312,0.242111204,-1.418358138,NA,NA,NA,NA,13071206,372677635,3.507376019,1.254868185,2,Low,892349.0774,13.70161268,48.4608143,32.1071606
Kirovograd,2022,April,4/1/22,3,0.03687403,0.03687403,-3.30024777,0.10674612,0.345436725,-1.062945793,NA,NA,NA,NA,13071206,372677635,3.507376019,1.254868185,4,Medium,892349.0774,13.70161268,48.4608143,32.1071606
Kirovograd,2022,May,5/1/22,4,0.026992241,0.026992241,-3.612205825,0.14864553,0.181587976,-1.706015026,NA,NA,NA,NA,13071206,372677635,3.507376019,1.254868185,2,Low,892349.0774,13.70161268,48.4608143,32.1071606
Kirovograd,2022,June,6/1/22,5,NA,0.031750969,-3.449832034,0.143150601,0.221801158,-1.505973983,NA,NA,NA,NA,13071206,372677635,3.507376019,1.254868185,0,None,892349.0774,13.70161268,48.4608143,32.1071606
Kirovograd,2022,July,7/1/22,6,0.036509696,0.036509696,-3.31017741,0.13765567,0.265224788,-1.327177556,NA,NA,NA,NA,13071206,372677635,3.507376019,1.254868185,5,Medium,892349.0774,13.70161268,48.4608143,32.1071606
Kirovograd,2022,August,8/1/22,7,0.08260233,0.08260233,-2.493717391,0.1584253,0.521396078,-0.6512453,NA,NA,NA,NA,13071206,372677635,3.507376019,1.254868185,1,Low,892349.0774,13.70161268,48.4608143,32.1071606
Kirovograd,2022,September,9/1/22,8,0.036244418,0.036244418,-3.317469896,0.176574163,0.205264561,-1.58345559,NA,NA,NA,NA,13071206,372677635,3.507376019,1.254868185,1,Low,892349.0774,13.70161268,48.4608143,32.1071606
Kirovograd,2022,October,10/1/22,9,0.015504979,0.015504979,-4.166594081,0.108790954,0.142520848,-1.948266988,NA,NA,NA,NA,13071206,372677635,3.507376019,1.254868185,3,Medium,892349.0774,13.70161268,48.4608143,32.1071606
Kirovograd,2022,November,11/1/22,10,0.197416291,0.197416291,-1.622440628,0.119739528,1.648714463,0.499995871,0.025874699,7.629703866,2.032049033,1,13071206,372677635,3.507376019,1.254868185,2,Low,892349.0774,13.70161268,48.4608143,32.1071606
Kirovograd,2022,December,12/1/22,11,0.245266095,0.245266095,-1.405411556,0.240790963,1.018585133,0.01841454,0.025874699,9.478993166,2.249078105,2,13071206,372677635,3.507376019,1.254868185,0,None,892349.0774,13.70161268,48.4608143,32.1071606
Kirovograd,2023,January,1/1/23,12,0.50198698,0.50198698,-0.689181096,0.191356026,2.623314202,0.964438481,0.025874699,19.40068868,2.965308564,3,12538900,372677635,3.364543193,1.213292201,0,None,881829.246,13.68975372,48.4608143,32.1071606
Kirovograd,2023,February,2/1/23,13,0.221913606,0.221913606,-1.505467135,0.225084076,0.985914284,-0.014185861,0.025874699,8.576471015,2.149022525,4,12538900,372677635,3.364543193,1.213292201,1,Low,881829.246,13.68975372,48.4608143,32.1071606
Kirovograd,2023,March,3/1/23,14,0.05589648,0.05589648,-2.88425387,0.098904312,0.565157161,-0.570651425,0.025874699,2.160275565,0.77023579,5,12538900,372677635,3.364543193,1.213292201,1,Low,881829.246,13.68975372,48.4608143,32.1071606
Kirovograd,2023,April,4/1/23,15,0.186649323,0.186649323,-1.678523701,0.10674612,1.748534969,0.558778277,0.025874699,7.21358432,1.97596596,6,12538900,372677635,3.364543193,1.213292201,0,None,881829.246,13.68975372,48.4608143,32.1071606
Kirovograd,2023,May,5/1/23,16,0.24400425,0.24400425,-1.410569636,0.14864553,1.641517572,0.495621163,0.025874699,9.430225642,2.243920024,7,12538900,372677635,3.364543193,1.213292201,2,Low,881829.246,13.68975372,48.4608143,32.1071606
Kirovograd,2023,June,6/1/23,17,NA,0.2707811,-1.306444534,0.143150601,1.891582003,0.637413518,0.025874699,10.46509179,2.348045127,8,12538900,372677635,3.364543193,1.213292201,4,Medium,881829.246,13.68975372,48.4608143,32.1071606
Kirovograd,2023,July,7/1/23,18,0.29755795,0.29755795,-1.212146283,0.13765567,2.161610555,0.770853571,0.025874699,11.49995793,2.442343377,9,12538900,372677635,3.364543193,1.213292201,3,Medium,881829.246,13.68975372,48.4608143,32.1071606
Kirovograd,2023,August,8/1/23,19,0.0708775,0.0708775,-2.646802244,0.1584253,0.447387507,-0.804330154,0.025874699,2.739258919,1.007687416,10,12538900,372677635,3.364543193,1.213292201,0,None,881829.246,13.68975372,48.4608143,32.1071606
Kirovograd,2023,September,9/1/23,20,0.046199605,0.046199605,-3.074784031,0.176574163,0.261644196,-1.340769729,0.025874699,1.785512751,0.579705629,11,12538900,372677635,3.364543193,1.213292201,2,Low,881829.246,13.68975372,48.4608143,32.1071606
Kirovograd,2023,October,10/1/23,21,0.050466508,0.050466508,-2.986445371,0.108790954,0.46388515,-0.768118279,0.025874699,1.950419133,0.668044289,12,12538900,372677635,3.364543193,1.213292201,4,Medium,881829.246,13.68975372,48.4608143,32.1071606
Kirovograd,2023,November,11/1/23,22,0.271674186,0.271674186,-1.303151776,0.119739528,2.268876379,0.819284722,0.025874699,10.49960759,2.351337884,13,12538900,372677635,3.364543193,1.213292201,5,Medium,881829.246,13.68975372,48.4608143,32.1071606
Kirovograd,2023,December,12/1/23,23,0.203193054,0.203193054,-1.593598747,0.240790963,0.843856644,-0.169772652,0.025874699,7.852963005,2.060890913,14,12538900,372677635,3.364543193,1.213292201,11,High,881829.246,13.68975372,48.4608143,32.1071606
Kirovograd,2024,January,1/1/24,24,0.42433846,0.42433846,-0.857223887,0.191356026,2.217533826,0.796395689,0.025874699,16.39974479,2.797265773,15,12126751,372677635,3.253951904,1.179870228,4,Medium,871309.4147,13.67775243,48.4608143,32.1071606
Kirovograd,2024,February,2/1/24,25,0.094212562,0.094212562,-2.362201752,0.225084076,0.418566091,-0.870920478,0.025874699,3.641107555,1.292287909,16,12126751,372677635,3.253951904,1.179870228,5,Medium,871309.4147,13.67775243,48.4608143,32.1071606
Kirovograd,2024,March,3/1/24,26,0.06039476,0.06039476,-2.806852933,0.098904312,0.610638293,-0.493250487,0.025874699,2.334124157,0.847636727,17,12126751,372677635,3.253951904,1.179870228,4,Medium,871309.4147,13.67775243,48.4608143,32.1071606
Kirovograd,2024,April,4/1/24,27,0.057980902,0.057980902,-2.847641599,0.10674612,0.543166367,-0.610339621,0.025874699,2.240833874,0.806848062,18,12126751,372677635,3.253951904,1.179870228,3,Medium,871309.4147,13.67775243,48.4608143,32.1071606
Kirovograd,2024,May,5/1/24,28,0.062178291,0.062178291,-2.777749359,0.14864553,0.418299096,-0.871558562,0.025874699,2.403053693,0.876740301,19,12126751,372677635,3.253951904,1.179870228,6,Medium,871309.4147,13.67775243,48.4608143,32.1071606
Kirovograd,2024,June,6/1/24,29,NA,0.045029395,-3.10043978,0.143150601,0.314559595,-1.15658173,0.025874699,1.740286718,0.55404988,20,12126751,372677635,3.253951904,1.179870228,0,None,871309.4147,13.67775243,48.4608143,32.1071606
Kyiv,2022,February,2/1/22,1,0.660168827,0.660168827,-0.415259678,0.819221675,0.805848828,-0.215859112,NA,NA,NA,NA,31570753,439476799,7.183713241,1.971816414,22,High,1625789.515,14.30150411,50.2970597,30.4756745
Kyiv,2022,March,3/1/22,2,0.051852074,0.051852074,-2.959360345,0.530329058,0.097773398,-2.325102743,NA,NA,NA,NA,31570753,439476799,7.183713241,1.971816414,170,Severe,1625789.515,14.30150411,50.2970597,30.4756745
Kyiv,2022,April,4/1/22,3,0.165714532,0.165714532,-1.797488658,0.567576239,0.291968762,-1.231108462,NA,NA,NA,NA,31570753,439476799,7.183713241,1.971816414,26,High,1625789.515,14.30150411,50.2970597,30.4756745
Kyiv,2022,May,5/1/22,4,0.13472122,0.13472122,-2.004547673,0.647525311,0.208055527,-1.569950278,0.108783303,1.238436564,0.213849749,1,31570753,439476799,7.183713241,1.971816414,6,Medium,1625789.515,14.30150411,50.2970597,30.4756745
Kyiv,2022,June,6/1/22,5,NA,0.128687921,-2.050365023,0.550457428,0.233783603,-1.453359365,0.108783303,1.182974937,0.168032399,2,31570753,439476799,7.183713241,1.971816414,2,Low,1625789.515,14.30150411,50.2970597,30.4756745
Kyiv,2022,July,7/1/22,6,NA,0.122654622,-2.098382825,0.453389545,0.270528121,-1.307379227,0.108783303,1.12751331,0.120014597,3,31570753,439476799,7.183713241,1.971816414,5,Medium,1625789.515,14.30150411,50.2970597,30.4756745
Kyiv,2022,August,8/1/22,7,0.116621323,0.116621323,-2.148823149,0.448220879,0.260187172,-1.346354015,0.108783303,1.072051682,0.069574272,4,31570753,439476799,7.183713241,1.971816414,2,Low,1625789.515,14.30150411,50.2970597,30.4756745
Kyiv,2022,September,9/1/22,8,0.319662482,0.319662482,-1.140489584,0.615723789,0.519165392,-0.655532772,0.108783303,2.938525244,1.077907838,5,31570753,439476799,7.183713241,1.971816414,0,None,1625789.515,14.30150411,50.2970597,30.4756745
Kyiv,2022,October,10/1/22,9,0.220733926,0.220733926,-1.510797258,0.675702056,0.326673456,-1.118794213,0.108783303,2.029115865,0.707600164,6,31570753,439476799,7.183713241,1.971816414,8,High,1625789.515,14.30150411,50.2970597,30.4756745
Kyiv,2022,November,11/1/22,10,0.360288173,0.360288173,-1.020851087,0.655117313,0.549959779,-0.597910133,0.108783303,3.311980452,1.197546334,7,31570753,439476799,7.183713241,1.971816414,6,Medium,1625789.515,14.30150411,50.2970597,30.4756745
Kyiv,2022,December,12/1/22,11,0.368537754,0.368537754,-0.998212119,0.77256606,0.477030733,-0.74017436,0.108783303,3.387815444,1.220185302,8,31570753,439476799,7.183713241,1.971816414,4,Medium,1625789.515,14.30150411,50.2970597,30.4756745
Kyiv,2023,January,1/1/23,12,0.521532059,0.521532059,-0.650984532,0.772019863,0.67554228,-0.392239533,0.108783303,4.794228936,1.56741289,9,32727208,439476799,7.446856825,2.007792041,1,Low,1618832.138,14.29721554,50.2970597,30.4756745
Kyiv,2023,February,2/1/23,13,0.782969892,0.782969892,-0.244661036,0.819221675,0.955748506,-0.04526047,0.108783303,7.197519016,1.973736386,10,32727208,439476799,7.446856825,2.007792041,1,Low,1618832.138,14.29721554,50.2970597,30.4756745
Kyiv,2023,March,3/1/23,14,0.302325845,0.302325845,-1.196249886,0.530329058,0.570072185,-0.561992286,0.108783303,2.779156697,1.022147535,11,32727208,439476799,7.446856825,2.007792041,3,Medium,1618832.138,14.29721554,50.2970597,30.4756745
Kyiv,2023,April,4/1/23,15,0.591661274,0.591661274,-0.52482098,0.567576239,1.042434889,0.041559216,0.108783303,5.438897861,1.693576441,12,32727208,439476799,7.446856825,2.007792041,2,Low,1618832.138,14.29721554,50.2970597,30.4756745
Kyiv,2023,May,5/1/23,16,0.477247596,0.477247596,-0.739719854,0.647525311,0.737033114,-0.305122457,0.108783303,4.387140148,1.478677568,13,32727208,439476799,7.446856825,2.007792041,2,Low,1618832.138,14.29721554,50.2970597,30.4756745
Kyiv,2023,June,6/1/23,17,NA,0.545204968,-0.606593467,0.550457428,0.990458009,-0.009587807,0.108783303,5.011844217,1.611803955,14,32727208,439476799,7.446856825,2.007792041,1,Low,1618832.138,14.29721554,50.2970597,30.4756745
Kyiv,2023,July,7/1/23,18,0.613162339,0.613162339,-0.489125551,0.453389545,1.35239629,0.301878049,0.108783303,5.636548276,1.72927187,15,32727208,439476799,7.446856825,2.007792041,0,None,1618832.138,14.29721554,50.2970597,30.4756745
Kyiv,2023,August,8/1/23,19,0.152166396,0.152166396,-1.882780646,0.448220879,0.339489754,-1.080311512,0.108783303,1.398802866,0.335616775,16,32727208,439476799,7.446856825,2.007792041,4,Medium,1618832.138,14.29721554,50.2970597,30.4756745
Kyiv,2023,September,9/1/23,20,0.251143396,0.251143396,-1.381731204,0.615723789,0.407883211,-0.896774393,0.108783303,2.30865757,0.836666217,17,32727208,439476799,7.446856825,2.007792041,3,Medium,1618832.138,14.29721554,50.2970597,30.4756745
Kyiv,2023,October,10/1/23,21,0.420503229,0.420503229,-0.866303121,0.675702056,0.622320482,-0.474300075,0.108783303,3.865512605,1.352094301,18,32727208,439476799,7.446856825,2.007792041,2,Low,1618832.138,14.29721554,50.2970597,30.4756745
Kyiv,2023,November,11/1/23,22,0.530590236,0.530590236,-0.633765239,0.655117313,0.80991637,-0.210824284,0.108783303,4.877497018,1.584632182,19,32727208,439476799,7.446856825,2.007792041,1,Low,1618832.138,14.29721554,50.2970597,30.4756745
Kyiv,2023,December,12/1/23,23,0.527371705,0.527371705,-0.639849656,0.77256606,0.682623444,-0.381811898,0.108783303,4.847910391,1.578547765,20,32727208,439476799,7.446856825,2.007792041,1,Low,1618832.138,14.29721554,50.2970597,30.4756745
Kyiv,2024,January,1/1/24,24,0.666754365,0.666754365,-0.405333569,0.772019863,0.863649236,-0.146588569,0.108783303,6.129197649,1.813063852,21,30515082,439476799,6.94350238,1.937806313,1,Low,1611874.76,14.29290851,50.2970597,30.4756745
Kyiv,2024,February,2/1/24,25,0.344168782,0.344168782,-1.066623097,0.819221675,0.420116792,-0.86722253,0.108783303,3.163801544,1.151774325,22,30515082,439476799,6.94350238,1.937806313,1,Low,1611874.76,14.29290851,50.2970597,30.4756745
Kyiv,2024,March,3/1/24,26,0.363463372,0.363463372,-1.012076752,0.530329058,0.685354435,-0.377819151,0.108783303,3.341168745,1.206320669,23,30515082,439476799,6.94350238,1.937806313,0,None,1611874.76,14.29290851,50.2970597,30.4756745
Kyiv,2024,April,4/1/24,27,0.515766382,0.515766382,-0.662101364,0.567576239,0.90871736,-0.095721168,0.108783303,4.741227447,1.556296057,24,30515082,439476799,6.94350238,1.937806313,1,Low,1611874.76,14.29290851,50.2970597,30.4756745
Kyiv,2024,May,5/1/24,28,0.5543648,0.5543648,-0.589932325,0.647525311,0.856128387,-0.155334929,0.108783303,5.096046771,1.628465096,25,30515082,439476799,6.94350238,1.937806313,1,Low,1611874.76,14.29290851,50.2970597,30.4756745
Kyiv,2024,June,6/1/24,29,NA,0.351159886,-1.046513644,0.550457428,0.637941952,-0.449507984,0.108783303,3.228067877,1.171883778,26,30515082,439476799,6.94350238,1.937806313,2,Low,1611874.76,14.29290851,50.2970597,30.4756745
Kyiv City,2022,February,2/1/22,1,12.96259499,12.96259499,2.562067902,16.57696215,0.781964444,-0.245946008,NA,NA,NA,NA,5065427,13039866,38.84569826,3.659597344,6,Medium,2951821.035,14.89793284,50.4475188,30.5505725
Kyiv City,2022,March,3/1/22,2,5.996212959,5.996212959,1.791128096,12.94664415,0.463148047,-0.76970852,NA,NA,NA,NA,5065427,13039866,38.84569826,3.659597344,41,High,2951821.035,14.89793284,50.4475188,30.5505725
Kyiv City,2022,April,4/1/22,3,5.673892021,5.673892021,1.735875306,12.9982001,0.436513669,-0.828935589,NA,NA,NA,NA,5065427,13039866,38.84569826,3.659597344,6,Medium,2951821.035,14.89793284,50.4475188,30.5505725
Kyiv City,2022,May,5/1/22,4,6.074455261,6.074455261,1.804092316,13.04063384,0.465809817,-0.763977846,NA,NA,NA,NA,5065427,13039866,38.84569826,3.659597344,0,None,2951821.035,14.89793284,50.4475188,30.5505725
Kyiv City,2022,June,6/1/22,5,NA,6.103517691,1.808865276,13.2699701,0.459949619,-0.776638319,NA,NA,NA,NA,5065427,13039866,38.84569826,3.659597344,3,Medium,2951821.035,14.89793284,50.4475188,30.5505725
Kyiv City,2022,July,7/1/22,6,NA,6.132580121,1.813615562,13.49930636,0.454288536,-0.789022741,NA,NA,NA,NA,5065427,13039866,38.84569826,3.659597344,0,None,2951821.035,14.89793284,50.4475188,30.5505725
Kyiv City,2022,August,8/1/22,7,6.161642551,6.161642551,1.81834339,12.83701038,0.479990462,-0.733989046,NA,NA,NA,NA,5065427,13039866,38.84569826,3.659597344,0,None,2951821.035,14.89793284,50.4475188,30.5505725
Kyiv City,2022,September,9/1/22,8,6.870476246,6.870476246,1.927233426,12.65755526,0.542796464,-0.611020865,NA,NA,NA,NA,5065427,13039866,38.84569826,3.659597344,0,None,2951821.035,14.89793284,50.4475188,30.5505725
Kyiv City,2022,October,10/1/22,9,4.751838684,4.751838684,1.558531635,12.35162099,0.38471377,-0.955255676,NA,NA,NA,NA,5065427,13039866,38.84569826,3.659597344,9,High,2951821.035,14.89793284,50.4475188,30.5505725
Kyiv City,2022,November,11/1/22,10,3.728228807,3.728228807,1.31593327,12.51996422,0.297782705,-1.211391236,NA,NA,NA,NA,5065427,13039866,38.84569826,3.659597344,3,Medium,2951821.035,14.89793284,50.4475188,30.5505725
Kyiv City,2022,December,12/1/22,11,3.211557388,3.211557388,1.166755987,13.0995512,0.245165452,-1.405821982,NA,NA,NA,NA,5065427,13039866,38.84569826,3.659597344,9,High,2951821.035,14.89793284,50.4475188,30.5505725
Kyiv City,2023,January,1/1/23,12,2.956226587,2.956226587,1.083913653,15.40849829,0.191856892,-1.651005539,NA,NA,NA,NA,5066417,13039866,38.85329036,3.659792767,3,Medium,2968844.467,14.90368337,50.4475188,30.5505725
Kyiv City,2023,February,2/1/23,13,3.858691692,3.858691692,1.350328186,16.57696215,0.232774356,-1.457685724,3.083891988,1.251240869,0.224135754,1,5066417,13039866,38.85329036,3.659792767,1,Low,2968844.467,14.90368337,50.4475188,30.5505725
Kyiv City,2023,March,3/1/23,14,5.911981583,5.911981583,1.776981068,12.94664415,0.456642008,-0.783855547,3.083891988,1.917052091,0.650788637,2,5066417,13039866,38.85329036,3.659792767,5,Medium,2968844.467,14.90368337,50.4475188,30.5505725
Kyiv City,2023,April,4/1/23,15,6.496463776,6.496463776,1.871257994,12.9982001,0.499797182,-0.693552899,3.083891988,2.106579543,0.745065562,3,5066417,13039866,38.85329036,3.659792767,1,Low,2968844.467,14.90368337,50.4475188,30.5505725
Kyiv City,2023,May,5/1/23,16,7.627859116,7.627859116,2.031807218,13.04063384,0.584930089,-0.536262945,3.083891988,2.473452101,0.905614787,4,5066417,13039866,38.85329036,3.659792767,17,High,2968844.467,14.90368337,50.4475188,30.5505725
Kyiv City,2023,June,6/1/23,17,NA,7.468623162,2.010710666,13.2699701,0.562821401,-0.574792929,3.083891988,2.421817363,0.884518235,5,5066417,13039866,38.85329036,3.659792767,7,High,2968844.467,14.90368337,50.4475188,30.5505725
Kyiv City,2023,July,7/1/23,18,7.309387207,7.309387207,1.989159441,13.49930636,0.54146391,-0.613478863,3.083891988,2.370182625,0.862967009,6,5066417,13039866,38.85329036,3.659792767,4,Medium,2968844.467,14.90368337,50.4475188,30.5505725
Kyiv City,2023,August,8/1/23,19,6.833695889,6.833695889,1.921865653,12.83701038,0.532343255,-0.630466782,3.083891988,2.215932307,0.795673221,7,5066417,13039866,38.85329036,3.659792767,4,Medium,2968844.467,14.90368337,50.4475188,30.5505725
Kyiv City,2023,September,9/1/23,20,7.01672554,7.01672554,1.948296662,12.65755526,0.554350773,-0.589957628,3.083891988,2.275282522,0.82210423,8,5066417,13039866,38.85329036,3.659792767,7,High,2968844.467,14.90368337,50.4475188,30.5505725
Kyiv City,2023,October,10/1/23,21,6.953320026,6.953320026,1.939219247,12.35162099,0.562947975,-0.574568062,3.083891988,2.254722297,0.813026815,9,5066417,13039866,38.85329036,3.659792767,0,None,2968844.467,14.90368337,50.4475188,30.5505725
Kyiv City,2023,November,11/1/23,22,7.232876301,7.232876301,1.978636786,12.51996422,0.577707426,-0.548687722,3.083891988,2.345372772,0.852444354,10,5066417,13039866,38.85329036,3.659792767,6,Medium,2968844.467,14.90368337,50.4475188,30.5505725
Kyiv City,2023,December,12/1/23,23,7.736897945,7.736897945,2.046000825,13.0995512,0.590623131,-0.526577145,3.083891988,2.508809639,0.919808393,11,5066417,13039866,38.85329036,3.659792767,15,High,2968844.467,14.90368337,50.4475188,30.5505725
Kyiv City,2024,January,1/1/24,24,9.799685478,9.799685478,2.282350291,15.40849829,0.635992249,-0.452568903,3.083891988,3.177700619,1.156157859,12,5059938,13039866,38.80360427,3.658513136,9,High,2985867.899,14.90940102,50.4475188,30.5505725
Kyiv City,2024,February,2/1/24,25,6.447516441,6.447516441,1.863695009,16.57696215,0.38894439,-0.944318902,3.083891988,2.090707608,0.737502577,13,5059938,13039866,38.80360427,3.658513136,3,Medium,2985867.899,14.90940102,50.4475188,30.5505725
Kyiv City,2024,March,3/1/24,26,7.825978756,7.825978756,2.057448809,12.94664415,0.604479328,-0.503387806,3.083891988,2.537695479,0.931256377,14,5059938,13039866,38.80360427,3.658513136,6,Medium,2985867.899,14.90940102,50.4475188,30.5505725
Kyiv City,2024,April,4/1/24,27,7.969936371,7.969936371,2.075676509,12.9982001,0.613156923,-0.489134384,3.083891988,2.584375978,0.949484078,15,5059938,13039866,38.80360427,3.658513136,0,None,2985867.899,14.90940102,50.4475188,30.5505725
Kyiv City,2024,May,5/1/24,28,8.426846504,8.426846504,2.131422622,13.04063384,0.64619915,-0.436647541,3.083891988,2.732536203,1.00523019,16,5059938,13039866,38.80360427,3.658513136,2,Low,2985867.899,14.90940102,50.4475188,30.5505725
Kyiv City,2024,June,6/1/24,29,NA,7.173290491,1.970364474,13.2699701,0.540565686,-0.615139121,3.083891988,2.326051145,0.844172042,17,5059938,13039866,38.80360427,3.658513136,2,Low,2985867.899,14.90940102,50.4475188,30.5505725
Luhansk,2022,February,2/1/22,1,0.374201864,0.374201864,-0.982959884,0.178879137,2.091925705,0.738085032,NA,NA,NA,NA,22765304,412103890,5.524166248,1.709132331,18,High,2051845.268,14.53425008,48.9859402,39.0266877
Luhansk,2022,March,3/1/22,2,0.172259629,0.172259629,-1.758752469,0.118157628,1.457879888,0.376983249,NA,NA,NA,NA,22765304,412103890,5.524166248,1.709132331,191,Severe,2051845.268,14.53425008,48.9859402,39.0266877
Luhansk,2022,April,4/1/22,3,0.114810809,0.114810809,-2.164469644,0.117605671,0.97623531,-0.024051625,NA,NA,NA,NA,22765304,412103890,5.524166248,1.709132331,219,Severe,2051845.268,14.53425008,48.9859402,39.0266877
Luhansk,2022,May,5/1/22,4,0.159145579,0.159145579,-1.837935904,0.141470405,1.124939022,0.117728832,NA,NA,NA,NA,22765304,412103890,5.524166248,1.709132331,218,Severe,2051845.268,14.53425008,48.9859402,39.0266877
Luhansk,2022,June,6/1/22,5,NA,0.155625001,-1.860306005,0.167912539,0.926821794,-0.075993971,NA,NA,NA,NA,22765304,412103890,5.524166248,1.709132331,255,Severe,2051845.268,14.53425008,48.9859402,39.0266877
Luhansk,2022,July,7/1/22,6,0.152104422,0.152104422,-1.883188007,0.194354673,0.782612631,-0.24511743,NA,NA,NA,NA,22765304,412103890,5.524166248,1.709132331,63,High,2051845.268,14.53425008,48.9859402,39.0266877
Luhansk,2022,August,8/1/22,7,0.320638657,0.320638657,-1.137440469,0.143435245,2.235424478,0.804431133,NA,NA,NA,NA,22765304,412103890,5.524166248,1.709132331,33,High,2051845.268,14.53425008,48.9859402,39.0266877
Luhansk,2022,September,9/1/22,8,0.087607145,0.087607145,-2.43489272,0.116661164,0.750953807,-0.286411138,NA,NA,NA,NA,22765304,412103890,5.524166248,1.709132331,75,High,2051845.268,14.53425008,48.9859402,39.0266877
Luhansk,2022,October,10/1/22,9,0.083696797,0.083696797,-2.48055457,0.112401374,0.744624325,-0.29487545,NA,NA,NA,NA,22765304,412103890,5.524166248,1.709132331,142,Severe,2051845.268,14.53425008,48.9859402,39.0266877
Luhansk,2022,November,11/1/22,10,0.101622328,0.101622328,-2.286492004,0.140337179,0.724129762,-0.322784673,0.085651971,1.186456386,0.170971038,1,22765304,412103890,5.524166248,1.709132331,208,Severe,2051845.268,14.53425008,48.9859402,39.0266877
Luhansk,2022,December,12/1/22,11,0.174901798,0.174901798,-1.743530617,0.204396476,0.855698695,-0.155836957,0.085651971,2.042005525,0.713932425,2,22765304,412103890,5.524166248,1.709132331,192,Severe,2051845.268,14.53425008,48.9859402,39.0266877
Luhansk,2023,January,1/1/23,12,0.616864681,0.616864681,-0.483105597,0.274239142,2.249367751,0.810649177,0.085651971,7.201990495,1.974357445,3,20233051,412103890,4.909696679,1.591212164,205,Severe,2030044.804,14.52356842,48.9859402,39.0266877
Luhansk,2023,February,2/1/23,13,0.466888219,0.466888219,-0.76166541,0.178879137,2.610076433,0.959379506,0.085651971,5.45099212,1.695797632,4,20233051,412103890,4.909696679,1.591212164,147,Severe,2030044.804,14.52356842,48.9859402,39.0266877
Luhansk,2023,March,3/1/23,14,0.143282831,0.143282831,-1.942934763,0.118157628,1.2126414,0.192800956,0.085651971,1.672849198,0.514528279,5,20233051,412103890,4.909696679,1.591212164,130,Severe,2030044.804,14.52356842,48.9859402,39.0266877
Luhansk,2023,April,4/1/23,15,0.314258248,0.314258248,-1.157540185,0.117605671,2.672135148,0.982877834,0.085651971,3.669013618,1.299922857,6,20233051,412103890,4.909696679,1.591212164,123,Severe,2030044.804,14.52356842,48.9859402,39.0266877
Luhansk,2023,May,5/1/23,16,0.37570104,0.37570104,-0.978961558,0.141470405,2.655686467,0.976703178,0.085651971,4.386367711,1.478501484,7,20233051,412103890,4.909696679,1.591212164,141,Severe,2030044.804,14.52356842,48.9859402,39.0266877
Luhansk,2023,June,6/1/23,17,NA,0.351051003,-1.046823758,0.167912539,2.090677709,0.737488276,0.085651971,4.098574719,1.410639284,8,20233051,412103890,4.909696679,1.591212164,101,High,2030044.804,14.52356842,48.9859402,39.0266877
Luhansk,2023,July,7/1/23,18,0.326400965,0.326400965,-1.119628699,0.194354673,1.679408887,0.518441879,0.085651971,3.810781716,1.337834343,9,20233051,412103890,4.909696679,1.591212164,88,High,2030044.804,14.52356842,48.9859402,39.0266877
Luhansk,2023,August,8/1/23,19,0.109554648,0.109554648,-2.211331786,0.143435245,0.76379169,-0.269460184,0.085651971,1.279067448,0.246131256,10,20233051,412103890,4.909696679,1.591212164,109,High,2030044.804,14.52356842,48.9859402,39.0266877
Luhansk,2023,September,9/1/23,20,0.113294914,0.113294914,-2.177761002,0.116661164,0.97114507,-0.029279419,0.085651971,1.322735632,0.279702041,11,20233051,412103890,4.909696679,1.591212164,136,Severe,2030044.804,14.52356842,48.9859402,39.0266877
Luhansk,2023,October,10/1/23,21,0.101661667,0.101661667,-2.286104969,0.112401374,0.904452176,-0.100425849,0.085651971,1.186915675,0.171358073,12,20233051,412103890,4.909696679,1.591212164,94,High,2030044.804,14.52356842,48.9859402,39.0266877
Luhansk,2023,November,11/1/23,22,0.429617137,0.429617137,-0.844860846,0.140337179,3.061320885,1.118846485,0.085651971,5.015846477,1.612602196,13,20233051,412103890,4.909696679,1.591212164,75,High,2030044.804,14.52356842,48.9859402,39.0266877
Luhansk,2023,December,12/1/23,23,0.339592695,0.339592695,-1.080008335,0.204396476,1.661441044,0.507685325,0.085651971,3.964797202,1.377454707,14,20233051,412103890,4.909696679,1.591212164,83,High,2030044.804,14.52356842,48.9859402,39.0266877
Luhansk,2024,January,1/1/24,24,0.451003551,0.451003551,-0.796280066,0.274239142,1.644563021,0.497474708,0.085651971,5.265536166,1.661182976,15,22324533,412103890,5.417209966,1.689580916,75,High,2008244.339,14.51277144,48.9859402,39.0266877
Luhansk,2024,February,2/1/24,25,0.157536373,0.157536373,-1.848098908,0.178879137,0.880686121,-0.127053992,0.085651971,1.839261504,0.609364135,16,22324533,412103890,5.417209966,1.689580916,45,High,2008244.339,14.51277144,48.9859402,39.0266877
Luhansk,2024,March,3/1/24,26,0.116722636,0.116722636,-2.147954791,0.118157628,0.987855277,-0.012219073,0.085651971,1.362754816,0.309508251,17,22324533,412103890,5.417209966,1.689580916,48,High,2008244.339,14.51277144,48.9859402,39.0266877
Luhansk,2024,April,4/1/24,27,0.166291967,0.166291967,-1.794010198,0.117605671,1.413979148,0.346407821,0.085651971,1.941484417,0.663452844,18,22324533,412103890,5.417209966,1.689580916,52,High,2008244.339,14.51277144,48.9859402,39.0266877
Luhansk,2024,May,5/1/24,28,0.149221331,0.149221331,-1.902324632,0.141470405,1.054788321,0.053340103,0.085651971,1.742182103,0.55513841,19,22324533,412103890,5.417209966,1.689580916,34,High,2008244.339,14.51277144,48.9859402,39.0266877
Luhansk,2024,June,6/1/24,29,NA,0.131841895,-2.026151839,0.167912539,0.78518195,-0.241839805,0.085651971,1.539274502,0.431311203,20,22324533,412103890,5.417209966,1.689580916,5,Medium,2008244.339,14.51277144,48.9859402,39.0266877
Lviv,2022,February,2/1/22,1,0.746947706,0.746947706,-0.291760102,0.770646731,0.969247874,-0.031234896,NA,NA,NA,NA,23273980,335002977,6.947394978,1.938366766,3,Medium,2447256.806,14.71047828,49.7248361,23.9212021
Lviv,2022,March,3/1/22,2,0.211546794,0.211546794,-1.553309057,0.480543117,0.440224377,-0.820470734,NA,NA,NA,NA,23273980,335002977,6.947394978,1.938366766,4,Medium,2447256.806,14.71047828,49.7248361,23.9212021
Lviv,2022,April,4/1/22,3,0.209099516,0.209099516,-1.564944987,0.48650978,0.429795092,-0.844446714,NA,NA,NA,NA,23273980,335002977,6.947394978,1.938366766,5,Medium,2447256.806,14.71047828,49.7248361,23.9212021
Lviv,2022,May,5/1/22,4,0.262137115,0.262137115,-1.338887572,0.5441808,0.481709599,-0.730413838,0.210323155,1.246354045,0.220222525,1,23273980,335002977,6.947394978,1.938366766,4,Medium,2447256.806,14.71047828,49.7248361,23.9212021
Lviv,2022,June,6/1/22,5,NA,0.274463192,-1.292938118,0.485886847,0.564870594,-0.571158611,0.210323155,1.304959466,0.26617198,2,23273980,335002977,6.947394978,1.938366766,4,Medium,2447256.806,14.71047828,49.7248361,23.9212021
Lviv,2022,July,7/1/22,6,0.286789268,0.286789268,-1.249007591,0.427592894,0.670706348,-0.399423871,0.210323155,1.363564882,0.310102507,3,23273980,335002977,6.947394978,1.938366766,0,None,2447256.806,14.71047828,49.7248361,23.9212021
Lviv,2022,August,8/1/22,7,0.323973089,0.323973089,-1.127094825,0.43261633,0.748869302,-0.289190807,0.210323155,1.54035864,0.432015272,4,23273980,335002977,6.947394978,1.938366766,2,Low,2447256.806,14.71047828,49.7248361,23.9212021
Lviv,2022,September,9/1/22,8,0.464709878,0.464709878,-0.766341986,0.4718095,0.984952355,-0.01516201,0.210323155,2.209504122,0.792768111,5,23273980,335002977,6.947394978,1.938366766,0,None,2447256.806,14.71047828,49.7248361,23.9212021
Lviv,2022,October,10/1/22,9,0.356416136,0.356416136,-1.031656309,0.518624991,0.68723286,-0.375082092,0.210323155,1.69461197,0.527453788,6,23273980,335002977,6.947394978,1.938366766,3,Medium,2447256.806,14.71047828,49.7248361,23.9212021
Lviv,2022,November,11/1/22,10,0.403821081,0.403821081,-0.906783368,0.596561452,0.676914474,-0.390210345,0.210323155,1.920002964,0.65232673,7,23273980,335002977,6.947394978,1.938366766,3,Medium,2447256.806,14.71047828,49.7248361,23.9212021
Lviv,2022,December,12/1/22,11,0.452052772,0.452052772,-0.793956354,0.83316346,0.542573929,-0.611430928,0.210323155,2.149324795,0.765153744,8,23273980,335002977,6.947394978,1.938366766,1,Low,2447256.806,14.71047828,49.7248361,23.9212021
Lviv,2023,January,1/1/23,12,0.75094533,0.75094533,-0.286422426,0.938847497,0.799858691,-0.223320203,0.210323155,3.570435837,1.272687672,9,21674358,335002977,6.469900117,1.867160671,1,Low,2439407.48,14.70726573,49.7248361,23.9212021
Lviv,2023,February,2/1/23,13,0.605631053,0.605631053,-0.501484302,0.770646731,0.785873772,-0.240959095,0.210323155,2.879526284,1.057625796,10,21674358,335002977,6.469900117,1.867160671,2,Low,2439407.48,14.70726573,49.7248361,23.9212021
Lviv,2023,March,3/1/23,14,0.621231794,0.621231794,-0.476051007,0.480543117,1.292770144,0.256787314,0.210323155,2.953701384,1.08305909,11,21674358,335002977,6.469900117,1.867160671,2,Low,2439407.48,14.70726573,49.7248361,23.9212021
Lviv,2023,April,4/1/23,15,0.720700383,0.720700383,-0.327531786,0.48650978,1.481368746,0.392966489,0.210323155,3.426633568,1.231578312,12,21674358,335002977,6.469900117,1.867160671,0,None,2439407.48,14.70726573,49.7248361,23.9212021
Lviv,2023,May,5/1/23,16,0.551385045,0.551385045,-0.595321903,0.5441808,1.013238697,0.013151831,0.210323155,2.621608852,0.963788195,13,21674358,335002977,6.469900117,1.867160671,2,Low,2439407.48,14.70726573,49.7248361,23.9212021
Lviv,2023,June,6/1/23,17,NA,0.755804211,-0.279972917,0.485886847,1.555514859,0.44180659,0.210323155,3.593537816,1.279137181,14,21674358,335002977,6.469900117,1.867160671,1,Low,2439407.48,14.70726573,49.7248361,23.9212021
Lviv,2023,July,7/1/23,18,0.960223377,0.960223377,-0.040589337,0.427592894,2.245648586,0.808994382,0.210323155,4.565466779,1.518520761,15,21674358,335002977,6.469900117,1.867160671,1,Low,2439407.48,14.70726573,49.7248361,23.9212021
Lviv,2023,August,8/1/23,19,0.358095109,0.358095109,-1.02695666,0.43261633,0.827742931,-0.189052643,0.210323155,1.702594795,0.532153437,16,21674358,335002977,6.469900117,1.867160671,1,Low,2439407.48,14.70726573,49.7248361,23.9212021
Lviv,2023,September,9/1/23,20,0.317246944,0.317246944,-1.148074805,0.4718095,0.67240474,-0.396894828,0.210323155,1.50837859,0.411035292,17,21674358,335002977,6.469900117,1.867160671,2,Low,2439407.48,14.70726573,49.7248361,23.9212021
Lviv,2023,October,10/1/23,21,0.46934855,0.46934855,-0.75640961,0.518624991,0.904986373,-0.099835393,0.210323155,2.231559098,0.802700488,18,21674358,335002977,6.469900117,1.867160671,0,None,2439407.48,14.70726573,49.7248361,23.9212021
Lviv,2023,November,11/1/23,22,0.681204319,0.681204319,-0.38389299,0.596561452,1.141884574,0.132680033,0.210323155,3.238846046,1.175217108,19,21674358,335002977,6.469900117,1.867160671,2,Low,2439407.48,14.70726573,49.7248361,23.9212021
Lviv,2023,December,12/1/23,23,0.725188851,0.725188851,-0.321323174,0.83316346,0.870404051,-0.138797749,0.210323155,3.447974385,1.237786924,20,21674358,335002977,6.469900117,1.867160671,4,Medium,2439407.48,14.70726573,49.7248361,23.9212021
Lviv,2024,January,1/1/24,24,0.921899259,0.921899259,-0.081319325,0.938847497,0.981947826,-0.018217102,0.210323155,4.383251378,1.477790773,21,21934813,335002977,6.547647187,1.879105777,3,Medium,2431558.153,14.70404283,49.7248361,23.9212021
Lviv,2024,February,2/1/24,25,0.520251811,0.520251811,-0.653442333,0.770646731,0.675084692,-0.392917126,0.210323155,2.473583144,0.905667765,22,21934813,335002977,6.547647187,1.879105777,2,Low,2431558.153,14.70404283,49.7248361,23.9212021
Lviv,2024,March,3/1/24,26,0.575779974,0.575779974,-0.552029681,0.480543117,1.198185874,0.180808641,0.210323155,2.737596695,1.007080417,23,21934813,335002977,6.547647187,1.879105777,5,Medium,2431558.153,14.70404283,49.7248361,23.9212021
Lviv,2024,April,4/1/24,27,0.391974449,0.391974449,-0.936558622,0.48650978,0.805686679,-0.216060348,0.210323155,1.863677107,0.622551475,24,21934813,335002977,6.547647187,1.879105777,5,Medium,2431558.153,14.70404283,49.7248361,23.9212021
Lviv,2024,May,5/1/24,28,0.31759432,0.31759432,-1.146980434,0.5441808,0.58361912,-0.538506701,0.210323155,1.51003022,0.412129664,25,21934813,335002977,6.547647187,1.879105777,3,Medium,2431558.153,14.70404283,49.7248361,23.9212021
Lviv,2024,June,6/1/24,29,NA,0.353409335,-1.040128305,0.485886847,0.727349046,-0.318348798,0.210323155,1.680315869,0.518981793,26,21934813,335002977,6.547647187,1.879105777,2,Low,2431558.153,14.70404283,49.7248361,23.9212021
Mykolaiv,2022,February,2/1/22,1,0.170626238,0.170626238,-1.768279857,0.273543348,0.623763068,-0.471984681,NA,NA,NA,NA,13018389,350837767,3.71065781,1.311209168,3,Medium,1106983.682,13.91714947,47.4419798,31.789847
Mykolaiv,2022,March,3/1/22,2,0.003899339,0.003899339,-5.546948227,0.15358307,0.02538912,-3.673434543,NA,NA,NA,NA,13018389,350837767,3.71065781,1.311209168,45,High,1106983.682,13.91714947,47.4419798,31.789847
Mykolaiv,2022,April,4/1/22,3,0.017214695,0.017214695,-4.061991899,0.173166161,0.099411426,-2.308488222,NA,NA,NA,NA,13018389,350837767,3.71065781,1.311209168,45,High,1106983.682,13.91714947,47.4419798,31.789847
Mykolaiv,2022,May,5/1/22,4,0.013443852,0.013443852,-4.309233378,0.199045489,0.067541606,-2.695011486,NA,NA,NA,NA,13018389,350837767,3.71065781,1.311209168,87,High,1106983.682,13.91714947,47.4419798,31.789847
Mykolaiv,2022,June,6/1/22,5,NA,0.017667046,-4.036054183,0.196388506,0.089959674,-2.408393776,NA,NA,NA,NA,13018389,350837767,3.71065781,1.311209168,210,Severe,1106983.682,13.91714947,47.4419798,31.789847
Mykolaiv,2022,July,7/1/22,6,0.02189024,0.02189024,-3.821714404,0.193731522,0.11299266,-2.180432418,NA,NA,NA,NA,13018389,350837767,3.71065781,1.311209168,359,Severe,1106983.682,13.91714947,47.4419798,31.789847
Mykolaiv,2022,August,8/1/22,7,0.031803031,0.031803031,-3.448193679,0.227386301,0.139863443,-1.96708874,NA,NA,NA,NA,13018389,350837767,3.71065781,1.311209168,402,Severe,1106983.682,13.91714947,47.4419798,31.789847
Mykolaiv,2022,September,9/1/22,8,0.006138526,0.006138526,-5.093170631,0.179492076,0.034199426,-3.375546419,NA,NA,NA,NA,13018389,350837767,3.71065781,1.311209168,377,Severe,1106983.682,13.91714947,47.4419798,31.789847
Mykolaiv,2022,October,10/1/22,9,0.002984977,0.002984977,-5.814163237,0.169413572,0.017619468,-4.038750852,NA,NA,NA,NA,13018389,350837767,3.71065781,1.311209168,170,Severe,1106983.682,13.91714947,47.4419798,31.789847
Mykolaiv,2022,November,11/1/22,10,0.073771909,0.073771909,-2.606777257,0.187217434,0.394044012,-0.93129267,0.004561752,16.17183683,2.783271262,1,13018389,350837767,3.71065781,1.311209168,62,High,1106983.682,13.91714947,47.4419798,31.789847
Mykolaiv,2022,December,12/1/22,11,0.245771721,0.245771721,-1.403352137,0.256408284,0.958517085,-0.042367892,0.004561752,53.87660728,3.986696381,2,13018389,350837767,3.71065781,1.311209168,34,High,1106983.682,13.91714947,47.4419798,31.789847
Mykolaiv,2023,January,1/1/23,12,0.373275638,0.373275638,-0.985438156,0.293385733,1.272303306,0.240828885,0.004561752,81.82725365,4.404610362,3,11921054,350837767,3.39788219,1.223152352,33,High,1100077.965,13.91089161,47.4419798,31.789847
Mykolaiv,2023,February,2/1/23,13,0.059153531,0.059153531,-2.827618995,0.273543348,0.216249203,-1.531323819,0.004561752,12.9672834,2.562429524,4,11921054,350837767,3.39788219,1.223152352,40,High,1100077.965,13.91089161,47.4419798,31.789847
Mykolaiv,2023,March,3/1/23,14,0.029892232,0.029892232,-3.510156632,0.15358307,0.194632338,-1.636642946,0.004561752,6.552796382,1.879891887,5,11921054,350837767,3.39788219,1.223152352,38,High,1100077.965,13.91089161,47.4419798,31.789847
Mykolaiv,2023,April,4/1/23,15,0.171359777,0.171359777,-1.763989974,0.173166161,0.989568495,-0.010486295,0.004561752,37.5644658,3.626058545,6,11921054,350837767,3.39788219,1.223152352,18,High,1100077.965,13.91089161,47.4419798,31.789847
Mykolaiv,2023,May,5/1/23,16,0.092990145,0.092990145,-2.375261759,0.199045489,0.467180368,-0.761039869,0.004561752,20.38474362,3.014786759,7,11921054,350837767,3.39788219,1.223152352,32,High,1100077.965,13.91089161,47.4419798,31.789847
Mykolaiv,2023,June,6/1/23,17,0.628780901,0.112060189,-2.18871915,0.196388506,0.570604622,-0.56105874,0.004561752,24.56516466,3.201329369,8,11921054,350837767,3.39788219,1.223152352,28,High,1100077.965,13.91089161,47.4419798,31.789847
Mykolaiv,2023,July,7/1/23,18,0.131130233,0.131130233,-2.031564305,0.193731522,0.676865757,-0.390282317,0.004561752,28.74558569,3.358484214,9,11921054,350837767,3.39788219,1.223152352,45,High,1100077.965,13.91089161,47.4419798,31.789847
Mykolaiv,2023,August,8/1/23,19,0.046021882,0.046021882,-3.0786383,0.227386301,0.202395139,-1.597533359,0.004561752,10.08864182,2.311410219,10,11921054,350837767,3.39788219,1.223152352,35,High,1100077.965,13.91089161,47.4419798,31.789847
Mykolaiv,2023,September,9/1/23,20,0.020573549,0.020573549,-3.883749057,0.179492076,0.114620932,-2.166124839,0.004561752,4.510010408,1.506299461,11,11921054,350837767,3.39788219,1.223152352,27,High,1100077.965,13.91089161,47.4419798,31.789847
Mykolaiv,2023,October,10/1/23,21,0.027274074,0.027274074,-3.601818698,0.169413572,0.160991081,-1.826406313,0.004561752,5.978859438,1.78822982,12,11921054,350837767,3.39788219,1.223152352,53,High,1100077.965,13.91089161,47.4419798,31.789847
Mykolaiv,2023,November,11/1/23,22,0.200484097,0.200484097,-1.607020352,0.187217434,1.070862325,0.068464235,0.004561752,43.94892511,3.783028167,13,11921054,350837767,3.39788219,1.223152352,44,High,1100077.965,13.91089161,47.4419798,31.789847
Mykolaiv,2023,December,12/1/23,23,0.192134351,0.192134351,-1.649560407,0.256408284,0.749329733,-0.288576161,0.004561752,42.11854371,3.740488112,14,11921054,350837767,3.39788219,1.223152352,63,High,1100077.965,13.91089161,47.4419798,31.789847
Mykolaiv,2024,January,1/1/24,24,0.19319734,0.19319734,-1.644043125,0.293385733,0.658509662,-0.417776085,0.004561752,42.3515658,3.746005393,15,12124186,350837767,3.455781316,1.240048572,52,High,1093172.249,13.90459435,47.4419798,31.789847
Mykolaiv,2024,February,2/1/24,25,0.118799858,0.118799858,-2.130315067,0.273543348,0.434299934,-0.834019891,0.004561752,26.0425946,3.259733451,16,12124186,350837767,3.455781316,1.240048572,41,High,1093172.249,13.90459435,47.4419798,31.789847
Mykolaiv,2024,March,3/1/24,26,0.034683943,0.034683943,-3.361478437,0.15358307,0.225831813,-1.487964747,0.004561752,7.603206619,2.028570082,17,12124186,350837767,3.455781316,1.240048572,38,High,1093172.249,13.90459435,47.4419798,31.789847
Mykolaiv,2024,April,4/1/24,27,0.032655768,0.032655768,-3.421733777,0.173166161,0.188580539,-1.668230101,0.004561752,7.158602221,1.968314741,18,12124186,350837767,3.455781316,1.240048572,35,High,1093172.249,13.90459435,47.4419798,31.789847
Mykolaiv,2024,May,5/1/24,28,0.024424484,0.024424484,-3.712169207,0.199045489,0.122708051,-2.097947314,0.004561752,5.354189355,1.677879311,19,12124186,350837767,3.455781316,1.240048572,14,High,1093172.249,13.90459435,47.4419798,31.789847
Mykolaiv,2024,June,6/1/24,29,0.056523848,0.056523848,-2.873092641,0.196388506,0.287816478,-1.245432231,0.004561752,12.39082002,2.516955877,20,12124186,350837767,3.455781316,1.240048572,9,High,1093172.249,13.90459435,47.4419798,31.789847
Odesa,2022,February,2/1/22,1,0.35021919,0.35021919,-1.049196063,0.430805594,0.81294021,-0.207097715,NA,NA,NA,NA,22851101,486258736,4.699370789,1.547428625,6,Medium,2310685.702,14.65305488,46.7445682,29.8653048
Odesa,2022,March,3/1/22,2,0.129953504,0.129953504,-2.040578554,0.309109996,0.420411846,-0.866520462,NA,NA,NA,NA,22851101,486258736,4.699370789,1.547428625,35,High,2310685.702,14.65305488,46.7445682,29.8653048
Odesa,2022,April,4/1/22,3,0.145751685,0.145751685,-1.925850893,0.323655645,0.450329501,-0.79777574,NA,NA,NA,NA,22851101,486258736,4.699370789,1.547428625,21,High,2310685.702,14.65305488,46.7445682,29.8653048
Odesa,2022,May,5/1/22,4,0.167032301,0.167032301,-1.789568066,0.353003492,0.473174642,-0.748290737,NA,NA,NA,NA,22851101,486258736,4.699370789,1.547428625,32,High,2310685.702,14.65305488,46.7445682,29.8653048
Odesa,2022,June,6/1/22,5,0.214751124,0.152253658,-1.882207346,0.344297092,0.442215928,-0.815956991,NA,NA,NA,NA,22851101,486258736,4.699370789,1.547428625,25,High,2310685.702,14.65305488,46.7445682,29.8653048
Odesa,2022,July,7/1/22,6,0.137475014,0.137475014,-1.984313095,0.33559069,0.409650857,-0.89245005,NA,NA,NA,NA,22851101,486258736,4.699370789,1.547428625,30,High,2310685.702,14.65305488,46.7445682,29.8653048
Odesa,2022,August,8/1/22,7,0.165026531,0.165026531,-1.801649024,0.380219906,0.434029172,-0.834643531,NA,NA,NA,NA,22851101,486258736,4.699370789,1.547428625,9,High,2310685.702,14.65305488,46.7445682,29.8653048
Odesa,2022,September,9/1/22,8,0.139969915,0.139969915,-1.966327772,0.322127531,0.434517083,-0.833520019,NA,NA,NA,NA,22851101,486258736,4.699370789,1.547428625,19,High,2310685.702,14.65305488,46.7445682,29.8653048
Odesa,2022,October,10/1/22,9,0.135251686,0.135251686,-2.000617896,0.31665796,0.427122331,-0.850684817,NA,NA,NA,NA,22851101,486258736,4.699370789,1.547428625,8,High,2310685.702,14.65305488,46.7445682,29.8653048
Odesa,2022,November,11/1/22,10,0.133844897,0.133844897,-2.011073635,0.357469718,0.374423036,-0.982369008,NA,NA,NA,NA,22851101,486258736,4.699370789,1.547428625,3,Medium,2310685.702,14.65305488,46.7445682,29.8653048
Odesa,2022,December,12/1/22,11,0.219388515,0.219388515,-1.51691108,0.369660824,0.593485976,-0.521741695,NA,NA,NA,NA,22851101,486258736,4.699370789,1.547428625,4,Medium,2310685.702,14.65305488,46.7445682,29.8653048
Odesa,2023,January,1/1/23,12,0.353788853,0.353788853,-1.039055004,0.485123932,0.729275201,-0.315704113,NA,NA,NA,NA,22110223,486258736,4.547007871,1.514469406,2,Low,2304736.185,14.65047677,46.7445682,29.8653048
Odesa,2023,February,2/1/23,13,0.298466027,0.298466027,-1.209099165,0.430805594,0.692809079,-0.367000817,NA,NA,NA,NA,22110223,486258736,4.547007871,1.514469406,2,Low,2304736.185,14.65047677,46.7445682,29.8653048
Odesa,2023,March,3/1/23,14,0.117941372,0.117941372,-2.137567625,0.309109996,0.381551466,-0.963509533,NA,NA,NA,NA,22110223,486258736,4.547007871,1.514469406,8,High,2304736.185,14.65047677,46.7445682,29.8653048
Odesa,2023,April,4/1/23,15,0.301565826,0.301565826,-1.198766958,0.323655645,0.931749007,-0.070691806,NA,NA,NA,NA,22110223,486258736,4.547007871,1.514469406,3,Medium,2304736.185,14.65047677,46.7445682,29.8653048
Odesa,2023,May,5/1/23,16,0.250864804,0.250864804,-1.382841114,0.353003492,0.710658137,-0.341563785,NA,NA,NA,NA,22110223,486258736,4.547007871,1.514469406,9,High,2304736.185,14.65047677,46.7445682,29.8653048
Odesa,2023,June,6/1/23,17,0.770698786,0.310938552,-1.168159968,0.344297092,0.903111178,-0.101909612,NA,NA,NA,NA,22110223,486258736,4.547007871,1.514469406,6,Medium,2304736.185,14.65047677,46.7445682,29.8653048
Odesa,2023,July,7/1/23,18,0.3710123,0.3710123,-0.991520063,0.33559069,1.105550037,0.100342982,NA,NA,NA,NA,22110223,486258736,4.547007871,1.514469406,19,High,2304736.185,14.65047677,46.7445682,29.8653048
Odesa,2023,August,8/1/23,19,0.172354668,0.172354668,-1.758200902,0.380219906,0.453302589,-0.79119541,NA,NA,NA,NA,22110223,486258736,4.547007871,1.514469406,5,Medium,2304736.185,14.65047677,46.7445682,29.8653048
Odesa,2023,September,9/1/23,20,0.128765687,0.128765687,-2.049760906,0.322127531,0.399735119,-0.916953154,NA,NA,NA,NA,22110223,486258736,4.547007871,1.514469406,21,High,2304736.185,14.65047677,46.7445682,29.8653048
Odesa,2023,October,10/1/23,21,0.192991033,0.192991033,-1.645111552,0.31665796,0.609462124,-0.495178475,NA,NA,NA,NA,22110223,486258736,4.547007871,1.514469406,16,High,2304736.185,14.65047677,46.7445682,29.8653048
Odesa,2023,November,11/1/23,22,0.449295729,0.449295729,-0.800073969,0.357469718,1.256877735,0.228630658,NA,NA,NA,NA,22110223,486258736,4.547007871,1.514469406,15,High,2304736.185,14.65047677,46.7445682,29.8653048
Odesa,2023,December,12/1/23,23,0.365918547,0.365918547,-1.00534452,0.369660824,0.989876457,-0.010175135,NA,NA,NA,NA,22110223,486258736,4.547007871,1.514469406,16,High,2304736.185,14.65047677,46.7445682,29.8653048
Odesa,2024,January,1/1/24,24,0.46526742,0.46526742,-0.765142942,0.485123932,0.959069197,-0.041792051,NA,NA,NA,NA,23186437,486258736,4.768333252,1.561996821,7,High,2298786.668,14.64789201,46.7445682,29.8653048
Odesa,2024,February,2/1/24,25,0.298312664,0.298312664,-1.209613134,0.430805594,0.692453088,-0.367514786,NA,NA,NA,NA,23186437,486258736,4.768333252,1.561996821,10,High,2298786.668,14.64789201,46.7445682,29.8653048
Odesa,2024,March,3/1/24,26,0.142626822,0.142626822,-1.947523696,0.309109996,0.461411225,-0.773465605,NA,NA,NA,NA,23186437,486258736,4.768333252,1.561996821,23,High,2298786.668,14.64789201,46.7445682,29.8653048
Odesa,2024,April,4/1/24,27,0.122820288,0.122820288,-2.097033065,0.323655645,0.379478282,-0.968957912,NA,NA,NA,NA,23186437,486258736,4.768333252,1.561996821,18,High,2298786.668,14.64789201,46.7445682,29.8653048
Odesa,2024,May,5/1/24,28,0.12296471,0.12296471,-2.095857875,0.353003492,0.348338509,-1.054580545,NA,NA,NA,NA,23186437,486258736,4.768333252,1.561996821,12,High,2298786.668,14.64789201,46.7445682,29.8653048
Odesa,2024,June,6/1/24,29,0.170123175,0.170123175,-1.771232545,0.344297092,0.494117375,-0.704982189,0.122892499,1.384325133,0.325212752,1,23186437,486258736,4.768333252,1.561996821,7,High,2298786.668,14.64789201,46.7445682,29.8653048
Poltava,2022,February,2/1/22,1,0.266937315,0.266937315,-1.320741423,0.361737817,0.737930352,-0.303905833,NA,NA,NA,NA,20131190,446586304,4.507793862,1.505807868,1,Low,1345055.149,14.11194557,49.7135955,33.8113223
Poltava,2022,March,3/1/22,2,0.068494946,0.068494946,-2.680995317,0.211282785,0.324186119,-1.126437487,NA,NA,NA,NA,20131190,446586304,4.507793862,1.505807868,0,None,1345055.149,14.11194557,49.7135955,33.8113223
Poltava,2022,April,4/1/22,3,0.080814824,0.080814824,-2.515594865,0.224525044,0.359936791,-1.021826844,NA,NA,NA,NA,20131190,446586304,4.507793862,1.505807868,6,Medium,1345055.149,14.11194557,49.7135955,33.8113223
Poltava,2022,May,5/1/22,4,0.073711216,0.073711216,-2.607600307,0.273622175,0.269390505,-1.311593261,NA,NA,NA,NA,20131190,446586304,4.507793862,1.505807868,5,Medium,1345055.149,14.11194557,49.7135955,33.8113223
Poltava,2022,June,6/1/22,5,NA,0.091792028,-2.388229826,0.293948074,0.312272935,-1.163877682,NA,NA,NA,NA,20131190,446586304,4.507793862,1.505807868,2,Low,1345055.149,14.11194557,49.7135955,33.8113223
Poltava,2022,July,7/1/22,6,0.10987284,0.10987284,-2.208431582,0.314273973,0.349608461,-1.050941434,NA,NA,NA,NA,20131190,446586304,4.507793862,1.505807868,0,None,1345055.149,14.11194557,49.7135955,33.8113223
Poltava,2022,August,8/1/22,7,0.174183682,0.174183682,-1.747644893,0.26921006,0.64701773,-0.435381581,NA,NA,NA,NA,20131190,446586304,4.507793862,1.505807868,1,Low,1345055.149,14.11194557,49.7135955,33.8113223
Poltava,2022,September,9/1/22,8,0.04797082,0.04797082,-3.03716237,0.273902252,0.175138465,-1.742178389,NA,NA,NA,NA,20131190,446586304,4.507793862,1.505807868,0,None,1345055.149,14.11194557,49.7135955,33.8113223
Poltava,2022,October,10/1/22,9,0.03251408,0.03251408,-3.426082053,0.221811871,0.146584039,-1.92015637,NA,NA,NA,NA,20131190,446586304,4.507793862,1.505807868,2,Low,1345055.149,14.11194557,49.7135955,33.8113223
Poltava,2022,November,11/1/22,10,0.106539503,0.106539503,-2.239239442,0.280954291,0.379205822,-0.969676155,0.04024245,2.647440775,0.973593428,1,20131190,446586304,4.507793862,1.505807868,3,Medium,1345055.149,14.11194557,49.7135955,33.8113223
Poltava,2022,December,12/1/22,11,0.176226914,0.176226914,-1.73598283,0.37390091,0.471319832,-0.752218367,0.04024245,4.379129849,1.47685004,2,20131190,446586304,4.507793862,1.505807868,1,Low,1345055.149,14.11194557,49.7135955,33.8113223
Poltava,2023,January,1/1/23,12,0.457865775,0.457865775,-0.781179206,0.415009864,1.103264802,0.098273786,0.04024245,11.3776814,2.431653665,3,18159644,446586304,4.066323539,1.402739284,0,None,1332566.457,14.10261731,49.7135955,33.8113223
Poltava,2023,February,2/1/23,13,0.400495499,0.400495499,-0.915052751,0.361737817,1.107143019,0.101782841,0.04024245,9.952065518,2.297780119,4,18159644,446586304,4.066323539,1.402739284,1,Low,1332566.457,14.10261731,49.7135955,33.8113223
Poltava,2023,March,3/1/23,14,0.118025541,0.118025541,-2.136854229,0.211282785,0.558614092,-0.582296398,0.04024245,2.932861717,1.075978642,5,18159644,446586304,4.066323539,1.402739284,2,Low,1332566.457,14.10261731,49.7135955,33.8113223
Poltava,2023,April,4/1/23,15,0.19042553,0.19042553,-1.658494079,0.224525044,0.84812601,-0.164726058,0.04024245,4.731956678,1.554338791,6,18159644,446586304,4.066323539,1.402739284,1,Low,1332566.457,14.10261731,49.7135955,33.8113223
Poltava,2023,May,5/1/23,16,0.326727688,0.326727688,-1.118628213,0.273622175,1.194083367,0.177378834,0.04024245,8.118981026,2.094204657,7,18159644,446586304,4.066323539,1.402739284,0,None,1332566.457,14.10261731,49.7135955,33.8113223
Poltava,2023,June,6/1/23,17,NA,0.321668923,-1.134232452,0.293948074,1.094305257,0.090119693,0.04024245,7.993273844,2.078600419,8,18159644,446586304,4.066323539,1.402739284,2,Low,1332566.457,14.10261731,49.7135955,33.8113223
Poltava,2023,July,7/1/23,18,0.316610157,0.316610157,-1.150084051,0.314273973,1.007433589,0.007406096,0.04024245,7.867566637,2.06274882,9,18159644,446586304,4.066323539,1.402739284,1,Low,1332566.457,14.10261731,49.7135955,33.8113223
Poltava,2023,August,8/1/23,19,0.076971993,0.076971993,-2.564313651,0.26921006,0.285917966,-1.252050341,0.04024245,1.912706433,0.64851922,10,18159644,446586304,4.066323539,1.402739284,2,Low,1332566.457,14.10261731,49.7135955,33.8113223
Poltava,2023,September,9/1/23,20,0.064118907,0.064118907,-2.747015998,0.273902252,0.234094121,-1.452032018,0.04024245,1.593315193,0.465816873,11,18159644,446586304,4.066323539,1.402739284,2,Low,1332566.457,14.10261731,49.7135955,33.8113223
Poltava,2023,October,10/1/23,21,0.08869683,0.08869683,-2.422531129,0.221811871,0.399874135,-0.916605444,0.04024245,2.204061383,0.790301742,12,18159644,446586304,4.066323539,1.402739284,7,High,1332566.457,14.10261731,49.7135955,33.8113223
Poltava,2023,November,11/1/23,22,0.243069321,0.243069321,-1.414408605,0.280954291,0.865156107,-0.144845318,0.04024245,6.040122334,1.798424266,13,18159644,446586304,4.066323539,1.402739284,3,Medium,1332566.457,14.10261731,49.7135955,33.8113223
Poltava,2023,December,12/1/23,23,0.254524082,0.254524082,-1.368359823,0.37390091,0.68072603,-0.384595359,0.04024245,6.324766062,1.844473048,14,18159644,446586304,4.066323539,1.402739284,5,Medium,1332566.457,14.10261731,49.7135955,33.8113223
Poltava,2024,January,1/1/24,24,0.434303463,0.434303463,-0.834011766,0.415009864,1.046489496,0.045441226,0.04024245,10.79217252,2.378821105,15,17070248,446586304,3.822385023,1.340874579,4,Medium,1320077.765,14.09320121,49.7135955,33.8113223
Poltava,2024,February,2/1/24,25,0.114306688,0.114306688,-2.168870197,0.361737817,0.315993193,-1.152034607,0.04024245,2.840450519,1.043962673,16,17070248,446586304,3.822385023,1.340874579,6,Medium,1320077.765,14.09320121,49.7135955,33.8113223
Poltava,2024,March,3/1/24,26,0.085232124,0.085232124,-2.462376874,0.211282785,0.40340307,-0.907819043,0.04024245,2.117965581,0.750455996,17,17070248,446586304,3.822385023,1.340874579,3,Medium,1320077.765,14.09320121,49.7135955,33.8113223
Poltava,2024,April,4/1/24,27,0.079456098,0.079456098,-2.532550636,0.224525044,0.353885235,-1.038782613,0.04024245,1.974434906,0.680282234,18,17070248,446586304,3.822385023,1.340874579,3,Medium,1320077.765,14.09320121,49.7135955,33.8113223
Poltava,2024,May,5/1/24,28,0.123902112,0.123902112,-2.088263444,0.273622175,0.452821896,-0.792256396,0.04024245,3.078890873,1.124569426,19,17070248,446586304,3.822385023,1.340874579,6,Medium,1320077.765,14.09320121,49.7135955,33.8113223
Poltava,2024,June,6/1/24,29,NA,0.08506209,-2.464373819,0.293948074,0.289377946,-1.240021674,0.04024245,2.113740341,0.748459052,20,17070248,446586304,3.822385023,1.340874579,5,Medium,1320077.765,14.09320121,49.7135955,33.8113223
Rivne,2022,February,2/1/22,1,0.184953094,0.184953094,-1.687653032,0.162065948,1.141221187,0.132098906,NA,NA,NA,NA,14549044,319711314,4.550681619,1.515277028,0,None,1142869.81,13.94905303,51.043432,26.3975841
Rivne,2022,March,3/1/22,2,0.018101765,0.018101765,-4.011745832,0.085828933,0.210905163,-1.556346711,NA,NA,NA,NA,14549044,319711314,4.550681619,1.515277028,10,High,1142869.81,13.94905303,51.043432,26.3975841
Rivne,2022,April,4/1/22,3,0.021325774,0.021325774,-3.847838891,0.09697978,0.21989918,-1.51458611,NA,NA,NA,NA,14549044,319711314,4.550681619,1.515277028,1,Low,1142869.81,13.94905303,51.043432,26.3975841
Rivne,2022,May,5/1/22,4,0.158881113,0.158881113,-1.839599073,0.17905729,0.88731999,-0.119549606,0.01971377,8.05939772,2.086838829,1,14549044,319711314,4.550681619,1.515277028,1,Low,1142869.81,13.94905303,51.043432,26.3975841
Rivne,2022,June,6/1/22,5,NA,0.136732419,-1.989729409,0.181979952,0.751359793,-0.285870657,0.01971377,6.935883852,1.936708494,2,14549044,319711314,4.550681619,1.515277028,1,Low,1142869.81,13.94905303,51.043432,26.3975841
Rivne,2022,July,7/1/22,6,NA,0.114583726,-2.166449492,0.184902613,0.61969771,-0.478523484,0.01971377,5.812370034,1.759988411,3,14549044,319711314,4.550681619,1.515277028,0,None,1142869.81,13.94905303,51.043432,26.3975841
Rivne,2022,August,8/1/22,7,0.092435032,0.092435032,-2.381249238,0.112807299,0.819406484,-0.199175001,0.01971377,4.688856165,1.545188665,4,14549044,319711314,4.550681619,1.515277028,2,Low,1142869.81,13.94905303,51.043432,26.3975841
Rivne,2022,September,9/1/22,8,0.092061587,0.092061587,-2.385297502,0.133986592,0.687095518,-0.37528196,0.01971377,4.669912807,1.541140401,5,14549044,319711314,4.550681619,1.515277028,0,None,1142869.81,13.94905303,51.043432,26.3975841
Rivne,2022,October,10/1/22,9,0.044504508,0.044504508,-3.112164792,0.092627195,0.48046913,-0.732992298,0.01971377,2.257534099,0.814273111,6,14549044,319711314,4.550681619,1.515277028,1,Low,1142869.81,13.94905303,51.043432,26.3975841
Rivne,2022,November,11/1/22,10,0.151450276,0.151450276,-1.887497919,0.120187459,1.260117134,0.23120468,0.01971377,7.682461346,2.038939984,7,14549044,319711314,4.550681619,1.515277028,1,Low,1142869.81,13.94905303,51.043432,26.3975841
Rivne,2022,December,12/1/22,11,0.13468793,0.13468793,-2.004794806,0.151296817,0.890223157,-0.116283109,0.01971377,6.832175175,1.921643097,8,14549044,319711314,4.550681619,1.515277028,1,Low,1142869.81,13.94905303,51.043432,26.3975841
Rivne,2023,January,1/1/23,12,0.33422029,0.33422029,-1.095954953,0.192112373,1.739712463,0.553719848,0.01971377,16.95364661,2.83048295,9,13573422,319711314,4.245524448,1.445865357,0,None,1141658.553,13.94799263,51.043432,26.3975841
Rivne,2023,February,2/1/23,13,0.418514103,0.418514103,-0.871044691,0.162065948,2.582369136,0.948707247,0.01971377,21.22953159,3.055393212,10,13573422,319711314,4.245524448,1.445865357,0,None,1141658.553,13.94799263,51.043432,26.3975841
Rivne,2023,March,3/1/23,14,0.247035086,0.247035086,-1.398224904,0.085828933,2.878226238,1.057174215,0.01971377,12.53109304,2.528212999,11,13573422,319711314,4.245524448,1.445865357,0,None,1141658.553,13.94799263,51.043432,26.3975841
Rivne,2023,April,4/1/23,15,0.148411393,0.148411393,-1.907767179,0.09697978,1.53033337,0.425485601,0.01971377,7.528311074,2.018670724,12,13573422,319711314,4.245524448,1.445865357,0,None,1141658.553,13.94799263,51.043432,26.3975841
Rivne,2023,May,5/1/23,16,0.341579914,0.341579914,-1.074173619,0.17905729,1.907657116,0.645875848,0.01971377,17.32697064,2.852264284,13,13573422,319711314,4.245524448,1.445865357,1,Low,1141658.553,13.94799263,51.043432,26.3975841
Rivne,2023,June,6/1/23,17,NA,0.26795735,-1.316927453,0.181979952,1.472455328,0.386931299,0.01971377,13.59239506,2.60951045,14,13573422,319711314,4.245524448,1.445865357,0,None,1141658.553,13.94799263,51.043432,26.3975841
Rivne,2023,July,7/1/23,18,0.646700144,0.194334785,-1.638172911,0.184902613,1.051011565,0.049753096,0.01971377,9.857819433,2.288264991,15,13573422,319711314,4.245524448,1.445865357,1,Low,1141658.553,13.94799263,51.043432,26.3975841
Rivne,2023,August,8/1/23,19,0.120712221,0.120712221,-2.114345905,0.112807299,1.070074565,0.067728333,0.01971377,6.123243854,1.812091998,16,13573422,319711314,4.245524448,1.445865357,3,Medium,1141658.553,13.94799263,51.043432,26.3975841
Rivne,2023,September,9/1/23,20,0.069728173,0.069728173,-2.663150839,0.133986592,0.520411571,-0.653135298,0.01971377,3.537028838,1.263287063,17,13573422,319711314,4.245524448,1.445865357,1,Low,1141658.553,13.94799263,51.043432,26.3975841
Rivne,2023,October,10/1/23,21,0.079606615,0.079606615,-2.530658087,0.092627195,0.859430265,-0.151485592,0.01971377,4.038122338,1.395779816,18,13573422,319711314,4.245524448,1.445865357,0,None,1141658.553,13.94799263,51.043432,26.3975841
Rivne,2023,November,11/1/23,22,0.114821851,0.114821851,-2.164373473,0.120187459,0.955356343,-0.045670874,0.01971377,5.824449154,1.762064429,19,13573422,319711314,4.245524448,1.445865357,0,None,1141658.553,13.94799263,51.043432,26.3975841
Rivne,2023,December,12/1/23,23,0.328778058,0.328778058,-1.112372352,0.151296817,2.173066589,0.776139345,0.01971377,16.67758415,2.814065551,20,13573422,319711314,4.245524448,1.445865357,0,None,1141658.553,13.94799263,51.043432,26.3975841
Rivne,2024,January,1/1/24,24,0.420786262,0.420786262,-0.865630265,0.192112373,2.190313174,0.784044535,0.01971377,21.34478905,3.060807637,21,13573221,319711314,4.245461579,1.445850549,0,None,1140447.297,13.94693111,51.043432,26.3975841
Rivne,2024,February,2/1/24,25,0.061027028,0.061027028,-2.796438431,0.162065948,0.376556757,-0.976686494,0.01971377,3.095654865,1.129999472,22,13573221,319711314,4.245461579,1.445850549,0,None,1140447.297,13.94693111,51.043432,26.3975841
Rivne,2024,March,3/1/24,26,0.082263596,0.082263596,-2.497826602,0.085828933,0.958459967,-0.042427484,0.01971377,4.172900262,1.428611301,23,13573221,319711314,4.245461579,1.445850549,1,Low,1140447.297,13.94693111,51.043432,26.3975841
Rivne,2024,April,4/1/24,27,0.107616924,0.107616924,-2.229177357,0.09697978,1.109684146,0.104075422,0.01971377,5.458972282,1.697260545,24,13573221,319711314,4.245461579,1.445850549,1,Low,1140447.297,13.94693111,51.043432,26.3975841
Rivne,2024,May,5/1/24,28,0.420985937,0.420985937,-0.86515585,0.17905729,2.351124248,0.854893617,0.01971377,21.35491776,3.061282053,25,13573221,319711314,4.245461579,1.445850549,0,None,1140447.297,13.94693111,51.043432,26.3975841
Rivne,2024,June,6/1/24,29,NA,0.306473673,-1.182623423,0.181979952,1.684106791,0.521235329,0.01971377,15.5461727,2.74381448,26,13573221,319711314,4.245461579,1.445850549,0,None,1140447.297,13.94693111,51.043432,26.3975841
Sevastopol',2022,February,2/1/22,1,7.08187151,7.08187151,1.95753821,5.821565628,1.216489165,0.195968977,NA,NA,NA,NA,2375679,10924862,21.74562022,3.079412368,0,None,379791.6771,12.84737816,44.5731485,33.6527207
Sevastopol',2022,March,3/1/22,2,6.985512257,6.985512257,1.943838327,5.030298074,1.38868754,0.328359085,NA,NA,NA,NA,2375679,10924862,21.74562022,3.079412368,0,None,379791.6771,12.84737816,44.5731485,33.6527207
Sevastopol',2022,April,4/1/22,3,7.145666122,7.145666122,1.966506036,5.387121519,1.326434924,0.282494835,NA,NA,NA,NA,2375679,10924862,21.74562022,3.079412368,0,None,379791.6771,12.84737816,44.5731485,33.6527207
Sevastopol',2022,May,5/1/22,4,6.977233887,6.977233887,1.942652547,4.992939472,1.397420082,0.334627738,NA,NA,NA,NA,2375679,10924862,21.74562022,3.079412368,0,None,379791.6771,12.84737816,44.5731485,33.6527207
Sevastopol',2022,June,6/1/22,5,6.499767303,6.68903184,1.900469146,4.847243866,1.379966023,0.322058878,NA,NA,NA,NA,2375679,10924862,21.74562022,3.079412368,0,None,379791.6771,12.84737816,44.5731485,33.6527207
Sevastopol',2022,July,7/1/22,6,6.400829792,6.400829792,1.856427637,4.701548258,1.361430201,0.308535766,NA,NA,NA,NA,2375679,10924862,21.74562022,3.079412368,1,Low,379791.6771,12.84737816,44.5731485,33.6527207
Sevastopol',2022,August,8/1/22,7,6.087288857,6.087288857,1.806202803,4.875069936,1.248656724,0.222068353,NA,NA,NA,NA,2375679,10924862,21.74562022,3.079412368,3,Medium,379791.6771,12.84737816,44.5731485,33.6527207
Sevastopol',2022,September,9/1/22,8,6.34317255,6.34317255,1.847379045,4.918130557,1.289752778,0.254450555,NA,NA,NA,NA,2375679,10924862,21.74562022,3.079412368,3,Medium,379791.6771,12.84737816,44.5731485,33.6527207
Sevastopol',2022,October,10/1/22,9,6.274795532,6.274795532,1.8365409,5.041013559,1.244748791,0.218933735,6.215230704,1.009583687,0.009538055,1,2375679,10924862,21.74562022,3.079412368,3,Medium,379791.6771,12.84737816,44.5731485,33.6527207
Sevastopol',2022,November,11/1/22,10,6.41202879,6.41202879,1.858175725,5.02745374,1.275402842,0.243262083,6.215230704,1.031663842,0.03117288,2,2375679,10924862,21.74562022,3.079412368,2,Low,379791.6771,12.84737816,44.5731485,33.6527207
Sevastopol',2022,December,12/1/22,11,6.718532562,6.718532562,1.904869762,5.378125985,1.249233019,0.222529778,6.215230704,1.080978789,0.077866917,3,2375679,10924862,21.74562022,3.079412368,0,None,379791.6771,12.84737816,44.5731485,33.6527207
Sevastopol',2023,January,1/1/23,12,7.033863544,7.033863544,1.950736134,5.428417027,1.29574856,0.259088567,6.215230704,1.131713991,0.12373329,4,2448569,10924862,22.412814,3.109632849,1,Low,379586.5787,12.84683799,44.5731485,33.6527207
Sevastopol',2023,February,2/1/23,13,7.723356724,7.723356724,2.044249078,5.821565628,1.32668035,0.282679845,6.215230704,1.242650047,0.217246234,5,2448569,10924862,22.412814,3.109632849,0,None,379586.5787,12.84683799,44.5731485,33.6527207
Sevastopol',2023,March,3/1/23,14,7.383626938,7.383626938,1.999264973,5.030298074,1.467830898,0.383785731,6.215230704,1.187989198,0.172262128,6,2448569,10924862,22.412814,3.109632849,3,Medium,379586.5787,12.84683799,44.5731485,33.6527207
Sevastopol',2023,April,4/1/23,15,6.666800499,6.666800499,1.89714006,5.387121519,1.237544109,0.213128858,6.215230704,1.072655355,0.070137214,7,2448569,10924862,22.412814,3.109632849,1,Low,379586.5787,12.84683799,44.5731485,33.6527207
Sevastopol',2023,May,5/1/23,16,7.10930872,7.10930872,1.961405013,4.992939472,1.423872402,0.353380204,6.215230704,1.143852748,0.134402168,8,2448569,10924862,22.412814,3.109632849,0,None,379586.5787,12.84683799,44.5731485,33.6527207
Sevastopol',2023,June,6/1/23,17,6.908085823,6.747354746,1.909150539,4.847243866,1.391998202,0.33074027,6.215230704,1.085616137,0.082147694,9,2448569,10924862,22.412814,3.109632849,0,None,379586.5787,12.84683799,44.5731485,33.6527207
Sevastopol',2023,July,7/1/23,18,6.385400772,6.385400772,1.854014255,4.701548258,1.358148512,0.306122384,6.215230704,1.027379526,0.027011411,10,2448569,10924862,22.412814,3.109632849,4,Medium,379586.5787,12.84683799,44.5731485,33.6527207
Sevastopol',2023,August,8/1/23,19,6.597222805,6.597222805,1.886648773,4.875069936,1.353257059,0.302514323,6.215230704,1.061460647,0.059645928,11,2448569,10924862,22.412814,3.109632849,1,Low,379586.5787,12.84683799,44.5731485,33.6527207
Sevastopol',2023,September,9/1/23,20,6.706003666,6.706003666,1.903003195,4.918130557,1.363526972,0.310074705,6.215230704,1.078962952,0.07600035,12,2448569,10924862,22.412814,3.109632849,5,Medium,379586.5787,12.84683799,44.5731485,33.6527207
Sevastopol',2023,October,10/1/23,21,6.677910328,6.677910328,1.898805113,5.041013559,1.324715804,0.281197949,6.215230704,1.074442872,0.071802269,13,2448569,10924862,22.412814,3.109632849,6,Medium,379586.5787,12.84683799,44.5731485,33.6527207
Sevastopol',2023,November,11/1/23,22,6.660665989,6.660665989,1.896219478,5.02745374,1.324858732,0.281305836,6.215230704,1.071668343,0.069216633,14,2448569,10924862,22.412814,3.109632849,1,Low,379586.5787,12.84683799,44.5731485,33.6527207
Sevastopol',2023,December,12/1/23,23,7.375281334,7.375281334,1.998134048,5.378125985,1.371347818,0.315794065,6.215230704,1.186646431,0.171131204,15,2448569,10924862,22.412814,3.109632849,0,None,379586.5787,12.84683799,44.5731485,33.6527207
Sevastopol',2024,January,1/1/24,24,7.682507515,7.682507515,2.038945993,5.428417027,1.415239006,0.347298426,6.215230704,1.23607761,0.211943148,16,2642775,10924862,24.19046575,3.185958578,3,Medium,379381.4802,12.84629752,44.5731485,33.6527207
Sevastopol',2024,February,2/1/24,25,7.127734184,7.127734184,1.963993398,5.821565628,1.22436723,0.202424164,6.215230704,1.146817314,0.136990553,17,2642775,10924862,24.19046575,3.185958578,1,Low,379381.4802,12.84629752,44.5731485,33.6527207
Sevastopol',2024,March,3/1/24,26,7.302865982,7.302865982,1.988266871,5.030298074,1.451775993,0.37278763,6.215230704,1.174995158,0.161264027,18,2642775,10924862,24.19046575,3.185958578,2,Low,379381.4802,12.84629752,44.5731485,33.6527207
Sevastopol',2024,April,4/1/24,27,7.460946083,7.460946083,2.009682227,5.387121519,1.384959678,0.325671026,6.215230704,1.200429467,0.182679382,19,2642775,10924862,24.19046575,3.185958578,3,Medium,379381.4802,12.84629752,44.5731485,33.6527207
Sevastopol',2024,May,5/1/24,28,6.765796185,6.765796185,1.911879946,4.992939472,1.355072743,0.303855138,6.215230704,1.088583273,0.084877101,20,2642775,10924862,24.19046575,3.185958578,1,Low,379381.4802,12.84629752,44.5731485,33.6527207
Sevastopol',2024,June,6/1/24,29,6.399927139,6.399927139,1.856286606,4.847243866,1.320322913,0.277876338,6.215230704,1.029716746,0.029283761,21,2642775,10924862,24.19046575,3.185958578,1,Low,379381.4802,12.84629752,44.5731485,33.6527207
Sumy,2022,February,2/1/22,1,0.217101634,0.217101634,-1.527389676,0.180093154,1.205496316,0.186891363,NA,NA,NA,NA,12679864,377424405,3.359577132,1.211815112,12,High,1036005.989,13.85088348,51.0947926,34.1431234
Sumy,2022,March,3/1/22,2,0.05469574,0.05469574,-2.905969452,0.09856758,0.554905982,-0.588956581,NA,NA,NA,NA,12679864,377424405,3.359577132,1.211815112,55,High,1036005.989,13.85088348,51.0947926,34.1431234
Sumy,2022,April,4/1/22,3,0.031037595,0.031037595,-3.472556067,0.106182459,0.292304354,-1.229959711,NA,NA,NA,NA,12679864,377424405,3.359577132,1.211815112,23,High,1036005.989,13.85088348,51.0947926,34.1431234
Sumy,2022,May,5/1/22,4,0.073863856,0.073863856,-2.605531664,0.200188031,0.368972389,-0.997033464,NA,NA,NA,NA,12679864,377424405,3.359577132,1.211815112,85,High,1036005.989,13.85088348,51.0947926,34.1431234
Sumy,2022,June,6/1/22,5,NA,0.090797109,-2.399127833,0.20167527,0.450214392,-0.798031383,NA,NA,NA,NA,12679864,377424405,3.359577132,1.211815112,136,Severe,1036005.989,13.85088348,51.0947926,34.1431234
Sumy,2022,July,7/1/22,6,NA,0.107730361,-2.228123831,0.203162508,0.530266938,-0.634374743,NA,NA,NA,NA,12679864,377424405,3.359577132,1.211815112,167,Severe,1036005.989,13.85088348,51.0947926,34.1431234
Sumy,2022,August,8/1/22,7,0.124663614,0.124663614,-2.082136257,0.136341023,0.914351462,-0.08954025,NA,NA,NA,NA,12679864,377424405,3.359577132,1.211815112,181,Severe,1036005.989,13.85088348,51.0947926,34.1431234
Sumy,2022,September,9/1/22,8,0.04122968,0.04122968,-3.188596894,0.115289333,0.357619208,-1.028286523,NA,NA,NA,NA,12679864,377424405,3.359577132,1.211815112,170,Severe,1036005.989,13.85088348,51.0947926,34.1431234
Sumy,2022,October,10/1/22,9,0.002516181,0.002516181,-5.985013003,0.098893205,0.025443416,-3.671298273,NA,NA,NA,NA,12679864,377424405,3.359577132,1.211815112,161,Severe,1036005.989,13.85088348,51.0947926,34.1431234
Sumy,2022,November,11/1/22,10,0.091921419,0.091921419,-2.386821208,0.104685306,0.878073745,-0.130024697,NA,NA,NA,NA,12679864,377424405,3.359577132,1.211815112,158,Severe,1036005.989,13.85088348,51.0947926,34.1431234
Sumy,2022,December,12/1/22,11,0.256572753,0.256572753,-1.360343017,0.156104217,1.643599112,0.496888418,NA,NA,NA,NA,12679864,377424405,3.359577132,1.211815112,185,Severe,1036005.989,13.85088348,51.0947926,34.1431234
Sumy,2023,January,1/1/23,12,0.451466978,0.451466978,-0.795253047,0.156112284,2.891937571,1.061926717,NA,NA,NA,NA,11689834,377424405,3.097265001,1.130519464,197,Severe,1024552.779,13.83976676,51.0947926,34.1431234
Sumy,2023,February,2/1/23,13,0.255052,0.255052,-1.366287833,0.180093154,1.416222626,0.347993205,NA,NA,NA,NA,11689834,377424405,3.097265001,1.130519464,274,Severe,1024552.779,13.83976676,51.0947926,34.1431234
Sumy,2023,March,3/1/23,14,0.134298861,0.134298861,-2.007687657,0.09856758,1.362505405,0.309325215,NA,NA,NA,NA,11689834,377424405,3.097265001,1.130519464,279,Severe,1024552.779,13.83976676,51.0947926,34.1431234
Sumy,2023,April,4/1/23,15,0.091097958,0.091097958,-2.39581989,0.106182459,0.857937923,-0.153223533,NA,NA,NA,NA,11689834,377424405,3.097265001,1.130519464,235,Severe,1024552.779,13.83976676,51.0947926,34.1431234
Sumy,2023,May,5/1/23,16,0.237173423,0.237173423,-1.438963663,0.200188031,1.184753265,0.169534538,NA,NA,NA,NA,11689834,377424405,3.097265001,1.130519464,298,Severe,1024552.779,13.83976676,51.0947926,34.1431234
Sumy,2023,June,6/1/23,17,NA,0.163308434,-1.812114633,0.20167527,0.809759344,-0.211018182,NA,NA,NA,NA,11689834,377424405,3.097265001,1.130519464,373,Severe,1024552.779,13.83976676,51.0947926,34.1431234
Sumy,2023,July,7/1/23,18,NA,0.089443444,-2.414148764,0.203162508,0.44025566,-0.820399675,NA,NA,NA,NA,11689834,377424405,3.097265001,1.130519464,293,Severe,1024552.779,13.83976676,51.0947926,34.1431234
Sumy,2023,August,8/1/23,19,0.015578455,0.015578455,-4.161866409,0.136341023,0.114260951,-2.169270403,NA,NA,NA,NA,11689834,377424405,3.097265001,1.130519464,338,Severe,1024552.779,13.83976676,51.0947926,34.1431234
Sumy,2023,September,9/1/23,20,0.009561684,0.009561684,-4.649991417,0.115289333,0.082936415,-2.489681049,NA,NA,NA,NA,11689834,377424405,3.097265001,1.130519464,327,Severe,1024552.779,13.83976676,51.0947926,34.1431234
Sumy,2023,October,10/1/23,21,0.018222846,0.018222846,-4.005079197,0.098893205,0.184267928,-1.69136445,0.01257007,1.449701235,0.37135749,1,11689834,377424405,3.097265001,1.130519464,228,Severe,1024552.779,13.83976676,51.0947926,34.1431234
Sumy,2023,November,11/1/23,22,0.249045998,0.249045998,-1.390117669,0.104685306,2.378996697,0.866678843,0.01257007,19.81261823,2.986319019,2,11689834,377424405,3.097265001,1.130519464,268,Severe,1024552.779,13.83976676,51.0947926,34.1431234
Sumy,2023,December,12/1/23,23,0.197264075,0.197264075,-1.623211966,0.156104217,1.263669095,0.23401947,0.01257007,15.69315644,2.753224722,3,11689834,377424405,3.097265001,1.130519464,253,Severe,1024552.779,13.83976676,51.0947926,34.1431234
Sumy,2024,January,1/1/24,24,0.173382625,0.173382625,-1.752254422,0.156112284,1.110627691,0.104925343,0.01257007,13.79329033,2.624182266,4,11045972,377424405,2.926671369,1.073865726,296,Severe,1013099.568,13.82852507,51.0947926,34.1431234
Sumy,2024,February,2/1/24,25,0.160017595,0.160017595,-1.832471501,0.180093154,0.888526805,-0.118190463,0.01257007,12.73004804,2.543965186,5,11045972,377424405,2.926671369,1.073865726,323,Severe,1013099.568,13.82852507,51.0947926,34.1431234
Sumy,2024,March,3/1/24,26,0.016941624,0.016941624,-4.077981727,0.09856758,0.171878258,-1.760968855,0.01257007,1.347774833,0.298454961,6,11045972,377424405,2.926671369,1.073865726,414,Severe,1013099.568,13.82852507,51.0947926,34.1431234
Sumy,2024,April,4/1/24,27,0.038627237,0.038627237,-3.25379763,0.106182459,0.363781716,-1.011201273,0.01257007,3.072953213,1.122639058,7,11045972,377424405,2.926671369,1.073865726,315,Severe,1013099.568,13.82852507,51.0947926,34.1431234
Sumy,2024,May,5/1/24,28,0.067110054,0.067110054,-2.70142141,0.200188031,0.335235098,-1.092923208,0.01257007,5.338876713,1.675015277,8,11045972,377424405,2.926671369,1.073865726,277,Severe,1013099.568,13.82852507,51.0947926,34.1431234
Sumy,2024,June,6/1/24,29,NA,0.039806074,-3.223735765,0.20167527,0.197377071,-1.622639314,0.01257007,3.166734473,1.152700922,9,11045972,377424405,2.926671369,1.073865726,152,Severe,1013099.568,13.82852507,51.0947926,34.1431234
Ternopil,2022,February,2/1/22,1,0.231309265,0.231309265,-1.463999654,0.255811428,0.904217872,-0.100684939,NA,NA,NA,NA,12593697,213604297,5.895806956,1.774241413,0,None,1025008.39,13.84021136,49.4025625,25.6400054
Ternopil,2022,March,3/1/22,2,0.004987165,0.004987165,-5.300887667,0.110626223,0.045081219,-3.099289549,NA,NA,NA,NA,12593697,213604297,5.895806956,1.774241413,0,None,1025008.39,13.84021136,49.4025625,25.6400054
Ternopil,2022,April,4/1/22,3,0.004697179,0.004697179,-5.360793163,0.11579218,0.040565598,-3.204834911,NA,NA,NA,NA,12593697,213604297,5.895806956,1.774241413,2,Low,1025008.39,13.84021136,49.4025625,25.6400054
Ternopil,2022,May,5/1/22,4,0.037984271,0.037984271,-3.270583126,0.19290711,0.196904464,-1.625036622,0.004842172,7.844469589,2.059808773,1,12593697,213604297,5.895806956,1.774241413,0,None,1025008.39,13.84021136,49.4025625,25.6400054
Ternopil,2022,June,6/1/22,5,NA,0.033043802,-3.409921264,0.178220652,0.1854095,-1.685188387,0.004842172,6.824169402,1.920470634,2,12593697,213604297,5.895806956,1.774241413,1,Low,1025008.39,13.84021136,49.4025625,25.6400054
Ternopil,2022,July,7/1/22,6,0.028103333,0.028103333,-3.571867098,0.163534194,0.171849888,-1.761133927,0.004842172,5.803869214,1.758524801,3,12593697,213604297,5.895806956,1.774241413,0,None,1025008.39,13.84021136,49.4025625,25.6400054
Ternopil,2022,August,8/1/22,7,0.082967326,0.082967326,-2.489308411,0.138542627,0.598857752,-0.512731185,0.004842172,17.1343203,2.841083487,4,12593697,213604297,5.895806956,1.774241413,0,None,1025008.39,13.84021136,49.4025625,25.6400054
Ternopil,2022,September,9/1/22,8,0.068273216,0.068273216,-2.684237742,0.110376707,0.618547317,-0.480381587,0.004842172,14.09970897,2.646154157,5,12593697,213604297,5.895806956,1.774241413,0,None,1025008.39,13.84021136,49.4025625,25.6400054
Ternopil,2022,October,10/1/22,9,0.008096277,0.008096277,-4.816350953,0.108596697,0.074553621,-2.596236668,0.004842172,1.672034162,0.514040946,6,12593697,213604297,5.895806956,1.774241413,1,Low,1025008.39,13.84021136,49.4025625,25.6400054
Ternopil,2022,November,11/1/22,10,0.068430811,0.068430811,-2.681932103,0.152168232,0.449704975,-0.799163522,0.004842172,14.13225532,2.648459796,7,12593697,213604297,5.895806956,1.774241413,1,Low,1025008.39,13.84021136,49.4025625,25.6400054
Ternopil,2022,December,12/1/22,11,0.066992119,0.066992119,-2.703180293,0.221546928,0.302383426,-1.196059444,0.004842172,13.83513824,2.627211605,8,12593697,213604297,5.895806956,1.774241413,0,None,1025008.39,13.84021136,49.4025625,25.6400054
Ternopil,2023,January,1/1/23,12,0.54192698,0.54192698,-0.61262401,0.22793144,2.377587664,0.866086387,0.004842172,111.9181599,4.717767889,9,12183901,213604297,5.703958755,1.741160452,0,None,1019765.661,13.83508341,49.4025625,25.6400054
Ternopil,2023,February,2/1/23,13,0.296624571,0.296624571,-1.21528801,0.255811428,1.159543861,0.148026705,0.004842172,61.25857797,4.115103888,10,12183901,213604297,5.703958755,1.741160452,0,None,1019765.661,13.83508341,49.4025625,25.6400054
Ternopil,2023,March,3/1/23,14,0.189383626,0.189383626,-1.663980554,0.110626223,1.711923451,0.537617564,0.004842172,39.11129675,3.666411345,11,12183901,213604297,5.703958755,1.741160452,1,Low,1019765.661,13.83508341,49.4025625,25.6400054
Ternopil,2023,April,4/1/23,15,0.174416095,0.174416095,-1.746311484,0.11579218,1.506285614,0.409646762,0.004842172,36.02021882,3.584080415,12,12183901,213604297,5.703958755,1.741160452,0,None,1019765.661,13.83508341,49.4025625,25.6400054
Ternopil,2023,May,5/1/23,16,0.297622889,0.297622889,-1.211928067,0.19290711,1.542830067,0.433618436,0.004842172,61.4647495,4.118463832,13,12183901,213604297,5.703958755,1.741160452,3,Medium,1019765.661,13.83508341,49.4025625,25.6400054
Ternopil,2023,June,6/1/23,17,NA,0.483158931,-0.72740963,0.178220652,2.711015388,0.997323247,0.004842172,99.78144746,4.602982269,14,12183901,213604297,5.703958755,1.741160452,0,None,1019765.661,13.83508341,49.4025625,25.6400054
Ternopil,2023,July,7/1/23,18,0.668694973,0.668694973,-0.402427268,0.163534194,4.089022334,1.408305903,0.004842172,138.0981454,4.927964631,15,12183901,213604297,5.703958755,1.741160452,0,None,1019765.661,13.83508341,49.4025625,25.6400054
Ternopil,2023,August,8/1/23,19,0.067877881,0.067877881,-2.690045056,0.138542627,0.489942212,-0.71346783,0.004842172,14.01806483,2.640346843,16,12183901,213604297,5.703958755,1.741160452,0,None,1019765.661,13.83508341,49.4025625,25.6400054
Ternopil,2023,September,9/1/23,20,0.027765622,0.027765622,-3.583956642,0.110376707,0.251553274,-1.380100487,0.004842172,5.734125512,1.746435256,17,12183901,213604297,5.703958755,1.741160452,0,None,1019765.661,13.83508341,49.4025625,25.6400054
Ternopil,2023,October,10/1/23,21,0.042791177,0.042791177,-3.151423343,0.108596697,0.394037554,-0.93130906,0.004842172,8.837186494,2.178968556,18,12183901,213604297,5.703958755,1.741160452,0,None,1019765.661,13.83508341,49.4025625,25.6400054
Ternopil,2023,November,11/1/23,22,0.147204146,0.147204146,-1.915934907,0.152168232,0.967377646,-0.033166326,0.004842172,30.40043724,3.414456991,19,12183901,213604297,5.703958755,1.741160452,0,None,1019765.661,13.83508341,49.4025625,25.6400054
Ternopil,2023,December,12/1/23,23,0.414506376,0.414506376,-0.880666922,0.221546928,1.870964223,0.626453925,0.004842172,85.60339781,4.449724976,20,12183901,213604297,5.703958755,1.741160452,0,None,1019765.661,13.83508341,49.4025625,25.6400054
Ternopil,2024,January,1/1/24,24,0.343466043,0.343466043,-1.068667028,0.22793144,1.506883136,0.410043369,0.004842172,70.9322269,4.26172487,21,11006950,213604297,5.152962817,1.639571854,0,None,1014522.933,13.82992904,49.4025625,25.6400054
Ternopil,2024,February,2/1/24,25,0.034170814,0.034170814,-3.376383391,0.255811428,0.133578137,-2.013068676,0.004842172,7.056918672,1.954008508,22,11006950,213604297,5.152962817,1.639571854,0,None,1014522.933,13.82992904,49.4025625,25.6400054
Ternopil,2024,March,3/1/24,26,0.054643624,0.054643624,-2.906922741,0.110626223,0.493948201,-0.705324624,0.004842172,11.28494072,2.423469157,23,11006950,213604297,5.152962817,1.639571854,2,Low,1014522.933,13.82992904,49.4025625,25.6400054
Ternopil,2024,April,4/1/24,27,0.05543831,0.05543831,-2.892484408,0.11579218,0.478774214,-0.736526162,0.004842172,11.4490584,2.437907491,24,11006950,213604297,5.152962817,1.639571854,0,None,1014522.933,13.82992904,49.4025625,25.6400054
Ternopil,2024,May,5/1/24,28,0.052154899,0.052154899,-2.953537161,0.19290711,0.270362762,-1.307990659,0.004842172,10.77097199,2.376854737,25,11006950,213604297,5.152962817,1.639571854,0,None,1014522.933,13.82992904,49.4025625,25.6400054
Ternopil,2024,June,6/1/24,29,NA,0.10363181,-2.26691095,0.178220652,0.581480365,-0.542178074,0.004842172,21.40192666,3.063480949,26,11006950,213604297,5.152962817,1.639571854,0,None,1014522.933,13.82992904,49.4025625,25.6400054
Vinnytsia,2022,February,2/1/22,1,0.288607687,0.288607687,-1.242686998,0.286118356,1.008700354,0.008662724,NA,NA,NA,NA,23971847,403962644,5.934174201,1.780727878,3,Medium,1517825.73,14.23278943,48.9265459,28.6920869
Vinnytsia,2022,March,3/1/22,2,0.073002614,0.073002614,-2.61726003,0.128431812,0.568415355,-0.564902869,NA,NA,NA,NA,23971847,403962644,5.934174201,1.780727878,3,Medium,1517825.73,14.23278943,48.9265459,28.6920869
Vinnytsia,2022,April,4/1/22,3,0.105145752,0.105145752,-2.252407777,0.145011996,0.725083129,-0.32146897,NA,NA,NA,NA,23971847,403962644,5.934174201,1.780727878,3,Medium,1517825.73,14.23278943,48.9265459,28.6920869
Vinnytsia,2022,May,5/1/22,4,0.078592449,0.078592449,-2.543479653,0.200346186,0.39228323,-0.935771175,NA,NA,NA,NA,23971847,403962644,5.934174201,1.780727878,0,None,1517825.73,14.23278943,48.9265459,28.6920869
Vinnytsia,2022,June,6/1/22,5,NA,0.084284253,-2.473560229,0.199605939,0.422253232,-0.862150069,NA,NA,NA,NA,23971847,403962644,5.934174201,1.780727878,0,None,1517825.73,14.23278943,48.9265459,28.6920869
Vinnytsia,2022,July,7/1/22,6,0.089976057,0.089976057,-2.408211677,0.198865692,0.452446353,-0.79308608,NA,NA,NA,NA,23971847,403962644,5.934174201,1.780727878,1,Low,1517825.73,14.23278943,48.9265459,28.6920869
Vinnytsia,2022,August,8/1/22,7,0.179984182,0.179984182,-1.71488631,0.155364154,1.158466592,0.147097227,NA,NA,NA,NA,23971847,403962644,5.934174201,1.780727878,1,Low,1517825.73,14.23278943,48.9265459,28.6920869
Vinnytsia,2022,September,9/1/22,8,0.106742539,0.106742539,-2.237335522,0.139771195,0.76369483,-0.269587007,NA,NA,NA,NA,23971847,403962644,5.934174201,1.780727878,0,None,1517825.73,14.23278943,48.9265459,28.6920869
Vinnytsia,2022,October,10/1/22,9,0.051938929,0.051938929,-2.957686693,0.145395299,0.357225643,-1.029387644,NA,NA,NA,NA,23971847,403962644,5.934174201,1.780727878,6,Medium,1517825.73,14.23278943,48.9265459,28.6920869
Vinnytsia,2022,November,11/1/22,10,0.12235041,0.12235041,-2.100866138,0.249293521,0.490788567,-0.711741861,0.079340734,1.542088204,0.433137475,1,23971847,403962644,5.934174201,1.780727878,2,Low,1517825.73,14.23278943,48.9265459,28.6920869
Vinnytsia,2022,December,12/1/22,11,0.080561355,0.080561355,-2.518736211,0.232170875,0.34699165,-1.058454563,0.079340734,1.015384544,0.015267402,2,23971847,403962644,5.934174201,1.780727878,2,Low,1517825.73,14.23278943,48.9265459,28.6920869
Vinnytsia,2023,January,1/1/23,12,0.538912535,0.538912535,-0.618201994,0.269524597,1.999492966,0.692893631,0.079340734,6.792381515,1.915801619,3,25868182,403962644,6.403607458,1.856861497,2,Low,1506792.162,14.22549355,48.9265459,28.6920869
Vinnytsia,2023,February,2/1/23,13,0.537119687,0.537119687,-0.621534328,0.286118356,1.877263991,0.629815393,0.079340734,6.769784698,1.912469284,4,25868182,403962644,6.403607458,1.856861497,0,None,1506792.162,14.22549355,48.9265459,28.6920869
Vinnytsia,2023,March,3/1/23,14,0.146306798,0.146306798,-1.922049506,0.128431812,1.139178804,0.130307655,0.079340734,1.844031314,0.611954107,5,25868182,403962644,6.403607458,1.856861497,1,Low,1506792.162,14.22549355,48.9265459,28.6920869
Vinnytsia,2023,April,4/1/23,15,0.364028126,0.364028126,-1.010524145,0.145011996,2.510331112,0.920414662,0.079340734,4.588161814,1.523479468,6,25868182,403962644,6.403607458,1.856861497,1,Low,1506792.162,14.22549355,48.9265459,28.6920869
Vinnytsia,2023,May,5/1/23,16,0.283186853,0.283186853,-1.261648341,0.200346186,1.413487615,0.346060136,0.079340734,3.569249221,1.272355271,7,25868182,403962644,6.403607458,1.856861497,0,None,1506792.162,14.22549355,48.9265459,28.6920869
Vinnytsia,2023,June,6/1/23,17,NA,0.474263042,-0.74599317,0.199605939,2.375996644,0.865416989,0.079340734,5.977547952,1.788010442,8,25868182,403962644,6.403607458,1.856861497,0,None,1506792.162,14.22549355,48.9265459,28.6920869
Vinnytsia,2023,July,7/1/23,18,0.665339231,0.665339231,-0.407458247,0.198865692,3.345671269,1.207667352,0.079340734,8.385846682,2.126545366,9,25868182,403962644,6.403607458,1.856861497,1,Low,1506792.162,14.22549355,48.9265459,28.6920869
Vinnytsia,2023,August,8/1/23,19,0.151612267,0.151612267,-1.886428892,0.155364154,0.975851013,-0.024445355,0.079340734,1.910900736,0.64757472,10,25868182,403962644,6.403607458,1.856861497,0,None,1506792.162,14.22549355,48.9265459,28.6920869
Vinnytsia,2023,September,9/1/23,20,0.090675168,0.090675168,-2.400471741,0.139771195,0.648740021,-0.432723227,0.079340734,1.14285769,0.133531871,11,25868182,403962644,6.403607458,1.856861497,2,Low,1506792.162,14.22549355,48.9265459,28.6920869
Vinnytsia,2023,October,10/1/23,21,0.128400847,0.128400847,-2.052598291,0.145395299,0.883115535,-0.124299243,0.079340734,1.618347103,0.481405322,12,25868182,403962644,6.403607458,1.856861497,0,None,1506792.162,14.22549355,48.9265459,28.6920869
Vinnytsia,2023,November,11/1/23,22,0.203775033,0.203775033,-1.590738673,0.249293521,0.817410064,-0.201614396,0.079340734,2.568353262,0.943264939,13,25868182,403962644,6.403607458,1.856861497,1,Low,1506792.162,14.22549355,48.9265459,28.6920869
Vinnytsia,2023,December,12/1/23,23,0.493130744,0.493130744,-0.706980939,0.232170875,2.123999162,0.753300709,0.079340734,6.215353944,1.827022673,14,25868182,403962644,6.403607458,1.856861497,0,None,1506792.162,14.22549355,48.9265459,28.6920869
Vinnytsia,2024,January,1/1/24,24,0.447145551,0.447145551,-0.80487112,0.269524597,1.659015751,0.506224505,0.079340734,5.635762722,1.729132493,15,21133749,403962644,5.231609733,1.654719019,0,None,1495758.593,14.21814406,48.9265459,28.6920869
Vinnytsia,2024,February,2/1/24,25,0.236427471,0.236427471,-1.442113795,0.286118356,0.826327518,-0.190764073,0.079340734,2.979900224,1.091889818,16,21133749,403962644,5.231609733,1.654719019,2,Low,1495758.593,14.21814406,48.9265459,28.6920869
Vinnytsia,2024,March,3/1/24,26,0.125922099,0.125922099,-2.072091825,0.128431812,0.98045879,-0.019734664,0.079340734,1.587105294,0.461911787,17,21133749,403962644,5.231609733,1.654719019,5,Medium,1495758.593,14.21814406,48.9265459,28.6920869
Vinnytsia,2024,April,4/1/24,27,0.151001453,0.151001453,-1.89046582,0.145011996,1.041303181,0.040472987,0.079340734,1.903202118,0.643537793,18,21133749,403962644,5.231609733,1.654719019,0,None,1495758.593,14.21814406,48.9265459,28.6920869
Vinnytsia,2024,May,5/1/24,28,0.142595351,0.142595351,-1.947744373,0.200346186,0.711744773,-0.340035897,0.079340734,1.797252733,0.58625924,19,21133749,403962644,5.231609733,1.654719019,4,Medium,1495758.593,14.21814406,48.9265459,28.6920869
Vinnytsia,2024,June,6/1/24,29,NA,0.122444541,-2.100097078,0.199605939,0.613431351,-0.488686918,0.079340734,1.543274619,0.433906535,20,21133749,403962644,5.231609733,1.654719019,2,Low,1495758.593,14.21814406,48.9265459,28.6920869
Volyn,2022,February,2/1/22,1,0.200857446,0.200857446,-1.605159846,0.14003699,1.434317076,0.360688831,NA,NA,NA,NA,14968571,323604030,4.625582382,1.531602283,2,Low,1020217.703,13.8355266,51.2028583,24.8834892
Volyn,2022,March,3/1/22,2,0.029325256,0.029325256,-3.529306155,0.077898358,0.37645538,-0.976955751,NA,NA,NA,NA,14968571,323604030,4.625582382,1.531602283,2,Low,1020217.703,13.8355266,51.2028583,24.8834892
Volyn,2022,April,4/1/22,3,0.03094545,0.03094545,-3.475529302,0.085902502,0.360239216,-1.020986979,NA,NA,NA,NA,14968571,323604030,4.625582382,1.531602283,0,None,1020217.703,13.8355266,51.2028583,24.8834892
Volyn,2022,May,5/1/22,4,0.223714024,0.223714024,-1.497386721,0.149443,1.49698563,0.403453506,0.030135353,7.4236404,2.004669557,1,14968571,323604030,4.625582382,1.531602283,0,None,1020217.703,13.8355266,51.2028583,24.8834892
Volyn,2022,June,6/1/22,5,NA,0.171928038,-1.760679273,0.154982265,1.109340081,0.103765317,0.030135353,5.705194095,1.741377005,2,14968571,323604030,4.625582382,1.531602283,0,None,1020217.703,13.8355266,51.2028583,24.8834892
Volyn,2022,July,7/1/22,6,NA,0.120142053,-2.119080461,0.160521529,0.748448222,-0.289753253,0.030135353,3.986747824,1.382975817,3,14968571,323604030,4.625582382,1.531602283,1,Low,1020217.703,13.8355266,51.2028583,24.8834892
Volyn,2022,August,8/1/22,7,0.068356067,0.068356067,-2.683024956,0.117012228,0.584178836,-0.537548117,0.030135353,2.268301519,0.819031322,4,14968571,323604030,4.625582382,1.531602283,0,None,1020217.703,13.8355266,51.2028583,24.8834892
Volyn,2022,September,9/1/22,8,0.051400721,0.051400721,-2.968103079,0.160310482,0.320632315,-1.137460249,0.030135353,1.705661819,0.533953199,5,14968571,323604030,4.625582382,1.531602283,0,None,1020217.703,13.8355266,51.2028583,24.8834892
Volyn,2022,October,10/1/22,9,0.026622916,0.026622916,-3.62598293,0.083248302,0.319801308,-1.140055389,0.030135353,0.883444637,-0.123926652,6,14968571,323604030,4.625582382,1.531602283,2,Low,1020217.703,13.8355266,51.2028583,24.8834892
Volyn,2022,November,11/1/22,10,0.204502493,0.204502493,-1.587175113,0.124576288,1.641584416,0.495661883,0.030135353,6.786132321,1.914881165,7,14968571,323604030,4.625582382,1.531602283,1,Low,1020217.703,13.8355266,51.2028583,24.8834892
Volyn,2022,December,12/1/22,11,0.146761522,0.146761522,-1.918946309,0.133107965,1.102575056,0.097648404,0.030135353,4.870078077,1.583109969,8,14968571,323604030,4.625582382,1.531602283,0,None,1020217.703,13.8355266,51.2028583,24.8834892
Volyn,2023,January,1/1/23,12,0.284191281,0.284191281,-1.258107743,0.240552394,1.181411154,0.166709617,0.030135353,9.430494509,2.243948535,9,12568094,323604030,3.88378785,1.356810927,0,None,1018530.657,13.83387161,51.2028583,24.8834892
Volyn,2023,February,2/1/23,13,0.353949398,0.353949398,-1.03860132,0.14003699,2.527542173,0.927247357,0.030135353,11.74532112,2.463454959,10,12568094,323604030,3.88378785,1.356810927,1,Low,1018530.657,13.83387161,51.2028583,24.8834892
Volyn,2023,March,3/1/23,14,0.325935215,0.325935215,-1.121056644,0.077898358,4.184108926,1.43129376,0.030135353,10.81570921,2.380999634,11,12568094,323604030,3.88378785,1.356810927,0,None,1018530.657,13.83387161,51.2028583,24.8834892
Volyn,2023,April,4/1/23,15,0.193186149,0.193186149,-1.644101052,0.085902502,2.248900143,0.810441271,0.030135353,6.4106151,1.857955226,12,12568094,323604030,3.88378785,1.356810927,0,None,1018530.657,13.83387161,51.2028583,24.8834892
Volyn,2023,May,5/1/23,16,0.270763546,0.270763546,-1.306509363,0.149443,1.811818188,0.594330865,0.030135353,8.984913699,2.195546915,13,12568094,323604030,3.88378785,1.356810927,0,None,1018530.657,13.83387161,51.2028583,24.8834892
Volyn,2023,June,6/1/23,17,NA,0.221474049,-1.507449857,0.154982265,1.429028344,0.356994734,0.030135353,7.349309928,1.994606421,14,12568094,323604030,3.88378785,1.356810927,0,None,1018530.657,13.83387161,51.2028583,24.8834892
Volyn,2023,July,7/1/23,18,0.591884196,0.172184552,-1.759188401,0.160521529,1.072657064,0.070138808,0.030135353,5.713706158,1.742867878,15,12568094,323604030,3.88378785,1.356810927,1,Low,1018530.657,13.83387161,51.2028583,24.8834892
Volyn,2023,August,8/1/23,19,0.122895055,0.122895055,-2.096424499,0.117012228,1.050275321,0.04905234,0.030135353,4.078102387,1.405631779,16,12568094,323604030,3.88378785,1.356810927,2,Low,1018530.657,13.83387161,51.2028583,24.8834892
Volyn,2023,September,9/1/23,20,0.043685339,0.043685339,-3.130742725,0.160310482,0.27250457,-1.300099894,0.030135353,1.44963754,0.371313553,17,12568094,323604030,3.88378785,1.356810927,0,None,1018530.657,13.83387161,51.2028583,24.8834892
Volyn,2023,October,10/1/23,21,0.046515852,0.046515852,-3.067962121,0.083248302,0.558760367,-0.582034579,0.030135353,1.543564199,0.434094157,18,12568094,323604030,3.88378785,1.356810927,0,None,1018530.657,13.83387161,51.2028583,24.8834892
Volyn,2023,November,11/1/23,22,0.082481414,0.082481414,-2.495182296,0.124576288,0.662095615,-0.4123453,0.030135353,2.737031619,1.006873982,19,12568094,323604030,3.88378785,1.356810927,0,None,1018530.657,13.83387161,51.2028583,24.8834892
Volyn,2023,December,12/1/23,23,0.342464775,0.342464775,-1.071586473,0.133107965,2.572834578,0.94500824,0.030135353,11.36421979,2.430469805,20,12568094,323604030,3.88378785,1.356810927,0,None,1018530.657,13.83387161,51.2028583,24.8834892
Volyn,2024,January,1/1/24,24,0.449290097,0.449290097,-0.800086504,0.240552394,1.867743197,0.624730856,0.030135353,14.90907032,2.701969774,21,13205785,323604030,4.080846892,1.406304538,0,None,1016843.611,13.83221389,51.2028583,24.8834892
Volyn,2024,February,2/1/24,25,0.044231754,0.044231754,-3.118312332,0.14003699,0.315857646,-1.152463654,0.030135353,1.467769566,0.383743946,22,13205785,323604030,4.080846892,1.406304538,0,None,1016843.611,13.83221389,51.2028583,24.8834892
Volyn,2024,March,3/1/24,26,0.061489198,0.061489198,-2.788893762,0.077898358,0.789351657,-0.236543358,0.030135353,2.040433971,0.713162516,23,13205785,323604030,4.080846892,1.406304538,1,Low,1016843.611,13.83221389,51.2028583,24.8834892
Volyn,2024,April,4/1/24,27,0.072074354,0.072074354,-2.630056998,0.085902502,0.839025085,-0.175514674,0.030135353,2.39168773,0.87199928,24,13205785,323604030,4.080846892,1.406304538,0,None,1016843.611,13.83221389,51.2028583,24.8834892
Volyn,2024,May,5/1/24,28,0.363894343,0.363894343,-1.01089172,0.149443,2.435004264,0.889948508,0.030135353,12.07533036,2.491164558,25,13205785,323604030,4.080846892,1.406304538,0,None,1016843.611,13.83221389,51.2028583,24.8834892
Volyn,2024,June,6/1/24,29,NA,0.34334667,-1.069014643,0.154982265,2.215393295,0.795429948,0.030135353,11.39348426,2.433041636,26,13205785,323604030,4.080846892,1.406304538,0,None,1016843.611,13.83221389,51.2028583,24.8834892
Zakarpattia,2022,February,2/1/22,1,0.587660789,0.587660789,-0.531605387,0.437742879,1.34247938,0.294518188,NA,NA,NA,NA,12377722,192378380,6.434050437,1.861604268,0,None,1239248.781,14.03001593,48.4050515,23.2812186
Zakarpattia,2022,March,3/1/22,2,0.257352561,0.257352561,-1.357308302,0.187732875,1.370844401,0.315426901,NA,NA,NA,NA,12377722,192378380,6.434050437,1.861604268,0,None,1239248.781,14.03001593,48.4050515,23.2812186
Zakarpattia,2022,April,4/1/22,3,0.284149051,0.284149051,-1.258256351,0.20174315,1.408469386,0.342503573,NA,NA,NA,NA,12377722,192378380,6.434050437,1.861604268,0,None,1239248.781,14.03001593,48.4050515,23.2812186
Zakarpattia,2022,May,5/1/22,4,0.340348721,0.340348721,-1.077784537,0.272440523,1.249258801,0.222550416,NA,NA,NA,NA,12377722,192378380,6.434050437,1.861604268,1,Low,1239248.781,14.03001593,48.4050515,23.2812186
Zakarpattia,2022,June,6/1/22,5,NA,0.367539987,-1.000923158,0.290311064,1.266021289,0.23587914,NA,NA,NA,NA,12377722,192378380,6.434050437,1.861604268,0,None,1239248.781,14.03001593,48.4050515,23.2812186
Zakarpattia,2022,July,7/1/22,6,0.394731253,0.394731253,-0.929550118,0.308181604,1.280839766,0.24751593,NA,NA,NA,NA,12377722,192378380,6.434050437,1.861604268,0,None,1239248.781,14.03001593,48.4050515,23.2812186
Zakarpattia,2022,August,8/1/22,7,0.366377115,0.366377115,-1.004092107,0.269104607,1.361467273,0.308562995,NA,NA,NA,NA,12377722,192378380,6.434050437,1.861604268,2,Low,1239248.781,14.03001593,48.4050515,23.2812186
Zakarpattia,2022,September,9/1/22,8,0.242501259,0.242501259,-1.416748377,0.209384181,1.158164182,0.14683615,NA,NA,NA,NA,12377722,192378380,6.434050437,1.861604268,0,None,1239248.781,14.03001593,48.4050515,23.2812186
Zakarpattia,2022,October,10/1/22,9,0.188637033,0.188637033,-1.667930571,0.216344233,0.871930029,-0.1370461,NA,NA,NA,NA,12377722,192378380,6.434050437,1.861604268,0,None,1239248.781,14.03001593,48.4050515,23.2812186
Zakarpattia,2022,November,11/1/22,10,0.178416044,0.178416044,-1.72363713,0.255745103,0.697632298,-0.360063109,NA,NA,NA,NA,12377722,192378380,6.434050437,1.861604268,0,None,1239248.781,14.03001593,48.4050515,23.2812186
Zakarpattia,2022,December,12/1/22,11,0.186802015,0.186802015,-1.677705966,0.352189978,0.53040128,-0.634121427,NA,NA,NA,NA,12377722,192378380,6.434050437,1.861604268,0,None,1239248.781,14.03001593,48.4050515,23.2812186
Zakarpattia,2023,January,1/1/23,12,0.458588004,0.458588004,-0.779603067,0.417428874,1.098601542,0.094038046,0.18260903,2.511310662,0.920804793,1,10749772,192378380,5.587827489,1.720590569,0,None,1238071.768,14.0290657,48.4050515,23.2812186
Zakarpattia,2023,February,2/1/23,13,0.502313852,0.502313852,-0.688530151,0.437742879,1.147508906,0.137593424,0.18260903,2.750761296,1.011877708,2,10749772,192378380,5.587827489,1.720590569,0,None,1238071.768,14.0290657,48.4050515,23.2812186
Zakarpattia,2023,March,3/1/23,14,0.324418396,0.324418396,-1.125721251,0.187732875,1.72808516,0.547013952,0.18260903,1.776573678,0.574686609,3,10749772,192378380,5.587827489,1.720590569,0,None,1238071.768,14.0290657,48.4050515,23.2812186
Zakarpattia,2023,April,4/1/23,15,0.546100497,0.546100497,-0.60495226,0.20174315,2.706909732,0.995807664,0.18260903,2.990544865,1.0954556,4,10749772,192378380,5.587827489,1.720590569,0,None,1238071.768,14.0290657,48.4050515,23.2812186
Zakarpattia,2023,May,5/1/23,16,0.6933617,0.6933617,-0.366203482,0.272440523,2.545002088,0.93413147,0.18260903,3.796973786,1.334204377,5,10749772,192378380,5.587827489,1.720590569,0,None,1238071.768,14.0290657,48.4050515,23.2812186
Zakarpattia,2023,June,6/1/23,17,NA,0.739106507,-0.302313245,0.290311064,2.545912297,0.934489052,0.18260903,4.047480604,1.398094614,6,10749772,192378380,5.587827489,1.720590569,0,None,1238071.768,14.0290657,48.4050515,23.2812186
Zakarpattia,2023,July,7/1/23,18,0.784851313,0.784851313,-0.242260989,0.308181604,2.546716948,0.934805058,0.18260903,4.297987416,1.45814687,7,10749772,192378380,5.587827489,1.720590569,0,None,1238071.768,14.0290657,48.4050515,23.2812186
Zakarpattia,2023,August,8/1/23,19,0.302968353,0.302968353,-1.194126924,0.269104607,1.125838598,0.118528178,0.18260903,1.659109372,0.506280935,8,10749772,192378380,5.587827489,1.720590569,0,None,1238071.768,14.0290657,48.4050515,23.2812186
Zakarpattia,2023,September,9/1/23,20,0.207889497,0.207889497,-1.570748605,0.209384181,0.992861522,-0.007164079,0.18260903,1.138440399,0.129659255,9,10749772,192378380,5.587827489,1.720590569,0,None,1238071.768,14.0290657,48.4050515,23.2812186
Zakarpattia,2023,October,10/1/23,21,0.247313693,0.247313693,-1.397097736,0.216344233,1.143148999,0.133786734,0.18260903,1.354334411,0.303310124,10,10749772,192378380,5.587827489,1.720590569,0,None,1238071.768,14.0290657,48.4050515,23.2812186
Zakarpattia,2023,November,11/1/23,22,0.301784605,0.301784605,-1.198041745,0.255745103,1.18002105,0.165532277,0.18260903,1.652626954,0.502366115,11,10749772,192378380,5.587827489,1.720590569,0,None,1238071.768,14.0290657,48.4050515,23.2812186
Zakarpattia,2023,December,12/1/23,23,0.312893629,0.312893629,-1.16189199,0.352189978,0.888422864,-0.118307451,0.18260903,1.713461974,0.53851587,12,10749772,192378380,5.587827489,1.720590569,1,Low,1238071.768,14.0290657,48.4050515,23.2812186
Zakarpattia,2024,January,1/1/24,24,0.948102713,0.948102713,-0.053292436,0.417428874,2.271291646,0.820348677,0.18260903,5.191981541,1.647115424,13,10715116,192378380,5.56981299,1.717361479,0,None,1236894.755,14.02811457,48.4050515,23.2812186
Zakarpattia,2024,February,2/1/24,25,0.260865092,0.260865092,-1.343751894,0.437742879,0.595932234,-0.51762832,0.18260903,1.428544317,0.356655966,14,10715116,192378380,5.56981299,1.717361479,0,None,1236894.755,14.02811457,48.4050515,23.2812186
Zakarpattia,2024,March,3/1/24,26,0.285268337,0.285268337,-1.254325008,0.187732875,1.519543854,0.418410194,0.18260903,1.56218089,0.446082851,15,10715116,192378380,5.56981299,1.717361479,0,None,1236894.755,14.02811457,48.4050515,23.2812186
Zakarpattia,2024,April,4/1/24,27,0.253459454,0.253459454,-1.372551414,0.20174315,1.256347259,0.22820851,0.18260903,1.387989707,0.327856446,16,10715116,192378380,5.56981299,1.717361479,0,None,1236894.755,14.02811457,48.4050515,23.2812186
Zakarpattia,2024,May,5/1/24,28,0.317928284,0.317928284,-1.145929444,0.272440523,1.166964006,0.15440551,0.18260903,1.741032653,0.554478416,17,10715116,192378380,5.56981299,1.717361479,0,None,1236894.755,14.02811457,48.4050515,23.2812186
Zakarpattia,2024,June,6/1/24,29,NA,0.288271099,-1.243853926,0.290311064,0.992973176,-0.007051628,0.18260903,1.578624557,0.456553934,18,10715116,192378380,5.56981299,1.717361479,0,None,1236894.755,14.02811457,48.4050515,23.2812186
Zaporizhia,2022,February,2/1/22,1,0.302116156,0.302116156,-1.196943713,0.298481757,1.012176284,0.012102749,NA,NA,NA,NA,15885498,393597717,4.035973105,1.395247439,11,High,1680685.876,14.33471253,47.2513824,35.6995567
Zaporizhia,2022,March,3/1/22,2,0.05677563,0.05677563,-2.868648095,0.205112875,0.276801883,-1.284453253,NA,NA,NA,NA,15885498,393597717,4.035973105,1.395247439,51,High,1680685.876,14.33471253,47.2513824,35.6995567
Zaporizhia,2022,April,4/1/22,3,0.074589536,0.074589536,-2.59575505,0.215278049,0.346479989,-1.059930214,NA,NA,NA,NA,15885498,393597717,4.035973105,1.395247439,119,Severe,1680685.876,14.33471253,47.2513824,35.6995567
Zaporizhia,2022,May,5/1/22,4,0.10088627,0.10088627,-2.293761436,0.239615311,0.421034321,-0.865040926,0.065682583,1.535966848,0.429160051,1,15885498,393597717,4.035973105,1.395247439,131,Severe,1680685.876,14.33471253,47.2513824,35.6995567
Zaporizhia,2022,June,6/1/22,5,0.368186235,0.092413705,-2.381479989,0.253801475,0.364118077,-1.010277077,0.065682583,1.406974281,0.341441499,2,15885498,393597717,4.035973105,1.395247439,113,High,1680685.876,14.33471253,47.2513824,35.6995567
Zaporizhia,2022,July,7/1/22,6,0.083941139,0.083941139,-2.477639452,0.267987639,0.313227653,-1.160825027,0.065682583,1.277981699,0.245282036,3,15885498,393597717,4.035973105,1.395247439,255,Severe,1680685.876,14.33471253,47.2513824,35.6995567
Zaporizhia,2022,August,8/1/22,7,0.116560899,0.116560899,-2.149341404,0.255783146,0.455702031,-0.785916124,0.065682583,1.77460894,0.573580083,4,15885498,393597717,4.035973105,1.395247439,450,Severe,1680685.876,14.33471253,47.2513824,35.6995567
Zaporizhia,2022,September,9/1/22,8,0.0697596,0.0697596,-2.662700233,0.209973584,0.332230363,-1.101926686,0.065682583,1.062071508,0.060221254,5,15885498,393597717,4.035973105,1.395247439,505,Severe,1680685.876,14.33471253,47.2513824,35.6995567
Zaporizhia,2022,October,10/1/22,9,0.069696873,0.069696873,-2.663599826,0.215760008,0.323029619,-1.13001126,0.065682583,1.061116506,0.059321661,6,15885498,393597717,4.035973105,1.395247439,417,Severe,1680685.876,14.33471253,47.2513824,35.6995567
Zaporizhia,2022,November,11/1/22,10,0.100507565,0.100507565,-2.297522281,0.230690117,0.435682145,-0.830842327,0.065682583,1.530201165,0.425399207,7,15885498,393597717,4.035973105,1.395247439,510,Severe,1680685.876,14.33471253,47.2513824,35.6995567
Zaporizhia,2022,December,12/1/22,11,0.205151528,0.205151528,-1.584006412,0.323259741,0.634633708,-0.454707284,0.065682583,3.123377898,1.138915076,8,15885498,393597717,4.035973105,1.395247439,473,Severe,1680685.876,14.33471253,47.2513824,35.6995567
Zaporizhia,2023,January,1/1/23,12,0.358080238,0.358080238,-1.026998189,0.391808741,0.9139159,-0.090016725,0.065682583,5.451677167,1.695923298,9,17157402,393597717,4.359121321,1.472270505,526,Severe,1669772.93,14.32819821,47.2513824,35.6995567
Zaporizhia,2023,February,2/1/23,13,0.252046764,0.252046764,-1.378140637,0.298481757,0.844429376,-0.169094174,0.065682583,3.837345495,1.34478085,10,17157402,393597717,4.359121321,1.472270505,422,Severe,1669772.93,14.32819821,47.2513824,35.6995567
Zaporizhia,2023,March,3/1/23,14,0.104551144,0.104551144,-2.258078911,0.205112875,0.509724922,-0.673884067,0.065682583,1.591763588,0.464842576,11,17157402,393597717,4.359121321,1.472270505,490,Severe,1669772.93,14.32819821,47.2513824,35.6995567
Zaporizhia,2023,April,4/1/23,15,0.259242624,0.259242624,-1.349990884,0.215278049,1.204222285,0.185833952,0.065682583,3.946900566,1.372930604,12,17157402,393597717,4.359121321,1.472270505,484,Severe,1669772.93,14.32819821,47.2513824,35.6995567
Zaporizhia,2023,May,5/1/23,16,0.240319371,0.240319371,-1.425786528,0.239615311,1.002938292,0.002933984,0.065682583,3.65879903,1.29713496,13,17157402,393597717,4.359121321,1.472270505,495,Severe,1669772.93,14.32819821,47.2513824,35.6995567
Zaporizhia,2023,June,6/1/23,17,0.717726469,0.192968495,-1.645228342,0.253801475,0.76031274,-0.27402543,0.065682583,2.937894434,1.077693146,14,17157402,393597717,4.359121321,1.472270505,480,Severe,1669772.93,14.32819821,47.2513824,35.6995567
Zaporizhia,2023,July,7/1/23,18,0.145617619,0.145617619,-1.926771141,0.267987639,0.543374387,-0.609956718,0.065682583,2.216989837,0.796150347,15,17157402,393597717,4.359121321,1.472270505,412,Severe,1669772.93,14.32819821,47.2513824,35.6995567
Zaporizhia,2023,August,8/1/23,19,0.120450735,0.120450735,-2.116514448,0.255783146,0.470909585,-0.753089167,0.065682583,1.833830667,0.60640704,16,17157402,393597717,4.359121321,1.472270505,569,Severe,1669772.93,14.32819821,47.2513824,35.6995567
Zaporizhia,2023,September,9/1/23,20,0.087634467,0.087634467,-2.4345809,0.209973584,0.417359486,-0.873807352,0.065682583,1.334211643,0.288340588,17,17157402,393597717,4.359121321,1.472270505,514,Severe,1669772.93,14.32819821,47.2513824,35.6995567
Zaporizhia,2023,October,10/1/23,21,0.072243564,0.072243564,-2.627712036,0.215760008,0.334832969,-1.094123471,0.065682583,1.099889205,0.095209452,18,17157402,393597717,4.359121321,1.472270505,431,Severe,1669772.93,14.32819821,47.2513824,35.6995567
Zaporizhia,2023,November,11/1/23,22,0.221707046,0.221707046,-1.506398381,0.230690117,0.961060009,-0.039718428,0.065682583,3.375431292,1.216523106,19,17157402,393597717,4.359121321,1.472270505,411,Severe,1669772.93,14.32819821,47.2513824,35.6995567
Zaporizhia,2023,December,12/1/23,23,0.344339073,0.344339073,-1.06612843,0.323259741,1.065208652,0.063170697,0.065682583,5.242471554,1.656793058,20,17157402,393597717,4.359121321,1.472270505,424,Severe,1669772.93,14.32819821,47.2513824,35.6995567
Zaporizhia,2024,January,1/1/24,24,0.334392071,0.334392071,-1.095441109,0.391808741,0.853457405,-0.158459644,0.065682583,5.091031073,1.627480378,21,16526526,393597717,4.198836855,1.434807548,362,Severe,1658859.984,14.32164117,47.2513824,35.6995567
Zaporizhia,2024,February,2/1/24,25,0.095188566,0.095188566,-2.351895449,0.298481757,0.318909158,-1.142848988,0.065682583,1.449220808,0.371026038,22,16526526,393597717,4.198836855,1.434807548,387,Severe,1658859.984,14.32164117,47.2513824,35.6995567
Zaporizhia,2024,March,3/1/24,26,0.088955209,0.088955209,-2.419622306,0.205112875,0.433689056,-0.835427462,0.065682583,1.354319592,0.303299182,23,16526526,393597717,4.198836855,1.434807548,293,Severe,1658859.984,14.32164117,47.2513824,35.6995567
Zaporizhia,2024,April,4/1/24,27,0.089473538,0.089473538,-2.413812362,0.215278049,0.415618492,-0.877987526,0.065682583,1.362211014,0.309109125,24,16526526,393597717,4.198836855,1.434807548,264,Severe,1658859.984,14.32164117,47.2513824,35.6995567
Zaporizhia,2024,May,5/1/24,28,0.082719535,0.082719535,-2.49229949,0.239615311,0.345218069,-1.063578978,0.065682583,1.2593831,0.230621998,25,16526526,393597717,4.198836855,1.434807548,145,Severe,1658859.984,14.32164117,47.2513824,35.6995567
Zaporizhia,2024,June,6/1/24,29,0.229570076,0.229570076,-1.471546954,0.253801475,0.90452617,-0.100344041,0.065682583,3.49514385,1.251374534,26,16526526,393597717,4.198836855,1.434807548,114,High,1658859.984,14.32164117,47.2513824,35.6995567
Zhytomyr,2022,February,2/1/22,1,0.314660311,0.31466031,-1.156261603,0.173796172,1.810513467,0.593610488,NA,NA,NA,NA,17434864,473463093,3.682412475,1.303568101,3,Medium,1186421.668,13.98645233,50.6426116,28.4845573
Zhytomyr,2022,March,3/1/22,2,0.007210064,0.00721006,-4.932278006,0.095929436,0.075160037,-2.588135612,NA,NA,NA,NA,17434864,473463093,3.682412475,1.303568101,55,High,1186421.668,13.98645233,50.6426116,28.4845573
Zhytomyr,2022,April,4/1/22,3,0.020357909,0.02035791,-3.894285745,0.100334679,0.202900036,-1.595041855,NA,NA,NA,NA,17434864,473463093,3.682412475,1.303568101,9,High,1186421.668,13.98645233,50.6426116,28.4845573
Zhytomyr,2022,May,5/1/22,4,0.050771285,0.05077129,-2.980424242,0.133048408,0.381600132,-0.963381993,0.013783987,3.68335301,1.303823481,1,17434864,473463093,3.682412475,1.303568101,4,Medium,1186421.668,13.98645233,50.6426116,28.4845573
Zhytomyr,2022,June,6/1/22,5,NA,0.04885223,-3.018955252,0.150737287,0.324088558,-1.126738473,0.013783987,3.544129141,1.265292471,2,17434864,473463093,3.682412475,1.303568101,4,Medium,1186421.668,13.98645233,50.6426116,28.4845573
Zhytomyr,2022,July,7/1/22,6,NA,0.04693318,-3.059030391,0.168426166,0.278657296,-1.277772582,0.013783987,3.404905997,1.225217332,3,17434864,473463093,3.682412475,1.303568101,1,Low,1186421.668,13.98645233,50.6426116,28.4845573
Zhytomyr,2022,August,8/1/22,7,0.045014128,0.04501413,-3.100778838,0.11517547,0.390830877,-0.939480352,0.013783987,3.265682854,1.183468885,4,17434864,473463093,3.682412475,1.303568101,2,Low,1186421.668,13.98645233,50.6426116,28.4845573
Zhytomyr,2022,September,9/1/22,8,0.027332008,0.02733201,-3.599696736,0.100315765,0.272459767,-1.30026432,0.013783987,1.982881296,0.684550987,5,17434864,473463093,3.682412475,1.303568101,1,Low,1186421.668,13.98645233,50.6426116,28.4845573
Zhytomyr,2022,October,10/1/22,9,0.005050727,0.00505073,-5.288222492,0.115227585,0.043832646,-3.127376397,0.013783987,0.366420108,-1.003974768,6,17434864,473463093,3.682412475,1.303568101,2,Low,1186421.668,13.98645233,50.6426116,28.4845573
Zhytomyr,2022,November,11/1/22,10,0.166961446,0.16696145,-1.789992332,0.141076597,1.183480843,0.168459963,0.013783987,12.11271093,2.494255391,7,17434864,473463093,3.682412475,1.303568101,1,Low,1186421.668,13.98645233,50.6426116,28.4845573
Zhytomyr,2022,December,12/1/22,11,0.066098146,0.06609815,-2.71661452,0.155174772,0.425959382,-0.853411285,0.013783987,4.795285283,1.567633202,8,17434864,473463093,3.682412475,1.303568101,2,Low,1186421.668,13.98645233,50.6426116,28.4845573
Zhytomyr,2023,January,1/1/23,12,0.33075583,0.33075583,-1.10637485,0.205830723,1.606931296,0.474326333,0.013783987,23.99565742,3.177872873,9,20228620,473463093,4.272480854,1.452194655,0,None,1177417.244,13.97883382,50.6426116,28.4845573
Zhytomyr,2023,February,2/1/23,13,0.445491701,0.4454917,-0.808576663,0.173796172,2.563299841,0.941295429,0.013783987,32.31950959,3.47567106,10,20228620,473463093,4.272480854,1.452194655,0,None,1177417.244,13.97883382,50.6426116,28.4845573
Zhytomyr,2023,March,3/1/23,14,0.156990901,0.1569909,-1.851567437,0.095929436,1.636524783,0.492574959,0.013783987,11.38936797,2.432680286,11,20228620,473463093,4.272480854,1.452194655,3,Medium,1177417.244,13.97883382,50.6426116,28.4845573
Zhytomyr,2023,April,4/1/23,15,0.157294929,0.15729493,-1.849632701,0.100334679,1.567702529,0.44961119,0.013783987,11.41142472,2.434615022,12,20228620,473463093,4.272480854,1.452194655,1,Low,1177417.244,13.97883382,50.6426116,28.4845573
Zhytomyr,2023,May,5/1/23,16,0.274335355,0.27433536,-1.293403979,0.133048408,2.061921402,0.723638268,0.013783987,19.90246799,2.990843744,13,20228620,473463093,4.272480854,1.452194655,3,Medium,1177417.244,13.97883382,50.6426116,28.4845573
Zhytomyr,2023,June,6/1/23,17,NA,0.41560043,-0.878030985,0.150737287,2.75711762,1.014185793,0.013783987,30.15095923,3.406216738,14,20228620,473463093,4.272480854,1.452194655,2,Low,1177417.244,13.97883382,50.6426116,28.4845573
Zhytomyr,2023,July,7/1/23,18,0.556865513,0.55686551,-0.585431522,0.168426166,3.306288585,1.195826287,0.013783987,40.39945119,3.6988162,15,20228620,473463093,4.272480854,1.452194655,4,Medium,1177417.244,13.97883382,50.6426116,28.4845573
Zhytomyr,2023,August,8/1/23,19,0.052274346,0.05227435,-2.951249468,0.11517547,0.453867043,-0.789950981,0.013783987,3.792396931,1.332998255,16,20228620,473463093,4.272480854,1.452194655,3,Medium,1177417.244,13.97883382,50.6426116,28.4845573
Zhytomyr,2023,September,9/1/23,20,0.027658086,0.02765809,-3.587837008,0.100315765,0.275710302,-1.288404595,0.013783987,2.006537731,0.696410715,17,20228620,473463093,4.272480854,1.452194655,1,Low,1177417.244,13.97883382,50.6426116,28.4845573
Zhytomyr,2023,October,10/1/23,21,0.046550635,0.04655064,-3.067214527,0.115227585,0.403988679,-0.906368424,0.013783987,3.377153504,1.217033196,18,20228620,473463093,4.272480854,1.452194655,2,Low,1177417.244,13.97883382,50.6426116,28.4845573
Zhytomyr,2023,November,11/1/23,22,0.094160333,0.09416033,-2.362756311,0.141076597,0.667441177,-0.404304017,0.013783987,6.831138915,1.921491412,19,20228620,473463093,4.272480854,1.452194655,1,Low,1177417.244,13.97883382,50.6426116,28.4845573
Zhytomyr,2023,December,12/1/23,23,0.298299611,0.29829961,-1.209656895,0.155174772,1.92234605,0.653546341,0.013783987,21.6410252,3.074590828,20,20228620,473463093,4.272480854,1.452194655,1,Low,1177417.244,13.97883382,50.6426116,28.4845573
Zhytomyr,2024,January,1/1/24,24,0.383545458,0.38354546,-0.958297125,0.205830723,1.863402387,0.622404057,0.013783987,27.82543686,3.325950597,21,16062727,473463093,3.392603824,1.221597716,0,None,1168412.819,13.97115682,50.6426116,28.4845573
Zhytomyr,2024,February,2/1/24,25,0.096530095,0.0965301,-2.337900402,0.173796172,0.555421324,-0.588028311,0.013783987,7.003060871,1.946347321,22,16062727,473463093,3.392603824,1.221597716,0,None,1168412.819,13.97115682,50.6426116,28.4845573
Zhytomyr,2024,March,3/1/24,26,0.041629847,0.04162985,-3.178937821,0.095929436,0.43396325,-0.834795426,0.013783987,3.020160277,1.105309902,23,16062727,473463093,3.392603824,1.221597716,0,None,1168412.819,13.97115682,50.6426116,28.4845573
Zhytomyr,2024,April,4/1/24,27,0.09496516,0.09496516,-2.354245191,0.100334679,0.946483917,-0.055001301,0.013783987,6.889527682,1.930002531,24,16062727,473463093,3.392603824,1.221597716,1,Low,1168412.819,13.97115682,50.6426116,28.4845573
Zhytomyr,2024,May,5/1/24,28,0.246302232,0.24630223,-1.40119592,0.133048408,1.851222677,0.615846327,0.013783987,17.86872187,2.883051803,25,16062727,473463093,3.392603824,1.221597716,0,None,1168412.819,13.97115682,50.6426116,28.4845573
Zhytomyr,2024,June,6/1/24,29,NA,0.15726814,-1.849803032,0.150737287,1.043326062,0.042413747,0.013783987,11.40948116,2.43444469,26,16062727,473463093,3.392603824,1.221597716,0,None,1168412.819,13.97115682,50.6426116,28.4845573