gov,year,month,date,mos,ntl_mean,ntl_mean_const,ntl_mean_const_log,ntl_baseline,ntl_ratio,ntl_ratio_const,ntl_ratio_const_log,ntl_nadir,recovery_ratio,recovery_ratio_log,mo_since_nadir,built_pixels,total_pixels,built_perc,built_perc_log,attacks,attacks_scaled,attacksCAT,pop,pop_log,diesel,diesel_log,lat,lon
Abyan,2015,March,3/1/15,1,0.071559773,0.071569773,-2.637082459,0.052885092,1.353118067,1.353128067,0.302418999,NA,NA,NA,NA,1637931,168880526,0.969875591,-0.030587472,6,-0.296696409,Medium,591436.2994,13.29030926,NA,NA,13.71268069,46.16408519
Abyan,2015,April,4/1/15,2,0.022908998,0.022918998,-3.775789105,0.049086162,0.466709908,0.466719908,-0.76202597,NA,NA,NA,NA,1637931,168880526,0.969875591,-0.030587472,7,-0.259769684,Medium,591436.2994,13.29030926,NA,NA,13.71268069,46.16408519
Abyan,2015,May,5/1/15,3,0.006072725,0.006082725,-5.102302493,0.048626377,0.124885409,0.124895409,-2.08027862,NA,NA,NA,NA,1637931,168880526,0.969875591,-0.030587472,7,-0.259769684,Medium,591436.2994,13.29030926,NA,NA,13.71268069,46.16408519
Abyan,2015,June,6/1/15,4,0.0064943,0.0065043,-5.035291782,0.044753656,0.145112166,0.145122166,-1.930179367,NA,NA,NA,NA,1637931,168880526,0.969875591,-0.030587472,6,-0.296696409,Medium,591436.2994,13.29030926,NA,NA,13.71268069,46.16408519
Abyan,2015,July,7/1/15,5,0.038046233,0.038056233,-3.268690397,0.055343798,0.687452517,0.687462517,-0.374747972,0.006283513,6.05493026,1.800872859,1,1637931,168880526,0.969875591,-0.030587472,19,0.183351016,High,591436.2994,13.29030926,NA,NA,13.71268069,46.16408519
Abyan,2015,August,8/1/15,6,0.009045405,0.009055405,-4.704393462,0.06147114,0.147148808,0.147158808,-1.916242949,0.006283513,1.43954584,0.364327675,2,1637931,168880526,0.969875591,-0.030587472,10,-0.148989509,Medium,591436.2994,13.29030926,NA,NA,13.71268069,46.16408519
Abyan,2015,September,9/1/15,7,0.034736038,0.034746038,-3.359689728,0.050810673,0.68363664,0.68364664,-0.380314103,0.006283513,5.528123838,1.709848488,3,1637931,168880526,0.969875591,-0.030587472,0,-0.518256759,None,591436.2994,13.29030926,NA,NA,13.71268069,46.16408519
Abyan,2015,October,10/1/15,8,0.024069286,0.024079286,-3.72640331,0.0600087,0.401096605,0.401106605,-0.913528039,0.006283513,3.830546066,1.343007369,4,1637931,168880526,0.969875591,-0.030587472,0,-0.518256759,None,591436.2994,13.29030926,NA,NA,13.71268069,46.16408519
Abyan,2015,November,11/1/15,9,0.036038974,0.036048974,-3.322876876,0.064389466,0.559702949,0.559712949,-0.580331218,0.006283513,5.735481728,1.746671745,5,1637931,168880526,0.969875591,-0.030587472,0,-0.518256759,None,591436.2994,13.29030926,NA,NA,13.71268069,46.16408519
Abyan,2015,December,12/1/15,10,0.055253136,0.055263136,-2.895649211,0.065000444,0.85004244,0.85005244,-0.162457237,0.006283513,8.793351108,2.17399588,6,1637931,168880526,0.969875591,-0.030587472,0,-0.518256759,None,591436.2994,13.29030926,NA,NA,13.71268069,46.16408519
Abyan,2016,January,1/1/16,11,0.037126664,0.037136664,-3.293150549,0.046663424,0.795626665,0.795636665,-0.228612648,0.006283513,5.90858394,1.776406199,7,1188427,168880526,0.703708727,-0.351390748,0,-0.518256759,None,606682.6005,13.31576103,NA,NA,13.71268069,46.16408519
Abyan,2016,February,2/1/16,12,0.03861144,0.03862144,-3.253947716,0.052041283,0.741938671,0.741948671,-0.298475215,0.006283513,6.144881056,1.815619387,8,1188427,168880526,0.703708727,-0.351390748,0,-0.518256759,None,606682.6005,13.31576103,NA,NA,13.71268069,46.16408519
Abyan,2016,March,3/1/16,13,0.036432529,0.036442529,-3.312018807,0.052885092,0.688899799,0.688909799,-0.372644932,0.006283513,5.798114685,1.75753281,9,1188427,168880526,0.703708727,-0.351390748,1,-0.481330034,Low,606682.6005,13.31576103,NA,NA,13.71268069,46.16408519
Abyan,2016,April,4/1/16,14,0.030725339,0.030735339,-3.482342179,0.049086162,0.625947069,0.625957069,-0.46847349,0.006283513,4.889834556,1.58715847,10,1188427,168880526,0.703708727,-0.351390748,12,-0.075136059,Medium,606682.6005,13.31576103,NA,NA,13.71268069,46.16408519
Abyan,2016,May,5/1/16,15,0.019905751,0.019915751,-3.916244353,0.048626377,0.409361176,0.409371176,-0.893133014,0.006283513,3.167933447,1.153079466,11,1188427,168880526,0.703708727,-0.351390748,0,-0.518256759,None,606682.6005,13.31576103,NA,NA,13.71268069,46.16408519
Abyan,2016,June,6/1/16,16,0.017969815,0.017979815,-4.018505539,0.044753656,0.401527305,0.401537305,-0.912454836,0.006283513,2.859835732,1.050764187,12,1188427,168880526,0.703708727,-0.351390748,0,-0.518256759,None,606682.6005,13.31576103,NA,NA,13.71268069,46.16408519
Abyan,2016,July,7/1/16,17,0.00978157,0.00979157,-4.626233468,0.055343798,0.176741937,0.176751937,-1.733008015,0.006283513,1.556704028,0.442570784,13,1188427,168880526,0.703708727,-0.351390748,2,-0.444403309,Low,606682.6005,13.31576103,265,5.579729826,13.71268069,46.16408519
Abyan,2016,August,8/1/16,18,0.014010062,0.014020062,-4.267265975,0.06147114,0.227912838,0.227922838,-1.478748137,0.006283513,2.229654335,0.801846567,14,1188427,168880526,0.703708727,-0.351390748,4,-0.370549859,Low,606682.6005,13.31576103,193,5.262690189,13.71268069,46.16408519
Abyan,2016,September,9/1/16,19,0.009749854,0.009759854,-4.629477838,0.050810673,0.191885944,0.191895944,-1.650802012,0.006283513,1.551656534,0.439323092,15,1188427,168880526,0.703708727,-0.351390748,0,-0.518256759,None,606682.6005,13.31576103,165,5.105945474,13.71268069,46.16408519
Abyan,2016,October,10/1/16,20,0.014886595,0.014896595,-4.206622616,0.0600087,0.248073945,0.248083945,-1.393988102,0.006283513,2.369151619,0.862531924,16,1188427,168880526,0.703708727,-0.351390748,0,-0.518256759,None,606682.6005,13.31576103,166,5.111987788,13.71268069,46.16408519
Abyan,2016,November,11/1/16,21,0.013375788,0.013385788,-4.313561732,0.064389466,0.207732551,0.207742551,-1.571455701,0.006283513,2.128711757,0.755516988,17,1188427,168880526,0.703708727,-0.351390748,0,-0.518256759,None,606682.6005,13.31576103,166,5.111987788,13.71268069,46.16408519
Abyan,2016,December,12/1/16,22,0.021971135,0.021981135,-3.817570693,0.065000444,0.338015153,0.338025153,-1.084634969,0.006283513,3.496632377,1.251800327,18,1188427,168880526,0.703708727,-0.351390748,0,-0.518256759,None,606682.6005,13.31576103,173,5.153291594,13.71268069,46.16408519
Abyan,2017,January,1/1/17,23,0.020914475,0.020924475,-3.866835753,0.046663424,0.44819847,0.44820847,-0.80249682,0.006283513,3.328468486,1.202512284,19,1010507,168880526,0.598356142,-0.513569147,0,-0.518256759,None,621991.8996,13.34068235,165,5.105945474,13.71268069,46.16408519
Abyan,2017,February,2/1/17,24,0.027866013,0.027876013,-3.579988709,0.052041283,0.535459767,0.535469767,-0.624610848,0.006283513,4.434782422,1.489478555,20,1010507,168880526,0.598356142,-0.513569147,2,-0.444403309,Low,621991.8996,13.34068235,294,5.683579767,13.71268069,46.16408519
Abyan,2017,March,3/1/17,25,0.031618162,0.031628162,-3.453707353,0.052885092,0.597865315,0.597875315,-0.51437305,0.006283513,5.031924339,1.615802483,21,1010507,168880526,0.598356142,-0.513569147,0,-0.518256759,None,621991.8996,13.34068235,221,5.398162702,13.71268069,46.16408519
Abyan,2017,April,4/1/17,26,0.031220786,0.031230786,-3.46635094,0.049086162,0.636040484,0.636050484,-0.452477341,0.006283513,4.968683283,1.603154872,22,1010507,168880526,0.598356142,-0.513569147,1,-0.481330034,Low,621991.8996,13.34068235,178,5.18178355,13.71268069,46.16408519
Abyan,2017,May,5/1/17,27,0.013965484,0.013975484,-4.270450627,0.048626377,0.287199762,0.287209762,-1.247542452,0.006283513,2.222559896,0.798659638,23,1010507,168880526,0.598356142,-0.513569147,0,-0.518256759,None,621991.8996,13.34068235,170,5.135798437,13.71268069,46.16408519
Abyan,2017,June,6/1/17,28,0.020170668,0.020180668,-3.903030163,0.044753656,0.450704359,0.450714359,-0.79692149,0.006283513,3.210094099,1.166300251,24,1010507,168880526,0.598356142,-0.513569147,0,-0.518256759,None,621991.8996,13.34068235,170,5.135798437,13.71268069,46.16408519
Abyan,2017,July,7/1/17,29,0.020598612,0.020608612,-3.882046232,0.055343798,0.372193685,0.372203685,-0.988314034,0.006283513,3.27819995,1.187294476,25,1010507,168880526,0.598356142,-0.513569147,0,-0.518256759,None,621991.8996,13.34068235,170,5.135798437,13.71268069,46.16408519
Abyan,2017,August,8/1/17,30,0.024757053,0.024767053,-3.698241017,0.06147114,0.402742702,0.402752702,-0.909432548,0.006283513,3.940001875,1.371181199,26,1010507,168880526,0.598356142,-0.513569147,0,-0.518256759,None,621991.8996,13.34068235,230,5.438079309,13.71268069,46.16408519
Abyan,2017,September,9/1/17,31,0.016361205,0.016371205,-4.11223128,0.050810673,0.32200331,0.32201331,-1.133162399,0.006283513,2.603830851,0.956983765,27,1010507,168880526,0.598356142,-0.513569147,2,-0.444403309,Low,621991.8996,13.34068235,225,5.416100402,13.71268069,46.16408519
Abyan,2017,October,10/1/17,32,0.026308349,0.026318349,-3.637488902,0.0600087,0.438408912,0.438418912,-0.824580406,0.006283513,4.186885425,1.431957122,28,1010507,168880526,0.598356142,-0.513569147,0,-0.518256759,None,621991.8996,13.34068235,225,5.416100402,13.71268069,46.16408519
Abyan,2017,November,11/1/17,33,0.012532797,0.012542797,-4.378608722,0.064389466,0.194640487,0.194650487,-1.636549703,0.006283513,1.99455257,0.690419749,29,1010507,168880526,0.598356142,-0.513569147,0,-0.518256759,None,621991.8996,13.34068235,275,5.616771098,13.71268069,46.16408519
Abyan,2017,December,12/1/17,34,0.034661141,0.034671141,-3.36184761,0.065000444,0.533244681,0.533254681,-0.628756143,0.006283513,5.516204232,1.707689985,30,1010507,168880526,0.598356142,-0.513569147,0,-0.518256759,None,621991.8996,13.34068235,307.5,5.728475087,13.71268069,46.16408519
Abyan,2018,January,1/1/18,35,0.026591097,0.026601097,-3.626802823,0.046663424,0.569848824,0.569858824,-0.562366626,0.006283513,4.23188382,1.442647241,31,1854909,168880526,1.098355769,0.093814306,0,-0.518256759,None,637164.963,13.36478387,318.75,5.764407096,13.71268069,46.16408519
Abyan,2018,February,2/1/18,36,0.041896574,0.041906574,-3.172312567,0.052041283,0.80506421,0.80507421,-0.216820819,0.006283513,6.667699104,1.897274838,32,1854909,168880526,1.098355769,0.093814306,0,-0.518256759,None,637164.963,13.36478387,318.75,5.764407096,13.71268069,46.16408519
Abyan,2018,March,3/1/18,37,0.043773801,0.043783801,-3.12849137,0.052885092,0.827715328,0.827725328,-0.189073909,0.006283513,6.966453479,1.941106269,33,1854909,168880526,1.098355769,0.093814306,0,-0.518256759,None,637164.963,13.36478387,310,5.736572297,13.71268069,46.16408519
Abyan,2018,April,4/1/18,38,0.042039101,0.042049101,-3.168917272,0.049086162,0.85643488,0.85644488,-0.154965318,0.006283513,6.690381798,1.900670942,34,1854909,168880526,1.098355769,0.093814306,0,-0.518256759,None,637164.963,13.36478387,291.25,5.674182005,13.71268069,46.16408519
Abyan,2018,May,5/1/18,39,0.036581545,0.036591545,-3.307938076,0.048626377,0.752298382,0.752308382,-0.284608957,0.006283513,5.821830081,1.761614659,35,1854909,168880526,1.098355769,0.093814306,0,-0.518256759,None,637164.963,13.36478387,313.75,5.74859649,13.71268069,46.16408519
Abyan,2018,June,6/1/18,40,0.030599249,0.030609249,-3.486453061,0.044753656,0.683726236,0.683736236,-0.380183056,0.006283513,4.869767756,1.583046247,36,1854909,168880526,1.098355769,0.093814306,0,-0.518256759,None,637164.963,13.36478387,335,5.814130532,13.71268069,46.16408519
Abyan,2018,July,7/1/18,41,0.019572278,0.019582278,-3.933130305,0.055343798,0.353648987,0.353658987,-1.039422144,0.006283513,3.114862339,1.136184958,37,1854909,168880526,1.098355769,0.093814306,0,-0.518256759,None,637164.963,13.36478387,338.75,5.825262372,13.71268069,46.16408519
Abyan,2018,August,8/1/18,42,0.037074115,0.037084115,-3.294566568,0.06147114,0.603114161,0.603124161,-0.505632198,0.006283513,5.900220943,1.774989798,38,1854909,168880526,1.098355769,0.093814306,0,-0.518256759,None,637164.963,13.36478387,348.75,5.854355333,13.71268069,46.16408519
Abyan,2018,September,9/1/18,43,0.015651786,0.015661786,-4.156531546,0.050810673,0.308041303,0.308051303,-1.177488942,0.006283513,2.490929198,0.912655813,39,1854909,168880526,1.098355769,0.093814306,0,-0.518256759,None,637164.963,13.36478387,443.75,6.095261341,13.71268069,46.16408519
Abyan,2018,October,10/1/18,44,0.022952302,0.022962302,-3.773901451,0.0600087,0.382482905,0.382492905,-0.961045175,0.006283513,3.652781812,1.295489018,40,1854909,168880526,1.098355769,0.093814306,0,-0.518256759,None,637164.963,13.36478387,568.75,6.34344097,13.71268069,46.16408519
Abyan,2018,November,11/1/18,45,0.031346876,0.031356876,-3.462321706,0.064389466,0.486832365,0.486842365,-0.719814894,0.006283513,4.988750083,1.607185394,41,1854909,168880526,1.098355769,0.093814306,0,-0.518256759,None,637164.963,13.36478387,506.25,6.227030618,13.71268069,46.16408519
Abyan,2018,December,12/1/18,46,0.031684392,0.031694392,-3.451615522,0.065000444,0.487448855,0.487458855,-0.718549392,0.006283513,5.042464621,1.617894975,42,1854909,168880526,1.098355769,0.093814306,0,-0.518256759,None,637164.963,13.36478387,320,5.768320996,13.71268069,46.16408519
Abyan,2019,January,1/1/19,47,0.031748701,0.031758701,-3.449588544,0.046663424,0.680376591,0.680386591,-0.385094126,0.006283513,5.052699183,1.619922592,43,2000282,168880526,1.18443615,0.169266839,1,-0.481330034,Low,652401.6552,13.38841569,292.5,5.678464667,13.71268069,46.16408519
Abyan,2019,February,2/1/19,48,0.036091653,0.036101653,-3.321416625,0.052041283,0.693519669,0.693529669,-0.365961259,0.006283513,5.743865414,1.748132401,44,2000282,168880526,1.18443615,0.169266839,1,-0.481330034,Low,652401.6552,13.38841569,285,5.65248918,13.71268069,46.16408519
Abyan,2019,March,3/1/19,49,0.027376934,0.027386934,-3.597689241,0.052885092,0.517668272,0.517678272,-0.658401326,0.006283513,4.356947141,1.471771615,45,2000282,168880526,1.18443615,0.169266839,0,-0.518256759,None,652401.6552,13.38841569,307.5,5.728475087,13.71268069,46.16408519
Abyan,2019,April,4/1/19,50,0.027339999,0.027349999,-3.599038787,0.049086162,0.556979769,0.556989769,-0.585208407,0.006283513,4.35106906,1.470421576,46,2000282,168880526,1.18443615,0.169266839,0,-0.518256759,None,652401.6552,13.38841569,361.25,5.889570239,13.71268069,46.16408519
Abyan,2019,May,5/1/19,51,0.032816659,0.032826659,-3.416514319,0.048626377,0.674873614,0.674883614,-0.393215027,0.006283513,5.222661113,1.653007064,47,2000282,168880526,1.18443615,0.169266839,0,-0.518256759,None,652401.6552,13.38841569,370,5.913503006,13.71268069,46.16408519
Abyan,2019,June,6/1/19,52,0.022416099,0.022426099,-3.797529864,0.044753656,0.500877489,0.500887489,-0.691373776,0.006283513,3.567446904,1.271850187,48,2000282,168880526,1.18443615,0.169266839,0,-0.518256759,None,652401.6552,13.38841569,362.5,5.893024474,13.71268069,46.16408519
Abyan,2019,July,7/1/19,53,0.02987324,0.02988324,-3.510457491,0.055343798,0.539775752,0.539785752,-0.616582974,0.006283513,4.754225861,1.559033877,49,2000282,168880526,1.18443615,0.169266839,0,-0.518256759,None,652401.6552,13.38841569,362.5,5.893024474,13.71268069,46.16408519
Abyan,2019,August,8/1/19,54,0.015429394,0.015439394,-4.170832984,0.06147114,0.251002243,0.251012243,-1.382253564,0.006283513,2.455536258,0.898345172,50,2000282,168880526,1.18443615,0.169266839,4,-0.370549859,Low,652401.6552,13.38841569,383.75,5.949991299,13.71268069,46.16408519
Abyan,2019,September,9/1/19,55,0.011048844,0.011058844,-4.504524809,0.050810673,0.217451242,0.217461242,-1.525734642,0.006283513,1.758386431,0.564396588,51,2000282,168880526,1.18443615,0.169266839,0,-0.518256759,None,652401.6552,13.38841569,410,6.01615716,13.71268069,46.16408519
Abyan,2019,October,10/1/19,56,0.018567153,0.018577153,-3.985822787,0.0600087,0.309407684,0.309417684,-1.173063187,0.006283513,2.954900069,1.083464833,52,2000282,168880526,1.18443615,0.169266839,0,-0.518256759,None,652401.6552,13.38841569,395,5.978885765,13.71268069,46.16408519
Abyan,2019,November,11/1/19,57,0.023419729,0.023429729,-3.753749593,0.064389466,0.363719882,0.363729882,-1.011343769,0.006283513,3.72717125,1.315649568,53,2000282,168880526,1.18443615,0.169266839,0,-0.518256759,None,652401.6552,13.38841569,383.33,5.948896237,13.71268069,46.16408519
Abyan,2019,December,12/1/19,58,0.024236133,0.024246133,-3.719498138,0.065000444,0.372861038,0.372871038,-0.986522662,0.006283513,3.857099205,1.3499154,54,2000282,168880526,1.18443615,0.169266839,0,-0.518256759,None,652401.6552,13.38841569,375,5.926926026,13.71268069,46.16408519
Abyan,2020,January,1/1/20,59,0.018833344,0.018843344,-3.971595531,0.046663424,0.403599706,0.403609706,-0.907306942,0.006283513,2.997263473,1.097699697,55,2886938,168880526,1.709455832,0.536175093,0,-0.518256759,None,667704.6462,13.41160121,403.75,6.000795875,13.71268069,46.16408519
Abyan,2020,February,2/1/20,60,0.025160797,0.025170797,-3.682070806,0.052041283,0.483477651,0.483487651,-0.726729505,0.006283513,4.004256377,1.38735789,56,2886938,168880526,1.709455832,0.536175093,0,-0.518256759,None,667704.6462,13.41160121,385,5.953243334,13.71268069,46.16408519
Abyan,2020,March,3/1/20,61,0.020500541,0.020510541,-3.88681633,0.052885092,0.387643102,0.387653102,-0.947644406,0.006283513,3.262592279,1.182522057,57,2886938,168880526,1.709455832,0.536175093,0,-0.518256759,None,667704.6462,13.41160121,372.5,5.920237038,13.71268069,46.16408519
Abyan,2020,April,4/1/20,62,0.015292619,0.015302619,-4.179731289,0.049086162,0.311546442,0.311556442,-1.166174763,0.006283513,2.433768976,0.889441075,58,2886938,168880526,1.709455832,0.536175093,0,-0.518256759,None,667704.6462,13.41160121,277.5,5.625820933,13.71268069,46.16408519
Abyan,2020,May,5/1/20,63,0.015372859,0.015382859,-4.174501441,0.048626377,0.316142387,0.316152387,-1.151530944,0.006283513,2.446538903,0.894674333,59,2886938,168880526,1.709455832,0.536175093,0,-0.518256759,None,667704.6462,13.41160121,261.25,5.565477803,13.71268069,46.16408519
Abyan,2020,June,6/1/20,64,0.009238549,0.009248549,-4.683288605,0.044753656,0.206431156,0.206441156,-1.577739866,0.006283513,1.470284059,0.38545562,60,2886938,168880526,1.709455832,0.536175093,0,-0.518256759,None,667704.6462,13.41160121,261.25,5.565477803,13.71268069,46.16408519
Abyan,2020,July,7/1/20,65,0.008249379,0.008259379,-4.796405876,0.055343798,0.149056974,0.149066974,-1.903359584,0.006283513,1.312860974,0.272208705,61,2886938,168880526,1.709455832,0.536175093,0,-0.518256759,None,667704.6462,13.41160121,368.75,5.910118908,13.71268069,46.16408519
Abyan,2020,August,8/1/20,66,0.009315892,0.009325892,-4.674960661,0.06147114,0.151549036,0.151559036,-1.886780053,0.006283513,1.482592938,0.39379254,62,2886938,168880526,1.709455832,0.536175093,0,-0.518256759,None,667704.6462,13.41160121,415,6.02827852,13.71268069,46.16408519
Abyan,2020,September,9/1/20,67,0.007533592,0.007543592,-4.887056818,0.050810673,0.148267903,0.148277903,-1.908667043,0.006283513,1.198945876,0.181442734,63,2886938,168880526,1.709455832,0.536175093,0,-0.518256759,None,667704.6462,13.41160121,420,6.040254711,13.71268069,46.16408519
Abyan,2020,October,10/1/20,68,0.008493918,0.008503918,-4.767228281,0.0600087,0.141544775,0.141554775,-1.955068534,0.006283513,1.351778535,0.301421159,64,2886938,168880526,1.709455832,0.536175093,0,-0.518256759,None,667704.6462,13.41160121,411,6.018593214,13.71268069,46.16408519
Abyan,2020,November,11/1/20,69,0.008676049,0.008686049,-4.746037104,0.064389466,0.134743298,0.134753298,-2.004309595,0.006283513,1.380764073,0.322637022,65,2886938,168880526,1.709455832,0.536175093,0,-0.518256759,None,667704.6462,13.41160121,397.5,5.985194934,13.71268069,46.16408519
Abyan,2020,December,12/1/20,70,0.011686939,0.011696939,-4.448428095,0.065000444,0.179797833,0.179807833,-1.715866593,0.006283513,1.859937108,0.620542674,66,2886938,168880526,1.709455832,0.536175093,0,-0.518256759,None,667704.6462,13.41160121,428.75,6.060873998,13.71268069,46.16408519
Abyan,2021,January,1/1/21,71,0.01962962,0.01963962,-3.930206325,0.046663424,0.420663949,0.420673949,-0.865897213,0.006283513,3.123988126,1.139110431,67,2519592,168880526,1.491937561,0.400075652,0,-0.518256759,None,682950.0309,13.43417697,407.5,6.010040933,13.71268069,46.16408519
Abyan,2021,February,2/1/21,72,0.011076864,0.011086864,-4.501994295,0.052041283,0.212847637,0.212857637,-1.547131708,0.006283513,1.76284572,0.56692939,68,2519592,168880526,1.491937561,0.400075652,0,-0.518256759,None,682950.031,13.43417697,520,6.253828812,13.71268069,46.16408519
Abyan,2021,March,3/1/21,73,0.008657165,0.008667165,-4.748213531,0.052885092,0.163697646,0.163707646,-1.809673088,0.006283513,1.377758747,0.320458083,69,2519592,168880526,1.491937561,0.400075652,0,-0.518256759,None,682950.031,13.43417697,662.5,6.496020558,13.71268069,46.16408519
Abyan,2021,April,4/1/21,74,0.012196396,0.012206396,-4.405795202,0.049086162,0.248469132,0.248479132,-1.392396413,0.006283513,1.94101548,0.663211279,70,2519592,168880526,1.491937561,0.400075652,0,-0.518256759,None,682950.031,13.43417697,631.25,6.447701981,13.71268069,46.16408519
Abyan,2021,May,5/1/21,75,0.012479144,0.012489144,-4.382895492,0.048626377,0.256633224,0.256643224,-1.360068392,0.006283513,1.986013875,0.686129552,71,2519592,168880526,1.491937561,0.400075652,0,-0.518256759,None,682950.031,13.43417697,600,6.396929655,13.71268069,46.16408519
Abyan,2021,June,6/1/21,76,0.009908935,0.009918935,-4.613309722,0.044753656,0.221410625,0.221420625,-1.507691106,0.006283513,1.576973741,0.455507657,72,2519592,168880526,1.491937561,0.400075652,0,-0.518256759,None,682950.031,13.43417697,596.25,6.390660042,13.71268069,46.16408519
Abyan,2021,July,7/1/21,77,0.010875629,0.010885629,-4.5203118,0.055343798,0.196510349,0.196520349,-1.626989296,0.006283513,1.730819846,0.548595196,73,2519592,168880526,1.491937561,0.400075652,0,-0.518256759,None,682950.031,13.43417697,630,6.445719819,13.71268069,46.16408519
Abyan,2021,August,8/1/21,78,0.01044413,0.01045413,-4.560758163,0.06147114,0.169902982,0.169912982,-1.772468844,0.006283513,1.662148228,0.508110879,74,2519592,168880526,1.491937561,0.400075652,0,-0.518256759,None,682950.031,13.43417697,685,6.529418838,13.71268069,46.16408519
Abyan,2021,September,9/1/21,79,0.008494243,0.008504243,-4.767190064,0.050810673,0.167174384,0.167184384,-1.78865798,0.006283513,1.351830258,0.301459421,75,2519592,168880526,1.491937561,0.400075652,0,-0.518256759,None,682950.031,13.43417697,762.5,6.636602508,13.71268069,46.16408519
Abyan,2021,October,10/1/21,80,0.009823601,0.009833601,-4.621950084,0.0600087,0.163702945,0.163712945,-1.80964072,0.006283513,1.563393121,0.446858537,76,2519592,168880526,1.491937561,0.400075652,0,-0.518256759,None,682950.031,13.43417697,927.5,6.832492794,13.71268069,46.16408519
Abyan,2021,November,11/1/21,81,0.016017526,0.016027526,-4.13344766,0.064389466,0.248760038,0.248770038,-1.391226351,0.006283513,2.549135492,0.935754279,77,2519592,168880526,1.491937561,0.400075652,0,-0.518256759,None,682950.031,13.43417697,1250,7.13089883,13.71268069,46.16408519
Abyan,2021,December,12/1/21,82,0.016109392,0.016119392,-4.12773226,0.065000444,0.247835107,0.247845107,-1.394951296,0.006283513,2.563755657,0.941473237,78,2519592,168880526,1.491937561,0.400075652,0,-0.518256759,None,682950.031,13.43417697,988.75,6.896441519,13.71268069,46.16408519
Abyan,2022,January,1/1/22,83,0.012588677,0.012598677,-4.374163471,0.046663424,0.269776113,0.269786113,-1.310125808,0.006283513,2.003445684,0.69486854,79,3496511,168880526,2.070405086,0.727744282,0,-0.518256759,None,698195.4156,13.45625431,1116.67,7.018106321,13.71268069,46.16408519
Abyan,2022,February,2/1/22,84,0.011578679,0.011588679,-4.457726606,0.052041283,0.22249027,0.22250027,-1.502826964,0.006283513,1.842707893,0.611236171,80,3496511,168880526,2.070405086,0.727744282,0,-0.518256759,None,698195.416,13.45625431,1275,7.150701458,13.71268069,46.16408519
Abyan,2022,March,3/1/22,85,0.017269312,0.017279312,-4.058245331,0.052885092,0.32654405,0.32655405,-1.1191598,0.006283513,2.748353031,1.011001834,81,3496511,168880526,2.070405086,0.727744282,0,-0.518256759,None,698195.416,13.45625431,1588,7.370230642,13.71268069,46.16408519
Aden,2015,March,3/1/15,1,5.736221844,5.736231844,1.746802522,6.523233199,0.879352565,0.879362565,-0.128557992,NA,NA,NA,NA,614758,7489360,8.208418343,2.105160255,6,-0.296696409,Medium,802294.5363,13.59523107,195,5.272999559,12.82821766,44.78424226
Aden,2015,April,4/1/15,2,2.991392254,2.991402254,1.095742259,5.821240135,0.513875426,0.513885426,-0.665754945,NA,NA,NA,NA,614758,7489360,8.208418343,2.105160255,103,3.285195917,Severe,802294.5363,13.59523107,500,6.214608098,12.82821766,44.78424226
Aden,2015,May,5/1/15,3,2.034633165,2.034643165,0.710320455,4.862584247,0.418426306,0.418436306,-0.871230597,NA,NA,NA,NA,614758,7489360,8.208418343,2.105160255,69,2.029687266,Severe,802294.5363,13.59523107,1300,7.170119543,12.82821766,44.78424226
Aden,2015,June,6/1/15,4,1.485499712,1.485509712,0.395757954,3.877484198,0.38310916,0.38311916,-0.959409215,NA,NA,NA,NA,614758,7489360,8.208418343,2.105160255,54,1.475786391,Severe,802294.5363,13.59523107,1300,7.170119543,12.82821766,44.78424226
Aden,2015,July,7/1/15,5,1.64460203,1.64461203,0.497504508,4.67486731,0.351796515,0.351806515,-1.044673928,NA,NA,NA,NA,614758,7489360,8.208418343,2.105160255,42,1.032665691,Severe,802294.5363,13.59523107,1080,6.98471632,12.82821766,44.78424226
Aden,2015,August,8/1/15,6,1.830387063,1.830397063,0.604532918,4.708521206,0.388739263,0.388749263,-0.944820711,1.565050871,1.169538382,0.156609126,1,614758,7489360,8.208418343,2.105160255,3,-0.407476584,Low,802294.5363,13.59523107,158.33,5.064681463,12.82821766,44.78424226
Aden,2015,September,9/1/15,7,2.347371459,2.347381459,0.853300434,4.838004813,0.485194114,0.485204114,-0.723185623,1.565050871,1.499869111,0.405377845,2,614758,7489360,8.208418343,2.105160255,0,-0.518256759,None,802294.5363,13.59523107,350,5.857933154,12.82821766,44.78424226
Aden,2015,October,10/1/15,8,2.677123049,2.677133049,0.984746464,6.222886576,0.430205985,0.430215985,-0.843467906,1.565050871,1.710566154,0.5368244,3,614758,7489360,8.208418343,2.105160255,1,-0.481330034,Low,802294.5363,13.59523107,350,5.857933154,12.82821766,44.78424226
Aden,2015,November,11/1/15,9,3.855719228,3.855729228,1.349560153,6.773300603,0.569252637,0.569262637,-0.563413375,1.565050871,2.463638275,0.901639231,4,614758,7489360,8.208418343,2.105160255,0,-0.518256759,None,802294.5363,13.59523107,369,5.910796644,12.82821766,44.78424226
Aden,2015,December,12/1/15,10,3.784315426,3.784325426,1.330867648,7.025361063,0.538664902,0.538674902,-0.61864304,1.565050871,2.418014325,0.882946676,5,614758,7489360,8.208418343,2.105160255,0,-0.518256759,None,802294.5363,13.59523107,163,5.093750201,12.82821766,44.78424226
Aden,2016,January,1/1/16,11,3.631138066,3.631148066,1.28954887,6.293695835,0.576948451,0.576958451,-0.549985024,1.565050871,2.320140599,0.841627787,6,622179,7489360,8.307505581,2.117159393,0,-0.518256759,None,825348.016,13.62356041,150,5.010635294,12.82821766,44.78424226
Aden,2016,February,2/1/16,12,4.018139799,4.018149799,1.390821548,6.468248119,0.621209905,0.621219905,-0.476070145,1.565050871,2.567418014,0.94290073,7,622179,7489360,8.307505581,2.117159393,1,-0.481330034,Low,825348.016,13.62356041,150,5.010635294,12.82821766,44.78424226
Aden,2016,March,3/1/16,13,2.904390528,2.904400528,1.06622701,6.523233199,0.445237881,0.445247881,-0.809124116,1.565050871,1.85578027,0.618305238,8,622179,7489360,8.307505581,2.117159393,4,-0.370549859,Low,825348.016,13.62356041,150,5.010635294,12.82821766,44.78424226
Aden,2016,April,4/1/16,14,2.486510694,2.486520694,0.910884422,5.821240135,0.427144498,0.427154498,-0.850609509,1.565050871,1.588773081,0.462962071,9,622179,7489360,8.307505581,2.117159393,1,-0.481330034,Low,825348.016,13.62356041,150,5.010635294,12.82821766,44.78424226
Aden,2016,May,5/1/16,15,2.018890814,2.018900814,0.702553212,4.862584247,0.415188861,0.415198861,-0.87899769,1.565050871,1.289984148,0.25462993,10,622179,7489360,8.307505581,2.117159393,0,-0.518256759,None,825348.016,13.62356041,181,5.198497031,12.82821766,44.78424226
Aden,2016,June,6/1/16,16,2.147487003,2.147497003,0.764302979,3.877484198,0.55383514,0.55384514,-0.590870162,1.565050871,1.372151566,0.316379994,11,622179,7489360,8.307505581,2.117159393,0,-0.518256759,None,825348.016,13.62356041,196,5.278114659,12.82821766,44.78424226
Aden,2016,July,7/1/16,17,1.819884392,1.819894392,0.598778473,4.67486731,0.389291133,0.389301133,-0.943402114,1.565050871,1.162827628,0.150854649,12,622179,7489360,8.307505581,2.117159393,0,-0.518256759,None,825348.016,13.62356041,161,5.081404365,12.82821766,44.78424226
Aden,2016,August,8/1/16,18,2.216580008,2.216590008,0.795969983,4.708521206,0.47075927,0.47076927,-0.753387178,1.565050871,1.416299016,0.348047142,13,622179,7489360,8.307505581,2.117159393,0,-0.518256759,None,825348.016,13.62356041,165,5.105945474,12.82821766,44.78424226
Aden,2016,September,9/1/16,19,1.994078568,1.994088568,0.690187088,4.838004813,0.412169612,0.412179612,-0.886296073,1.565050871,1.274130193,0.242263744,14,622179,7489360,8.307505581,2.117159393,0,-0.518256759,None,825348.016,13.62356041,165,5.105945474,12.82821766,44.78424226
Aden,2016,October,10/1/16,20,2.094742929,2.094752929,0.739435613,6.222886576,0.336619172,0.336629172,-1.088773334,1.565050871,1.338450377,0.29151251,15,622179,7489360,8.307505581,2.117159393,0,-0.518256759,None,825348.016,13.62356041,166,5.111987788,12.82821766,44.78424226
Aden,2016,November,11/1/16,21,2.692605429,2.692615429,0.990513,6.773300603,0.39753225,0.39754225,-0.922454061,1.565050871,1.720458727,0.542590957,16,622179,7489360,8.307505581,2.117159393,0,-0.518256759,None,825348.016,13.62356041,240,5.480638923,12.82821766,44.78424226
Aden,2016,December,12/1/16,22,3.660629697,3.660639697,1.297637913,7.025361063,0.521059297,0.521069297,-0.651872238,1.565050871,2.33898448,0.849716852,17,622179,7489360,8.307505581,2.117159393,0,-0.518256759,None,825348.016,13.62356041,194,5.267858159,12.82821766,44.78424226
Aden,2017,January,1/1/17,23,3.565684576,3.565694576,1.271358867,6.293695835,0.566548602,0.566558602,-0.568174758,1.565050871,2.278318643,0.823437734,18,596972,7489360,7.970934766,2.075801771,0,-0.518256759,None,848200.4623,13.65087228,213,5.361292166,12.82821766,44.78424226
Aden,2017,February,2/1/17,24,2.65046216,2.65047216,0.974737798,6.468248119,0.409765073,0.409775073,-0.892146872,1.565050871,1.693530996,0.526815696,19,596972,7489360,7.970934766,2.075801771,3,-0.407476584,Low,848200.4623,13.65087228,318,5.762051383,12.82821766,44.78424226
Aden,2017,March,3/1/17,25,2.781831309,2.781841309,1.02311305,6.523233199,0.426449772,0.426459772,-0.852237238,1.565050871,1.777470216,0.575191126,20,596972,7489360,7.970934766,2.075801771,0,-0.518256759,None,848200.4623,13.65087228,415,6.02827852,12.82821766,44.78424226
Aden,2017,April,4/1/17,26,2.29156557,2.29157557,0.829239603,5.821240135,0.393655908,0.393665908,-0.932252679,1.565050871,1.464211555,0.38131691,21,596972,7489360,7.970934766,2.075801771,0,-0.518256759,None,848200.4623,13.65087228,160,5.075173815,12.82821766,44.78424226
Aden,2017,May,5/1/17,27,2.110947427,2.110957427,0.747141601,4.862584247,0.434120484,0.434130484,-0.834410136,1.565050871,1.348804353,0.299218536,22,596972,7489360,7.970934766,2.075801771,0,-0.518256759,None,848200.4623,13.65087228,160,5.075173815,12.82821766,44.78424226
Aden,2017,June,6/1/17,28,3.007801207,3.007811207,1.10121264,3.877484198,0.775709469,0.775719469,-0.253964333,1.565050871,1.921855233,0.653290987,23,596972,7489360,7.970934766,2.075801771,0,-0.518256759,None,848200.4623,13.65087228,160,5.075173815,12.82821766,44.78424226
Aden,2017,July,7/1/17,29,2.116551126,2.116561126,0.749792661,4.67486731,0.452751059,0.452761059,-0.792390756,1.565050871,1.352384875,0.301869608,24,596972,7489360,7.970934766,2.075801771,0,-0.518256759,None,848200.4623,13.65087228,246,5.505331536,12.82821766,44.78424226
Aden,2017,August,8/1/17,30,2.418746392,2.418756392,0.88325352,4.708521206,0.51369555,0.51370555,-0.666105038,1.565050871,1.545474615,0.435331057,25,596972,7489360,7.970934766,2.075801771,0,-0.518256759,None,848200.4623,13.65087228,270,5.598421959,12.82821766,44.78424226
Aden,2017,September,9/1/17,31,2.312016178,2.312026178,0.838124273,4.838004813,0.477886291,0.477896291,-0.738361534,1.565050871,1.477278612,0.390201619,26,596972,7489360,7.970934766,2.075801771,1,-0.481330034,Low,848200.4623,13.65087228,220,5.393627546,12.82821766,44.78424226
Aden,2017,October,10/1/17,32,2.515655686,2.515665686,0.922537455,6.222886576,0.404258644,0.404268644,-0.905675662,1.565050871,1.607395474,0.474615151,27,596972,7489360,7.970934766,2.075801771,0,-0.518256759,None,848200.4623,13.65087228,183.75,5.213576138,12.82821766,44.78424226
Aden,2017,November,11/1/17,33,2.802339684,2.802349684,1.030458238,6.773300603,0.413733252,0.413743252,-0.882509662,1.565050871,1.790574183,0.582536341,28,596972,7489360,7.970934766,2.075801771,0,-0.518256759,None,848200.4623,13.65087228,282.5,5.643678551,12.82821766,44.78424226
Aden,2017,December,12/1/17,34,4.15101098,4.15102098,1.423354323,7.025361063,0.590860874,0.590870874,-0.526157773,1.565050871,2.652316967,0.975433585,29,596972,7489360,7.970934766,2.075801771,0,-0.518256759,None,848200.4623,13.65087228,325,5.783825182,12.82821766,44.78424226
Aden,2018,January,1/1/18,35,3.983102257,3.983112257,1.382063488,6.293695835,0.632871744,0.632881744,-0.457471693,1.565050871,2.545030536,0.934142648,30,553510,7489360,7.390618157,2.000211379,0,-0.518256759,None,870751.3413,13.67711173,312.5,5.744604469,12.82821766,44.78424226
Aden,2018,February,2/1/18,36,4.232264595,4.232274595,1.442739578,6.468248119,0.654313891,0.654323891,-0.424152804,1.565050871,2.704234523,0.994818886,31,553510,7489360,7.390618157,2.000211379,0,-0.518256759,None,870751.3413,13.67711173,312.5,5.744604469,12.82821766,44.78424226
Aden,2018,March,3/1/18,37,4.509156559,4.509166559,1.506112338,6.523233199,0.691245648,0.691255648,-0.369245555,1.565050871,2.881156544,1.058191791,32,553510,7489360,7.390618157,2.000211379,0,-0.518256759,None,870751.3413,13.67711173,312.5,5.744604469,12.82821766,44.78424226
Aden,2018,April,4/1/18,38,3.129491623,3.129501623,1.140873766,5.821240135,0.537598785,0.537608785,-0.620624149,1.565050871,1.99961016,0.692952242,33,553510,7489360,7.390618157,2.000211379,0,-0.518256759,None,870751.3413,13.67711173,352.5,5.865050622,12.82821766,44.78424226
Aden,2018,May,5/1/18,39,3.142114382,3.142124382,1.144899126,4.862584247,0.646181993,0.646191993,-0.436658617,1.565050871,2.007675559,0.696977615,34,553510,7489360,7.390618157,2.000211379,0,-0.518256759,None,870751.3413,13.67711173,317.5,5.760477818,12.82821766,44.78424226
Aden,2018,June,6/1/18,40,3.753350673,3.753360673,1.322651618,3.877484198,0.967986066,0.967996066,-0.032527256,1.565050871,2.398229184,0.874730625,35,553510,7489360,7.390618157,2.000211379,0,-0.518256759,None,870751.3413,13.67711173,327.5,5.791488055,12.82821766,44.78424226
Aden,2018,July,7/1/18,41,2.214335359,2.214345359,0.794956811,4.67486731,0.473668066,0.473678066,-0.747227374,1.565050871,1.414864782,0.347033966,36,553510,7489360,7.390618157,2.000211379,0,-0.518256759,None,870751.3413,13.67711173,333.75,5.81039221,12.82821766,44.78424226
Aden,2018,August,8/1/18,42,2.799710981,2.799720981,1.029519763,4.708521206,0.594605155,0.594615155,-0.519840881,1.565050871,1.788894555,0.581597862,37,553510,7489360,7.390618157,2.000211379,0,-0.518256759,None,870751.3413,13.67711173,380,5.940171253,12.82821766,44.78424226
Aden,2018,September,9/1/18,43,2.306528021,2.306538021,0.835747708,4.838004813,0.476751907,0.476761907,-0.740738059,1.565050871,1.473771916,0.387825044,38,553510,7489360,7.390618157,2.000211379,0,-0.518256759,None,870751.3413,13.67711173,451.25,6.11202151,12.82821766,44.78424226
Aden,2018,October,10/1/18,44,3.576054308,3.576064308,1.27426284,6.222886576,0.574661657,0.574671657,-0.553956433,1.565050871,2.284944454,0.826341715,39,553510,7489360,7.390618157,2.000211379,0,-0.518256759,None,870751.3413,13.67711173,546.25,6.303076746,12.82821766,44.78424226
Aden,2018,November,11/1/18,45,4.287319473,4.287329473,1.455664039,6.773300603,0.632973453,0.632983453,-0.457310998,1.565050871,2.739412215,1.007743377,40,553510,7489360,7.390618157,2.000211379,0,-0.518256759,None,870751.3413,13.67711173,412.5,6.022236206,12.82821766,44.78424226
Aden,2018,December,12/1/18,46,4.436481808,4.436491808,1.489863931,7.025361063,0.631495203,0.631505203,-0.459649098,1.565050871,2.834720513,1.041943348,41,553510,7489360,7.390618157,2.000211379,0,-0.518256759,None,870751.3413,13.67711173,325,5.783825182,12.82821766,44.78424226
Aden,2019,January,1/1/19,47,4.28523975,4.28524975,1.455178835,6.293695835,0.680878114,0.680888114,-0.384357283,1.565050871,2.738083362,1.007258173,42,845595,7489360,11.29061762,2.423972082,0,-0.518256759,None,893916.6978,13.70336787,325,5.783825182,12.82821766,44.78424226
Aden,2019,February,2/1/19,48,4.708174473,4.708184473,1.549302372,6.468248119,0.727890209,0.727900209,-0.317591316,1.565050871,3.008320407,1.101381919,43,845595,7489360,11.29061762,2.423972082,0,-0.518256759,None,893916.6978,13.70336787,317.5,5.760477818,12.82821766,44.78424226
Aden,2019,March,3/1/19,49,4.475505488,4.475515488,1.498621538,6.523233199,0.686086999,0.686096999,-0.376736263,1.565050871,2.859654961,1.050700975,44,845595,7489360,11.29061762,2.423972082,0,-0.518256759,None,893916.6978,13.70336787,375,5.926926026,12.82821766,44.78424226
Aden,2019,April,4/1/19,50,4.60687464,4.60688464,1.527551845,5.821240135,0.791390586,0.791400586,-0.23395101,1.565050871,2.943594183,1.079631346,45,845595,7489360,11.29061762,2.423972082,0,-0.518256759,None,893916.6978,13.70336787,372.5,5.920237038,12.82821766,44.78424226
Aden,2019,May,5/1/19,51,5.90444829,5.90445829,1.775707708,4.862584247,1.214261387,1.214271387,0.194144215,1.565050871,3.772687776,1.327787685,46,845595,7489360,11.29061762,2.423972082,0,-0.518256759,None,893916.6978,13.70336787,360,5.886104031,12.82821766,44.78424226
Aden,2019,June,6/1/19,52,3.216522243,3.216532243,1.168303836,3.877484198,0.829538453,0.829548453,-0.186873759,1.565050871,2.055218972,0.720382398,47,845595,7489360,11.29061762,2.423972082,0,-0.518256759,None,893916.6978,13.70336787,363.75,5.896466818,12.82821766,44.78424226
Aden,2019,July,7/1/19,53,2.228943245,2.228953245,0.801532078,4.67486731,0.476792837,0.476802837,-0.740652213,1.565050871,1.424198591,0.353609263,48,845595,7489360,11.29061762,2.423972082,0,-0.518256759,None,893916.6978,13.70336787,356.25,5.875632732,12.82821766,44.78424226
Aden,2019,August,8/1/19,54,2.903671583,2.903681583,1.065979443,4.708521206,0.616684402,0.616694402,-0.483381674,1.565050871,1.855320895,0.61805767,49,845595,7489360,11.29061762,2.423972082,5,-0.333623134,Medium,893916.6978,13.70336787,387.5,5.959715849,12.82821766,44.78424226
Aden,2019,September,9/1/19,55,2.392056614,2.392066614,0.872157684,4.838004813,0.494430392,0.494440392,-0.704328677,1.565050871,1.528420998,0.424235175,50,845595,7489360,11.29061762,2.423972082,0,-0.518256759,None,893916.6978,13.70336787,396.25,5.982045325,12.82821766,44.78424226
Aden,2019,October,10/1/19,56,2.917966489,2.917976489,1.070890393,6.222886576,0.468908834,0.468918834,-0.757325587,1.565050871,1.864454724,0.622968637,51,845595,7489360,11.29061762,2.423972082,0,-0.518256759,None,893916.6978,13.70336787,387.5,5.959715849,12.82821766,44.78424226
Aden,2019,November,11/1/19,57,3.099942234,3.099952234,1.131386703,6.773300603,0.457670848,0.457680848,-0.781583176,1.565050871,1.980729375,0.683465148,52,845595,7489360,11.29061762,2.423972082,0,-0.518256759,None,893916.6978,13.70336787,376.25,5.930253816,12.82821766,44.78424226
Aden,2019,December,12/1/19,58,3.697198154,3.697208154,1.307577982,7.025361063,0.526264504,0.526274504,-0.641932332,1.565050871,2.362350146,0.859656948,53,845595,7489360,11.29061762,2.423972082,0,-0.518256759,None,893916.6978,13.70336787,376.25,5.930253816,12.82821766,44.78424226
Aden,2020,January,1/1/20,59,3.278769501,3.278779501,1.18747125,6.293695835,0.520960909,0.520970909,-0.652061076,1.565050871,2.094992285,0.739549871,54,804389,7489360,10.74042375,2.374014544,0,-0.518256759,None,917368.7132,13.72926476,368.75,5.910118908,12.82821766,44.78424226
Aden,2020,February,2/1/20,60,3.641016753,3.641026753,1.292265717,6.468248119,0.562906167,0.562916167,-0.574624566,1.565050871,2.326452654,0.844344641,55,804389,7489360,10.74042375,2.374014544,0,-0.518256759,None,917368.7132,13.72926476,380,5.940171253,12.82821766,44.78424226
Aden,2020,March,3/1/20,61,2.921981517,2.921991517,1.07226541,6.523233199,0.447934548,0.447944548,-0.803085831,1.565050871,1.867020153,0.624343659,56,804389,7489360,10.74042375,2.374014544,0,-0.518256759,None,917368.7132,13.72926476,378.75,5.936876357,12.82821766,44.78424226
Aden,2020,April,4/1/20,62,2.587579434,2.587589434,0.950726722,5.821240135,0.444506561,0.444516561,-0.810767967,1.565050871,1.653351646,0.502804528,57,804389,7489360,10.74042375,2.374014544,0,-0.518256759,None,917368.7132,13.72926476,220,5.393627546,12.82821766,44.78424226
Aden,2020,May,5/1/20,63,3.326603116,3.326613116,1.201954704,4.862584247,0.684122464,0.684132464,-0.379603719,1.565050871,2.125555902,0.754033369,58,804389,7489360,10.74042375,2.374014544,0,-0.518256759,None,917368.7132,13.72926476,267.5,5.589119566,12.82821766,44.78424226
Aden,2020,June,6/1/20,64,2.142720974,2.142730974,0.762081172,3.877484198,0.552605985,0.552615985,-0.59309194,1.565050871,1.369106279,0.314158176,59,804389,7489360,10.74042375,2.374014544,0,-0.518256759,None,917368.7132,13.72926476,267.5,5.589119566,12.82821766,44.78424226
Aden,2020,July,7/1/20,65,2.398897912,2.398907912,0.875013597,4.67486731,0.513147808,0.513157808,-0.667171863,1.565050871,1.532792292,0.4270911,60,804389,7489360,10.74042375,2.374014544,0,-0.518256759,None,917368.7132,13.72926476,365,5.899897354,12.82821766,44.78424226
Aden,2020,August,8/1/20,66,2.098032412,2.098042412,0.741004725,4.708521206,0.445582025,0.445592025,-0.808351488,1.565050871,1.340552215,0.29308163,61,804389,7489360,10.74042375,2.374014544,0,-0.518256759,None,917368.7132,13.72926476,325,5.783825182,12.82821766,44.78424226
Aden,2020,September,9/1/20,67,2.048815715,2.048825715,0.717266807,4.838004813,0.423483604,0.423493604,-0.859216868,1.565050871,1.309104869,0.269343598,62,804389,7489360,10.74042375,2.374014544,0,-0.518256759,None,917368.7132,13.72926476,400,5.991464547,12.82821766,44.78424226
Aden,2020,October,10/1/20,68,2.171750435,2.171760435,0.775538099,6.222886576,0.348994057,0.349004057,-1.052671732,1.565050871,1.387654852,0.327615165,63,804389,7489360,10.74042375,2.374014544,0,-0.518256759,None,917368.7132,13.72926476,400,5.991464547,12.82821766,44.78424226
Aden,2020,November,11/1/20,69,2.564818028,2.564828028,0.941891431,6.773300603,0.378665909,0.378675909,-0.971074561,1.565050871,1.63880809,0.493969203,64,804389,7489360,10.74042375,2.374014544,0,-0.518256759,None,917368.7132,13.72926476,415,6.02827852,12.82821766,44.78424226
Aden,2020,December,12/1/20,70,2.839659156,2.839669156,1.043687551,7.025361063,0.404201169,0.404211169,-0.905817842,1.565050871,1.814419715,0.5957657,65,804389,7489360,10.74042375,2.374014544,0,-0.518256759,None,917368.7132,13.72926476,415,6.02827852,12.82821766,44.78424226
Aden,2021,January,1/1/21,71,3.684893121,3.684903121,1.304244235,6.293695835,0.585489547,0.585499547,-0.53528987,1.565050871,2.354487761,0.856323193,66,853464,7489360,11.39568668,2.433234922,0,-0.518256759,None,940344.4762,13.75400155,406.25,6.006968734,12.82821766,44.78424226
Aden,2021,February,2/1/21,72,3.19927787,3.19928787,1.162928244,6.468248119,0.494612731,0.494622731,-0.703959967,1.565050871,2.044200562,0.71500679,67,853464,7489360,11.39568668,2.433234922,0,-0.518256759,None,940344.4762,13.75400155,475,6.163314804,12.82821766,44.78424226
Aden,2021,March,3/1/21,73,2.522154825,2.522164825,0.92511759,6.523233199,0.386641831,0.386651831,-0.950230652,1.565050871,1.611548143,0.477195296,68,853464,7489360,11.39568668,2.433234922,0,-0.518256759,None,940344.4762,13.75400155,637.5,6.457554277,12.82821766,44.78424226
Aden,2021,April,4/1/21,74,3.216002317,3.216012317,1.168142181,5.821240135,0.552459999,0.552469999,-0.593356148,1.565050871,2.054886762,0.720220743,69,853464,7489360,11.39568668,2.433234922,0,-0.518256759,None,940344.4762,13.75400155,700,6.551080335,12.82821766,44.78424226
Aden,2021,May,5/1/21,75,2.822790294,2.822800294,1.037729404,4.862584247,0.580512368,0.580522368,-0.543826946,1.565050871,1.80364124,0.589807533,70,853464,7489360,11.39568668,2.433234922,0,-0.518256759,None,940344.4762,13.75400155,628,6.442540166,12.82821766,44.78424226
Aden,2021,June,6/1/21,76,2.343067587,2.343077587,0.851465273,3.877484198,0.604275212,0.604285212,-0.503708987,1.565050871,1.497119123,0.403542677,71,853464,7489360,11.39568668,2.433234922,0,-0.518256759,None,940344.4762,13.75400155,663.75,6.497905573,12.82821766,44.78424226
Aden,2021,July,7/1/21,77,2.377874061,2.377884061,0.866211042,4.67486731,0.5086506,0.5086606,-0.675974282,1.565050871,1.519358958,0.418288508,72,853464,7489360,11.39568668,2.433234922,0,-0.518256759,None,940344.4762,13.75400155,580,6.363028104,12.82821766,44.78424226
Aden,2021,August,8/1/21,78,2.381860195,2.381870195,0.867885975,4.708521206,0.505861626,0.505871626,-0.681472345,1.565050871,1.521905926,0.419963448,73,853464,7489360,11.39568668,2.433234922,0,-0.518256759,None,940344.4762,13.75400155,693.33,6.541506076,12.82821766,44.78424226
Aden,2021,September,9/1/21,79,2.202628542,2.202638542,0.789655979,4.838004813,0.45527622,0.45528622,-0.786829003,1.565050871,1.407384631,0.34173311,74,853464,7489360,11.39568668,2.433234922,0,-0.518256759,None,940344.4762,13.75400155,762.5,6.636602508,12.82821766,44.78424226
Aden,2021,October,10/1/21,80,2.243327556,2.243337556,0.807964737,6.222886576,0.360496295,0.360506295,-1.020245861,1.565050871,1.433389545,0.360041951,75,853464,7489360,11.39568668,2.433234922,0,-0.518256759,None,940344.4762,13.75400155,925,6.829793738,12.82821766,44.78424226
Aden,2021,November,11/1/21,81,2.8731658,2.8731758,1.055417969,6.773300603,0.424189914,0.424199914,-0.85755044,1.565050871,1.835829016,0.607496159,76,853464,7489360,11.39568668,2.433234922,0,-0.518256759,None,940344.4762,13.75400155,978,6.88550967,12.82821766,44.78424226
Aden,2021,December,12/1/21,82,3.072154823,3.072164823,1.122382467,7.025361063,0.437294937,0.437304937,-0.827124531,1.565050871,1.962974418,0.674460883,77,853464,7489360,11.39568668,2.433234922,0,-0.518256759,None,940344.4762,13.75400155,1000,6.907755279,12.82821766,44.78424226
Aden,2022,January,1/1/22,83,2.818948585,2.818958585,1.036367521,6.293695835,0.447900353,0.447910353,-0.803162172,1.565050871,1.801186554,0.588445644,78,800637,7489360,10.69032601,2.369339221,0,-0.518256759,None,963320.2392,13.77814118,900,6.802394763,12.82821766,44.78424226
Aden,2022,February,2/1/22,84,2.715684575,2.715694575,0.999047749,6.468248119,0.419848547,0.419858547,-0.867837417,1.565050871,1.735205306,0.551125738,79,800637,7489360,10.69032601,2.369339221,0,-0.518256759,None,963320.2392,13.77814118,850,6.745236349,12.82821766,44.78424226
Aden,2022,March,3/1/22,85,2.919641826,2.919651826,1.071464371,6.523233199,0.447575878,0.447585878,-0.803886854,1.565050871,1.865525192,0.623542618,80,800637,7489360,10.69032601,2.369339221,0,-0.518256759,None,963320.2392,13.77814118,1475,7.296413269,12.82821766,44.78424226
Al-Bayda,2015,March,3/1/15,1,0.017149429,0.017159429,-4.065207461,0.0440427,0.38938187,0.38939187,-0.943169065,NA,NA,NA,NA,255902,96364332,0.265556762,-1.325926668,1,-0.481330034,Low,776610.1409,13.56269375,NA,NA,14.31609988,45.34696273
Al-Bayda,2015,April,4/1/15,2,0.005567591,0.005577591,-5.188998316,0.031873507,0.174677705,0.174687705,-1.744755442,NA,NA,NA,NA,255902,96364332,0.265556762,-1.325926668,12,-0.075136059,Medium,776610.1409,13.56269375,NA,NA,14.31609988,45.34696273
Al-Bayda,2015,May,5/1/15,3,0.002286888,0.002296888,-6.076200116,0.024136648,0.09474754,0.09475754,-2.35643386,NA,NA,NA,NA,255902,96364332,0.265556762,-1.325926668,14,-0.001282609,High,776610.1409,13.56269375,NA,NA,14.31609988,45.34696273
Al-Bayda,2015,June,6/1/15,4,0.003600063,0.003610063,-5.624030055,0.021394431,0.168271035,0.168281035,-1.78211987,NA,NA,NA,NA,255902,96364332,0.265556762,-1.325926668,9,-0.185916234,Medium,776610.1409,13.56269375,NA,NA,14.31609988,45.34696273
Al-Bayda,2015,July,7/1/15,5,0.00998727,0.00999727,-4.605443223,0.052495621,0.190249584,0.190259584,-1.659365908,NA,NA,NA,NA,255902,96364332,0.265556762,-1.325926668,23,0.331057916,High,776610.1409,13.56269375,NA,NA,14.31609988,45.34696273
Al-Bayda,2015,August,8/1/15,6,0.002231056,0.002241056,-6.100808096,0.037509585,0.059479624,0.059489624,-2.821953368,NA,NA,NA,NA,255902,96364332,0.265556762,-1.325926668,42,1.032665691,Severe,776610.1409,13.56269375,NA,NA,14.31609988,45.34696273
Al-Bayda,2015,September,9/1/15,7,0.006347009,0.006357009,-5.058197295,0.033166581,0.1913676,0.1913776,-1.653506839,NA,NA,NA,NA,255902,96364332,0.265556762,-1.325926668,75,2.251247617,Severe,776610.1409,13.56269375,NA,NA,14.31609988,45.34696273
Al-Bayda,2015,October,10/1/15,8,0.003805525,0.003815525,-5.568677009,0.044321489,0.085861849,0.085871849,-2.454899222,NA,NA,NA,NA,255902,96364332,0.265556762,-1.325926668,39,0.921885516,Severe,776610.1409,13.56269375,NA,NA,14.31609988,45.34696273
Al-Bayda,2015,November,11/1/15,9,0.006438573,0.006448573,-5.043896413,0.043384624,0.148406794,0.148416794,-1.907730788,NA,NA,NA,NA,255902,96364332,0.265556762,-1.325926668,9,-0.185916234,Medium,776610.1409,13.56269375,450,6.109247583,14.31609988,45.34696273
Al-Bayda,2015,December,12/1/15,10,0.004937803,0.004947803,-5.308811639,0.042064006,0.117387845,0.117397845,-2.142186728,NA,NA,NA,NA,255902,96364332,0.265556762,-1.325926668,7,-0.259769684,Medium,776610.1409,13.56269375,331.25,5.802873377,14.31609988,45.34696273
Al-Bayda,2016,January,1/1/16,11,0.002481185,0.002491185,-5.994996778,0.03635851,0.068242208,0.068252208,-2.684545494,NA,NA,NA,NA,424843,96364332,0.440871629,-0.819001537,22,0.294131191,High,795647.6353,13.5869117,261.25,5.565477803,14.31609988,45.34696273
Al-Bayda,2016,February,2/1/16,12,0.00304174,0.00305174,-5.792043359,0.034704201,0.087647602,0.087657602,-2.43431694,NA,NA,NA,NA,424843,96364332,0.440871629,-0.819001537,6,-0.296696409,Medium,795647.6353,13.5869117,187.5,5.233778845,14.31609988,45.34696273
Al-Bayda,2016,March,3/1/16,13,0.003608996,0.003618996,-5.62155864,0.0440427,0.081943114,0.081953114,-2.501607976,0.002761463,1.306914487,0.267669006,1,424843,96364332,0.440871629,-0.819001537,9,-0.185916234,Medium,795647.6353,13.5869117,195,5.272999559,14.31609988,45.34696273
Al-Bayda,2016,April,4/1/16,14,0.002195324,0.002205324,-6.116880842,0.031873507,0.068876137,0.068886137,-2.675300326,0.002761463,0.794985846,-0.229430968,2,424843,96364332,0.440871629,-0.819001537,3,-0.407476584,Low,795647.6353,13.5869117,198.12,5.288872908,14.31609988,45.34696273
Al-Bayda,2016,May,5/1/16,15,0.003718427,0.003728427,-5.59176885,0.024136648,0.15405731,0.15406731,-1.870365694,0.002761463,1.346542394,0.297540117,3,424843,96364332,0.440871629,-0.819001537,1,-0.481330034,Low,795647.6353,13.5869117,267.5,5.589119566,14.31609988,45.34696273
Al-Bayda,2016,June,6/1/16,16,0.01846707,0.01847707,-3.991224775,0.021394431,0.863171836,0.863181836,-0.147129908,0.002761463,6.687422573,1.900228534,4,424843,96364332,0.440871629,-0.819001537,0,-0.518256759,None,795647.6353,13.5869117,287.5,5.66122286,14.31609988,45.34696273
Al-Bayda,2016,July,7/1/16,17,0.006717735,0.006727735,-5.001516745,0.052495621,0.127967532,0.127977532,-2.055900562,0.002761463,2.432672464,0.888990432,5,424843,96364332,0.440871629,-0.819001537,0,-0.518256759,None,795647.6353,13.5869117,241,5.484796933,14.31609988,45.34696273
Al-Bayda,2016,August,8/1/16,18,0.003872524,0.003882524,-5.551269821,0.037509585,0.103240919,0.103250919,-2.270593146,0.002761463,1.402345061,0.338145879,6,424843,96364332,0.440871629,-0.819001537,6,-0.296696409,Medium,795647.6353,13.5869117,178,5.18178355,14.31609988,45.34696273
Al-Bayda,2016,September,9/1/16,19,0.008468633,0.008478633,-4.770206045,0.033166581,0.255336328,0.255346328,-1.365134506,0.002761463,3.066719706,1.120608491,7,424843,96364332,0.440871629,-0.819001537,6,-0.296696409,Medium,795647.6353,13.5869117,186,5.225746674,14.31609988,45.34696273
Al-Bayda,2016,October,10/1/16,20,0.008779061,0.008789061,-4.734247399,0.044321489,0.198076852,0.198086852,-1.619049698,0.002761463,3.179134031,1.156608842,8,424843,96364332,0.440871629,-0.819001537,2,-0.444403309,Low,795647.6353,13.5869117,190,5.247024072,14.31609988,45.34696273
Al-Bayda,2016,November,11/1/16,21,0.004004288,0.004014288,-5.517895282,0.043384624,0.092297399,0.092307399,-2.382630978,0.002761463,1.450060348,0.371605175,9,424843,96364332,0.440871629,-0.819001537,8,-0.222842959,Medium,795647.6353,13.5869117,199,5.293304825,14.31609988,45.34696273
Al-Bayda,2016,December,12/1/16,22,0.002798312,0.002808312,-5.875171688,0.042064006,0.066525095,0.066535095,-2.710025726,0.002761463,1.013344014,0.013255767,10,424843,96364332,0.440871629,-0.819001537,3,-0.407476584,Low,795647.6353,13.5869117,200,5.298317367,14.31609988,45.34696273
Al-Bayda,2017,January,1/1/17,23,0.003298568,0.003308568,-5.711239812,0.03635851,0.09072341,0.09073341,-2.399829632,0.002761463,1.194500162,0.177727823,11,312989,96364332,0.324797561,-1.12455318,2,-0.444403309,Low,814546.2968,13.61038655,209,5.342334252,14.31609988,45.34696273
Al-Bayda,2017,February,2/1/17,24,0.004401813,0.004411813,-5.423469563,0.034704201,0.126838045,0.126848045,-2.064765405,0.002761463,1.594014839,0.46625589,12,312989,96364332,0.324797561,-1.12455318,1,-0.481330034,Low,814546.2968,13.61038655,213,5.361292166,14.31609988,45.34696273
Al-Bayda,2017,March,3/1/17,25,0.004283449,0.004293449,-5.450664906,0.0440427,0.09725673,0.09726673,-2.33029828,0.002761463,1.551152052,0.438997914,13,312989,96364332,0.324797561,-1.12455318,0,-0.518256759,None,814546.2968,13.61038655,208,5.33753808,14.31609988,45.34696273
Al-Bayda,2017,April,4/1/17,26,0.00712196,0.00713196,-4.943169188,0.031873507,0.223444508,0.223454508,-1.498547429,0.002761463,2.579053205,0.947422357,14,312989,96364332,0.324797561,-1.12455318,0,-0.518256759,None,814546.2968,13.61038655,215,5.370638028,14.31609988,45.34696273
Al-Bayda,2017,May,5/1/17,27,0.008281037,0.008291037,-4.792580227,0.024136648,0.343089774,0.343099774,-1.069733988,0.002761463,2.998786151,1.09820759,15,312989,96364332,0.324797561,-1.12455318,0,-0.518256759,None,814546.2968,13.61038655,228,5.429345629,14.31609988,45.34696273
Al-Bayda,2017,June,6/1/17,28,0.022082766,0.022092766,-3.812505054,0.021394431,1.032173576,1.032183576,0.031676535,0.002761463,7.99676331,2.079036874,16,312989,96364332,0.324797561,-1.12455318,2,-0.444403309,Low,814546.2968,13.61038655,220,5.393627546,14.31609988,45.34696273
Al-Bayda,2017,July,7/1/17,29,0.009270384,0.009280384,-4.679852354,0.052495621,0.176593474,0.176603474,-1.733848319,0.002761463,3.3570553,1.211064191,17,312989,96364332,0.324797561,-1.12455318,0,-0.518256759,None,814546.2968,13.61038655,219,5.38907173,14.31609988,45.34696273
Al-Bayda,2017,August,8/1/17,30,0.011802935,0.011812935,-4.438560161,0.037509585,0.314664508,0.314674508,-1.156216482,0.002761463,4.27416011,1.452587618,18,312989,96364332,0.324797561,-1.12455318,0,-0.518256759,None,814546.2968,13.61038655,238,5.472270674,14.31609988,45.34696273
Al-Bayda,2017,September,9/1/17,31,0.010349063,0.010359063,-4.56989349,0.033166581,0.312032856,0.312042856,-1.164614742,0.002761463,3.747673968,1.321135372,19,312989,96364332,0.324797561,-1.12455318,0,-0.518256759,None,814546.2968,13.61038655,240,5.480638923,14.31609988,45.34696273
Al-Bayda,2017,October,10/1/17,32,0.011619805,0.011629805,-4.45418408,0.044321489,0.262170908,0.262180908,-1.338720525,0.002761463,4.207843813,1.436950358,20,312989,96364332,0.324797561,-1.12455318,1,-0.481330034,Low,814546.2968,13.61038655,248.75,5.516448376,14.31609988,45.34696273
Al-Bayda,2017,November,11/1/17,33,0.005654689,0.005664689,-5.173503285,0.043384624,0.130338549,0.130348549,-2.03754327,0.002761463,2.047714925,0.716724501,21,312989,96364332,0.324797561,-1.12455318,3,-0.407476584,Low,814546.2968,13.61038655,356.25,5.875632732,14.31609988,45.34696273
Al-Bayda,2017,December,12/1/17,34,0.005027134,0.005037134,-5.290918009,0.042064006,0.119511537,0.119521537,-2.124258698,0.002761463,1.820460386,0.599089428,22,312989,96364332,0.324797561,-1.12455318,9,-0.185916234,Medium,814546.2968,13.61038655,403.75,6.000795875,14.31609988,45.34696273
Al-Bayda,2018,January,1/1/18,35,0.002999308,0.003009308,-5.806045127,0.03635851,0.082492599,0.082502599,-2.494925483,0.002761463,1.086130069,0.082620983,23,366783,96364332,0.38062112,-0.965950834,12,-0.075136059,Medium,833334.304,13.63319017,346.25,5.847161058,14.31609988,45.34696273
Al-Bayda,2018,February,2/1/18,36,0.004363848,0.004373848,-5.432112108,0.034704201,0.125744085,0.125754085,-2.073426985,0.002761463,1.580266692,0.457593625,24,366783,96364332,0.38062112,-0.965950834,10,-0.148989509,Medium,833334.304,13.63319017,346.25,5.847161058,14.31609988,45.34696273
Al-Bayda,2018,March,3/1/18,37,0.004685441,0.004695441,-5.361163241,0.0440427,0.106384054,0.106394054,-2.240605587,0.002761463,1.696724164,0.52869943,25,366783,96364332,0.38062112,-0.965950834,15,0.035644116,High,833334.304,13.63319017,360,5.886104031,14.31609988,45.34696273
Al-Bayda,2018,April,4/1/18,38,0.004966836,0.004976836,-5.302960931,0.031873507,0.155829606,0.155839606,-1.858927967,0.002761463,1.798624859,0.587022406,26,366783,96364332,0.38062112,-0.965950834,20,0.220277741,High,833334.304,13.63319017,350,5.857933154,14.31609988,45.34696273
Al-Bayda,2018,May,5/1/18,39,0.01289948,0.01290948,-4.349793354,0.024136648,0.534435443,0.534445443,-0.626525625,0.002761463,4.671248537,1.541426389,27,366783,96364332,0.38062112,-0.965950834,7,-0.259769684,Medium,833334.304,13.63319017,358.75,5.882625767,14.31609988,45.34696273
Al-Bayda,2018,June,6/1/18,40,0.01964178,0.01965178,-3.92958736,0.021394431,0.918079116,0.918089116,-0.085460817,0.002761463,7.112816648,1.961898318,28,366783,96364332,0.38062112,-0.965950834,9,-0.185916234,Medium,833334.304,13.63319017,375,5.926926026,14.31609988,45.34696273
Al-Bayda,2018,July,7/1/18,41,0.005866851,0.005876851,-5.136734205,0.052495621,0.111758865,0.111768865,-2.191322245,0.002761463,2.12454449,0.753557422,29,366783,96364332,0.38062112,-0.965950834,8,-0.222842959,Medium,833334.304,13.63319017,375,5.926926026,14.31609988,45.34696273
Al-Bayda,2018,August,8/1/18,42,0.010090002,0.010100002,-4.595219657,0.037509585,0.268997967,0.269007967,-1.313014283,0.002761463,3.653861015,1.295784421,30,366783,96364332,0.38062112,-0.965950834,5,-0.333623134,Medium,833334.304,13.63319017,487.5,6.18929029,14.31609988,45.34696273
Al-Bayda,2018,September,9/1/18,43,0.007398888,0.007408888,-4.905074918,0.033166581,0.223082626,0.223092626,-1.500168231,0.002761463,2.679336279,0.985569107,31,366783,96364332,0.38062112,-0.965950834,8,-0.222842959,Medium,833334.304,13.63319017,662.5,6.496020558,14.31609988,45.34696273
Al-Bayda,2018,October,10/1/18,44,0.006041048,0.006051048,-5.107523799,0.044321489,0.136300655,0.136310655,-1.99281877,0.002761463,2.187625907,0.782816895,32,366783,96364332,0.38062112,-0.965950834,1,-0.481330034,Low,833334.304,13.63319017,553.75,6.316713321,14.31609988,45.34696273
Al-Bayda,2018,November,11/1/18,45,0.005143266,0.005153266,-5.268124591,0.043384624,0.118550433,0.118560433,-2.132332465,0.002761463,1.862514906,0.621927674,33,366783,96364332,0.38062112,-0.965950834,7,-0.259769684,Medium,833334.304,13.63319017,541.25,6.293881279,14.31609988,45.34696273
Al-Bayda,2018,December,12/1/18,46,0.004033321,0.004043321,-5.510688895,0.042064006,0.095885328,0.095895328,-2.344498016,0.002761463,1.460573978,0.378829494,34,366783,96364332,0.38062112,-0.965950834,2,-0.444403309,Low,833334.304,13.63319017,453.75,6.117546386,14.31609988,45.34696273
Al-Bayda,2019,January,1/1/19,47,0.003691627,0.003701627,-5.598982826,0.03635851,0.101534056,0.101544056,-2.287262525,0.002761463,1.336837394,0.290306671,35,552421,96364332,0.573262937,-0.55641079,0,-0.518256759,None,852073.9918,13.65542865,410,6.01615716,14.31609988,45.34696273
Al-Bayda,2019,February,2/1/19,48,0.005053934,0.005063934,-5.285611627,0.034704201,0.145628882,0.145638882,-1.926625132,0.002761463,1.830165387,0.604406338,36,552421,96364332,0.573262937,-0.55641079,1,-0.481330034,Low,852073.9918,13.65542865,373.75,5.923587125,14.31609988,45.34696273
Al-Bayda,2019,March,3/1/19,49,0.005567591,0.005577591,-5.188998316,0.0440427,0.12641348,0.12642348,-2.068118055,0.002761463,2.016174397,0.701201853,37,552421,96364332,0.573262937,-0.55641079,1,-0.481330034,Low,852073.9918,13.65542865,412.5,6.022236206,14.31609988,45.34696273
Al-Bayda,2019,April,4/1/19,50,0.006961163,0.006971163,-4.96597321,0.031873507,0.218399659,0.218409659,-1.52138281,0.002761463,2.520824288,0.924585946,38,552421,96364332,0.573262937,-0.55641079,3,-0.407476584,Low,852073.9918,13.65542865,427.5,6.057954288,14.31609988,45.34696273
Al-Bayda,2019,May,5/1/19,51,0.027404694,0.027414694,-3.596676132,0.024136648,1.13539769,1.13540769,0.126991785,0.002761463,9.92397653,2.294953701,39,552421,96364332,0.573262937,-0.55641079,0,-0.518256759,None,852073.9918,13.65542865,430,6.063785209,14.31609988,45.34696273
Al-Bayda,2019,June,6/1/19,52,0.0101637,0.0101737,-4.58794932,0.021394431,0.475062887,0.475072887,-0.74428704,0.002761463,3.680549042,1.303061937,40,552421,96364332,0.573262937,-0.55641079,2,-0.444403309,Low,852073.9918,13.65542865,430,6.063785209,14.31609988,45.34696273
Al-Bayda,2019,July,7/1/19,53,0.01175459,0.01176459,-4.442661107,0.052495621,0.22391563,0.22392563,-1.496441291,0.002761463,4.256653086,1.448483191,41,552421,96364332,0.573262937,-0.55641079,3,-0.407476584,Low,852073.9918,13.65542865,426.25,6.055026029,14.31609988,45.34696273
Al-Bayda,2019,August,8/1/19,54,0.007381022,0.007391022,-4.907489259,0.037509585,0.196776959,0.196786959,-1.625633562,0.002761463,2.67286652,0.9831515,42,552421,96364332,0.573262937,-0.55641079,1,-0.481330034,Low,852073.9918,13.65542865,427.5,6.057954288,14.31609988,45.34696273
Al-Bayda,2019,September,9/1/19,55,0.006018715,0.006028715,-5.111221392,0.033166581,0.181469263,0.181479263,-1.706613885,0.002761463,2.179538527,0.77911317,43,552421,96364332,0.573262937,-0.55641079,0,-0.518256759,None,852073.9918,13.65542865,486.67,6.187586275,14.31609988,45.34696273
Al-Bayda,2019,October,10/1/19,56,0.007997409,0.008007409,-4.827388041,0.044321489,0.180440892,0.180450892,-1.712296605,0.002761463,2.896076826,1.063357002,44,552421,96364332,0.573262937,-0.55641079,0,-0.518256759,None,852073.9918,13.65542865,612.5,6.417548942,14.31609988,45.34696273
Al-Bayda,2019,November,11/1/19,57,0.008294437,0.008304437,-4.790965329,0.043384624,0.191183792,0.191193792,-1.654467748,0.002761463,3.003638651,1.099824437,45,552421,96364332,0.573262937,-0.55641079,0,-0.518256759,None,852073.9918,13.65542865,430,6.063785209,14.31609988,45.34696273
Al-Bayda,2019,December,12/1/19,58,0.007240324,0.007250324,-4.926709121,0.042064006,0.172126354,0.172136354,-1.75946836,0.002761463,2.621915992,0.963905345,46,552421,96364332,0.573262937,-0.55641079,0,-0.518256759,None,852073.9918,13.65542865,430,6.063785209,14.31609988,45.34696273
Al-Bayda,2020,January,1/1/20,59,0.006610537,0.006620537,-5.017578794,0.03635851,0.181815399,0.181825399,-1.704708399,0.002761463,2.393853186,0.872904279,47,997615,96364332,1.035253376,0.034646204,0,-0.518256759,None,870806.4895,13.67717506,430,6.063785209,14.31609988,45.34696273
Al-Bayda,2020,February,2/1/20,60,0.007910311,0.007920311,-4.838324806,0.034704201,0.227935258,0.227945258,-1.478649775,0.002761463,2.864536298,1.052406486,48,997615,96364332,1.035253376,0.034646204,2,-0.444403309,Low,870806.4895,13.67717506,430,6.063785209,14.31609988,45.34696273
Al-Bayda,2020,March,3/1/20,61,0.009020256,0.009030256,-4.707174562,0.0440427,0.204807061,0.204817061,-1.585638084,0.002761463,3.266477226,1.183712103,49,997615,96364332,1.035253376,0.034646204,0,-0.518256759,None,870806.4895,13.67717506,430,6.063785209,14.31609988,45.34696273
Al-Bayda,2020,April,4/1/20,62,0.008783527,0.008793527,-4.733739396,0.031873507,0.275574542,0.275584542,-1.28886083,0.002761463,3.18075129,1.157117424,50,997615,96364332,1.035253376,0.034646204,17,0.109497566,High,870806.4895,13.67717506,345,5.843544417,14.31609988,45.34696273
Al-Bayda,2020,May,5/1/20,63,0.027643656,0.027653656,-3.587997336,0.024136648,1.14529807,1.14530807,0.135673658,0.002761463,10.0105111,2.303635651,51,997615,96364332,1.035253376,0.034646204,28,0.515691541,High,870806.4895,13.67717506,345,5.843544417,14.31609988,45.34696273
Al-Bayda,2020,June,6/1/20,64,0.009779962,0.009789962,-4.626397704,0.021394431,0.457126537,0.457136537,-0.782773165,0.002761463,3.541587195,1.264574987,52,997615,96364332,1.035253376,0.034646204,36,0.811105341,Severe,870806.4895,13.67717506,345,5.843544417,14.31609988,45.34696273
Al-Bayda,2020,July,7/1/20,65,0.007054961,0.007064961,-4.952607783,0.052495621,0.13439142,0.13440142,-2.006924285,0.002761463,2.554791065,0.937970445,53,997615,96364332,1.035253376,0.034646204,21,0.257204466,High,870806.4895,13.67717506,686.25,6.531241993,14.31609988,45.34696273
Al-Bayda,2020,August,8/1/20,66,0.010916319,0.010926319,-4.516580813,0.037509585,0.291027456,0.291037456,-1.234303305,0.002761463,3.953092618,1.374498214,54,997615,96364332,1.035253376,0.034646204,28,0.515691541,High,870806.4895,13.67717506,632.5,6.449680221,14.31609988,45.34696273
Al-Bayda,2020,September,9/1/20,67,0.007901378,0.007911378,-4.839453303,0.033166581,0.238233118,0.238243118,-1.434463622,0.002761463,2.861301419,1.051276563,55,997615,96364332,1.035253376,0.034646204,7,-0.259769684,Medium,870806.4895,13.67717506,582.5,6.367329185,14.31609988,45.34696273
Al-Bayda,2020,October,10/1/20,68,0.010878353,0.010888353,-4.520061593,0.044321489,0.245441957,0.245451957,-1.404654045,0.002761463,3.939344109,1.37101424,56,997615,96364332,1.035253376,0.034646204,1,-0.481330034,Low,870806.4895,13.67717506,576,6.356107661,14.31609988,45.34696273
Al-Bayda,2020,November,11/1/20,69,0.009261451,0.009271451,-4.680815385,0.043384624,0.213473117,0.213483117,-1.544197527,0.002761463,3.353820421,1.21010012,57,997615,96364332,1.035253376,0.034646204,2,-0.444403309,Low,870806.4895,13.67717506,456.25,6.123040905,14.31609988,45.34696273
Al-Bayda,2020,December,12/1/20,70,0.008957724,0.008967724,-4.71412337,0.042064006,0.21295461,0.21296461,-1.546629277,0.002761463,3.243832708,1.176755565,58,997615,96364332,1.035253376,0.034646204,4,-0.370549859,Low,870806.4895,13.67717506,430,6.063785209,14.31609988,45.34696273
Al-Bayda,2021,January,1/1/21,71,0.00917212,0.00918212,-4.690497164,0.03635851,0.252268864,0.252278864,-1.3772202,0.002761463,3.321471264,1.200407837,59,746875,96364332,0.775053367,-0.254823391,5,-0.333623134,Medium,889591.0298,13.69851712,457.5,6.125776885,14.31609988,45.34696273
Al-Bayda,2021,February,2/1/21,72,0.010451794,0.010461794,-4.560025325,0.034704201,0.301167977,0.301177977,-1.200053903,0.002761463,3.784875626,1.331013027,60,746875,96364332,0.775053367,-0.254823391,0,-0.518256759,None,889591.0298,13.69851712,587.5,6.375876246,14.31609988,45.34696273
Al-Bayda,2021,March,3/1/21,73,0.010893986,0.010903986,-4.518626869,0.0440427,0.247350547,0.247360547,-1.396908302,0.002761463,3.945005238,1.372450282,61,746875,96364332,0.775053367,-0.254823391,1,-0.481330034,Low,889591.0298,13.69851712,662.5,6.496020558,14.31609988,45.34696273
Al-Bayda,2021,April,4/1/21,74,0.030604998,0.030614998,-3.486265259,0.031873507,0.960201785,0.960211785,-0.040601409,0.002761463,11.08289266,2.405402718,62,746875,96364332,0.775053367,-0.254823391,6,-0.296696409,Medium,889591.0298,13.69851712,586.25,6.37374632,14.31609988,45.34696273
Al-Bayda,2021,May,5/1/21,75,0.015045671,0.015055671,-4.196000548,0.024136648,0.623353798,0.623363798,-0.472624985,0.002761463,5.448442003,1.695329697,63,746875,96364332,0.775053367,-0.254823391,6,-0.296696409,Medium,889591.0298,13.69851712,589,6.378426184,14.31609988,45.34696273
Al-Bayda,2021,June,6/1/21,76,0.013247873,0.013257873,-4.323163714,0.021394431,0.619220638,0.619230638,-0.479277478,0.002761463,4.79741101,1.568076399,64,746875,96364332,0.775053367,-0.254823391,1,-0.481330034,Low,889591.0298,13.69851712,637.5,6.457554277,14.31609988,45.34696273
Al-Bayda,2021,July,7/1/21,77,0.013267972,0.013277972,-4.321648857,0.052495621,0.252744359,0.252754359,-1.375337175,0.002761463,4.804689398,1.569592399,65,746875,96364332,0.775053367,-0.254823391,20,0.220277741,High,889591.0298,13.69851712,630,6.445719819,14.31609988,45.34696273
Al-Bayda,2021,August,8/1/21,78,0.011161981,0.011171981,-4.494346332,0.037509585,0.297576769,0.297586769,-1.212049436,0.002761463,4.042053433,1.396752838,66,746875,96364332,0.775053367,-0.254823391,10,-0.148989509,Medium,889591.0298,13.69851712,612.5,6.417548942,14.31609988,45.34696273
Al-Bayda,2021,September,9/1/21,79,0.01424392,0.01425392,-4.250723322,0.033166581,0.429466034,0.429476034,-0.845189339,0.002761463,5.15810641,1.640569537,67,746875,96364332,0.775053367,-0.254823391,11,-0.112062784,Medium,889591.0298,13.69851712,620,6.429719478,14.31609988,45.34696273
Al-Bayda,2021,October,10/1/21,80,0.021537843,0.021547843,-3.83747956,0.044321489,0.485945835,0.485955835,-0.721637534,0.002761463,7.79943204,2.054050916,68,746875,96364332,0.775053367,-0.254823391,5,-0.333623134,Medium,889591.0298,13.69851712,637.5,6.457554277,14.31609988,45.34696273
Al-Bayda,2021,November,11/1/21,81,0.016950667,0.016960667,-4.076858322,0.043384624,0.390706783,0.390716783,-0.939772322,0.002761463,6.138292275,1.814546572,69,746875,96364332,0.775053367,-0.254823391,10,-0.148989509,Medium,889591.0298,13.69851712,540,6.29156914,14.31609988,45.34696273
Al-Bayda,2021,December,12/1/21,82,0.013779396,0.013789396,-4.283855388,0.042064006,0.327581638,0.327591638,-1.115987452,0.002761463,4.989889779,1.607413821,70,746875,96364332,0.775053367,-0.254823391,4,-0.370549859,Low,889591.0298,13.69851712,421,6.042632834,14.31609988,45.34696273
Al-Bayda,2022,January,1/1/22,83,0.010786788,0.010796788,-4.528506596,0.03635851,0.296678494,0.296688494,-1.215072532,0.002761463,3.90618596,1.36256144,71,1005431,96364332,1.043364261,0.042450359,34,0.737251891,High,908375.5702,13.7194132,800,6.684611728,14.31609988,45.34696273
Al-Bayda,2022,February,2/1/22,84,0.012542153,0.012552153,-4.377863074,0.034704201,0.361401578,0.361411578,-1.017737865,0.002761463,4.541850823,1.513334599,72,1005431,96364332,1.043364261,0.042450359,5,-0.333623134,Medium,908375.5702,13.7194132,756.25,6.628372009,14.31609988,45.34696273
Al-Bayda,2022,March,3/1/22,85,0.018158876,0.018168876,-4.008045259,0.0440427,0.412301604,0.412311604,-0.885975895,0.002761463,6.575817239,1.883398865,73,1005431,96364332,1.043364261,0.042450359,4,-0.370549859,Low,908375.5702,13.7194132,1183,7.075808864,14.31609988,45.34696273
Al-Dali,2015,March,3/1/15,1,0.03869863,0.03870863,-3.251692706,0.093564066,0.413605691,0.413615691,-0.882818019,NA,NA,NA,NA,1349890,41448804,3.256764658,1.180734266,8,-0.222842959,Medium,637369.6527,13.36510507,NA,NA,13.89874612,44.75862659
Al-Dali,2015,April,4/1/15,2,0.001369863,0.001379863,-6.58577106,0.0595925,0.022987171,0.022997171,-3.772384071,NA,NA,NA,NA,1349890,41448804,3.256764658,1.180734266,33,0.700325166,High,637369.6527,13.36510507,NA,NA,13.89874612,44.75862659
Al-Dali,2015,May,5/1/15,3,0.000544832,0.000554832,-7.496845193,0.044759236,0.012172504,0.012182504,-4.407754455,NA,NA,NA,NA,1349890,41448804,3.256764658,1.180734266,9,-0.185916234,Medium,637369.6527,13.36510507,NA,NA,13.89874612,44.75862659
Al-Dali,2015,June,6/1/15,4,0.000856164,0.000866164,-7.051436291,0.036943061,0.023175232,0.023185232,-3.764239755,NA,NA,NA,NA,1349890,41448804,3.256764658,1.180734266,14,-0.001282609,High,637369.6527,13.36510507,NA,NA,13.89874612,44.75862659
Al-Dali,2015,July,7/1/15,5,0.004638854,0.004648854,-5.371134541,0.079488377,0.058358897,0.058368897,-2.840972117,NA,NA,NA,NA,1349890,41448804,3.256764658,1.180734266,15,0.035644116,High,637369.6527,13.36510507,NA,NA,13.89874612,44.75862659
Al-Dali,2015,August,8/1/15,6,0.000581154,0.000591154,-7.433433999,0.062806144,0.009253139,0.009263139,-4.681712303,NA,NA,NA,NA,1349890,41448804,3.256764658,1.180734266,3,-0.407476584,Low,637369.6527,13.36510507,NA,NA,13.89874612,44.75862659
Al-Dali,2015,September,9/1/15,7,0.002801993,0.002811993,-5.873861794,0.053391795,0.052479843,0.052489843,-2.947135595,NA,NA,NA,NA,1349890,41448804,3.256764658,1.180734266,0,-0.518256759,None,637369.6527,13.36510507,NA,NA,13.89874612,44.75862659
Al-Dali,2015,October,10/1/15,8,0.001473641,0.001483641,-6.513256077,0.074887575,0.019678044,0.019688044,-3.927743731,NA,NA,NA,NA,1349890,41448804,3.256764658,1.180734266,0,-0.518256759,None,637369.6527,13.36510507,NA,NA,13.89874612,44.75862659
Al-Dali,2015,November,11/1/15,9,0.001509963,0.001519963,-6.489069287,0.083575481,0.018067057,0.018077057,-4.013111714,NA,NA,NA,NA,1349890,41448804,3.256764658,1.180734266,4,-0.370549859,Low,637369.6527,13.36510507,256.25,5.54615353,13.89874612,44.75862659
Al-Dali,2015,December,12/1/15,10,0.00078352,0.00079352,-7.139031814,0.08164522,0.009596643,0.009606643,-4.645300441,NA,NA,NA,NA,1349890,41448804,3.256764658,1.180734266,1,-0.481330034,Low,637369.6527,13.36510507,280,5.634789603,13.89874612,44.75862659
Al-Dali,2016,January,1/1/16,11,0.000498132,0.000508132,-7.584769302,0.066337173,0.007509093,0.007519093,-4.89030976,NA,NA,NA,NA,1022872,41448804,2.467796176,0.903325516,3,-0.407476584,Low,653412.8067,13.38996438,225,5.416100402,13.89874612,44.75862659
Al-Dali,2016,February,2/1/16,12,0.000809465,0.000819465,-7.10685887,0.070826848,0.011428788,0.011438788,-4.470745243,0.000640826,1.263158798,0.233615566,1,1022872,41448804,2.467796176,0.903325516,3,-0.407476584,Low,653412.8067,13.38996438,237.5,5.470167623,13.89874612,44.75862659
Al-Dali,2016,March,3/1/16,13,0.001328352,0.001338352,-6.616316273,0.093564066,0.014197245,0.014207245,-4.254003233,0.000640826,2.072874696,0.728936386,2,1022872,41448804,2.467796176,0.903325516,0,-0.518256759,None,653412.8067,13.38996438,257.5,5.55101972,13.89874612,44.75862659
Al-Dali,2016,April,4/1/16,14,0.008551266,0.008561266,-4.760507203,0.0595925,0.143495674,0.143505674,-1.941380704,0.000640826,13.34413086,2.591076652,3,1022872,41448804,2.467796176,0.903325516,0,-0.518256759,None,653412.8067,13.38996438,272.5,5.607638614,13.89874612,44.75862659
Al-Dali,2016,May,5/1/16,15,0.001774595,0.001784595,-6.32856378,0.044759236,0.039647571,0.039657571,-3.227473403,0.000640826,2.769230649,1.018569538,4,1022872,41448804,2.467796176,0.903325516,0,-0.518256759,None,653412.8067,13.38996438,NA,NA,13.89874612,44.75862659
Al-Dali,2016,June,6/1/16,16,0.019489415,0.019499415,-3.937370814,0.036943061,0.527552793,0.527562793,-0.639487382,0.000640826,30.41295921,3.414868807,5,1022872,41448804,2.467796176,0.903325516,0,-0.518256759,None,653412.8067,13.38996438,NA,NA,13.89874612,44.75862659
Al-Dali,2016,July,7/1/16,17,0.003554379,0.003564379,-5.636765434,0.079488377,0.044715707,0.044725707,-3.107206842,0.000640826,5.54655866,1.713177674,6,1022872,41448804,2.467796176,0.903325516,0,-0.518256759,None,653412.8067,13.38996438,246,5.505331536,13.89874612,44.75862659
Al-Dali,2016,August,8/1/16,18,0.002734537,0.002744537,-5.898142889,0.062806144,0.043539323,0.043549323,-3.133861121,0.000640826,4.267206699,1.450959444,7,1022872,41448804,2.467796176,0.903325516,0,-0.518256759,None,653412.8067,13.38996438,225,5.416100402,13.89874612,44.75862659
Al-Dali,2016,September,9/1/16,19,0.005370486,0.005380486,-5.224976574,0.053391795,0.100586354,0.100596354,-2.296639265,0.000640826,8.380568204,2.125915717,8,1022872,41448804,2.467796176,0.903325516,0,-0.518256759,None,653412.8067,13.38996438,200,5.298317367,13.89874612,44.75862659
Al-Dali,2016,October,10/1/16,20,0.006345994,0.006355994,-5.058356974,0.074887575,0.084740279,0.084750279,-2.468046241,0.000640826,9.902834779,2.292821057,9,1022872,41448804,2.467796176,0.903325516,1,-0.481330034,Low,653412.8067,13.38996438,215,5.370638028,13.89874612,44.75862659
Al-Dali,2016,November,11/1/16,21,0.005401619,0.005411619,-5.21920697,0.083575481,0.064631623,0.064641623,-2.738896757,0.000640826,8.429150815,2.131696033,10,1022872,41448804,2.467796176,0.903325516,2,-0.444403309,Low,653412.8067,13.38996438,219,5.38907173,13.89874612,44.75862659
Al-Dali,2016,December,12/1/16,22,0.011514114,0.011524114,-4.463313569,0.08164522,0.141026187,0.141036187,-1.958738776,0.000640826,17.96761367,2.888570897,11,1022872,41448804,2.467796176,0.903325516,6,-0.296696409,Medium,653412.8067,13.38996438,209,5.342334252,13.89874612,44.75862659
Al-Dali,2017,January,1/1/17,23,0.003865712,0.003875712,-5.553025891,0.066337173,0.058273692,0.058283692,-2.84243295,0.000640826,6.032389447,1.797143192,12,1129201,41448804,2.7243271,1.002221462,5,-0.333623134,Medium,669361.1615,13.41407905,226,5.420534999,13.89874612,44.75862659
Al-Dali,2017,February,2/1/17,24,0.007331881,0.007341881,-4.914160202,0.070826848,0.103518387,0.103528387,-2.267909433,0.000640826,11.44129764,2.43722941,13,1129201,41448804,2.7243271,1.002221462,4,-0.370549859,Low,669361.1615,13.41407905,345,5.843544417,13.89874612,44.75862659
Al-Dali,2017,March,3/1/17,25,0.004286011,0.004296011,-5.450068361,0.093564066,0.045808302,0.045818302,-3.083071661,0.000640826,6.688260152,1.900353773,14,1129201,41448804,2.7243271,1.002221462,0,-0.518256759,None,669361.1615,13.41407905,219,5.38907173,13.89874612,44.75862659
Al-Dali,2017,April,4/1/17,26,0.006776671,0.006786671,-4.992794737,0.0595925,0.113716843,0.113726843,-2.17395582,0.000640826,10.57490021,2.358483288,15,1129201,41448804,2.7243271,1.002221462,0,-0.518256759,None,669361.1615,13.41407905,240,5.480638923,13.89874612,44.75862659
Al-Dali,2017,May,5/1/17,27,0.010175384,0.010185384,-4.586801528,0.044759236,0.227335961,0.227345961,-1.481282364,0.000640826,15.87854425,2.76496878,16,1129201,41448804,2.7243271,1.002221462,0,-0.518256759,None,669361.1615,13.41407905,234,5.455321115,13.89874612,44.75862659
Al-Dali,2017,June,6/1/17,28,0.023308427,0.023318427,-3.758511373,0.036943061,0.630928417,0.630938417,-0.460547017,0.000640826,36.37247396,3.593812279,17,1129201,41448804,2.7243271,1.002221462,0,-0.518256759,None,669361.1615,13.41407905,196,5.278114659,13.89874612,44.75862659
Al-Dali,2017,July,7/1/17,29,0.00876401,0.00877401,-4.735961337,0.079488377,0.110255238,0.110265238,-2.204866561,0.000640826,13.67611489,2.615650873,18,1129201,41448804,2.7243271,1.002221462,0,-0.518256759,None,669361.1615,13.41407905,213,5.361292166,13.89874612,44.75862659
Al-Dali,2017,August,8/1/17,30,0.007736613,0.007746613,-4.860499563,0.062806144,0.123182423,0.123192423,-2.094007731,0.000640826,12.07287626,2.490961305,19,1129201,41448804,2.7243271,1.002221462,0,-0.518256759,None,669361.1615,13.41407905,244,5.497168225,13.89874612,44.75862659
Al-Dali,2017,September,9/1/17,31,0.016293068,0.016303068,-4.116401968,0.053391795,0.305160521,0.305170521,-1.186884573,0.000640826,25.42510447,3.235737051,20,1129201,41448804,2.7243271,1.002221462,0,-0.518256759,None,669361.1615,13.41407905,223,5.407171771,13.89874612,44.75862659
Al-Dali,2017,October,10/1/17,32,0.018607306,0.018617306,-3.983663701,0.074887575,0.248469871,0.248479871,-1.392393439,0.000640826,29.03644047,3.368551609,21,1129201,41448804,2.7243271,1.002221462,0,-0.518256759,None,669361.1615,13.41407905,295,5.686975356,13.89874612,44.75862659
Al-Dali,2017,November,11/1/17,33,0.006927148,0.006937148,-4.97086454,0.083575481,0.082884931,0.082894931,-2.490181365,0.000640826,10.80971746,2.380445494,22,1129201,41448804,2.7243271,1.002221462,0,-0.518256759,None,669361.1615,13.41407905,360,5.886104031,13.89874612,44.75862659
Al-Dali,2017,December,12/1/17,34,0.013537775,0.013547775,-4.301532952,0.08164522,0.165812218,0.165822218,-1.79683904,0.000640826,21.12550833,3.050481236,23,1129201,41448804,2.7243271,1.002221462,2,-0.444403309,Low,669361.1615,13.41407905,326.25,5.787663959,13.89874612,44.75862659
Al-Dali,2018,January,1/1/18,35,0.015841636,0.015851636,-4.144482566,0.066337173,0.238804809,0.238814809,-1.432066885,0.000640826,24.72065116,3.207638974,24,1344314,41448804,3.243311918,1.176595005,0,-0.518256759,None,685239.4785,13.43752366,350,5.857933154,13.89874612,44.75862659
Al-Dali,2018,February,2/1/18,36,0.037883977,0.037893977,-3.272963098,0.070826848,0.534881593,0.534891593,-0.625691183,0.000640826,59.11741565,4.079525562,25,1344314,41448804,3.243311918,1.176595005,0,-0.518256759,None,685239.4785,13.43752366,350,5.857933154,13.89874612,44.75862659
Al-Dali,2018,March,3/1/18,37,0.02412308,0.02413308,-3.724171766,0.093564066,0.257824196,0.257834196,-1.355438552,0.000640826,37.64372856,3.628166368,26,1344314,41448804,3.243311918,1.176595005,1,-0.481330034,Low,685239.4785,13.43752366,342.5,5.836271658,13.89874612,44.75862659
Al-Dali,2018,April,4/1/18,38,0.008727688,0.008737688,-4.740109655,0.0595925,0.146456147,0.146466147,-1.920960956,0.000640826,13.61943492,2.611497811,27,1344314,41448804,3.243311918,1.176595005,0,-0.518256759,None,685239.4785,13.43752366,308.75,5.732531888,13.89874612,44.75862659
Al-Dali,2018,May,5/1/18,39,0.021092777,0.021102777,-3.858350636,0.044759236,0.471249707,0.471259707,-0.752345942,0.000640826,32.91498316,3.493927969,28,1344314,41448804,3.243311918,1.176595005,0,-0.518256759,None,685239.4785,13.43752366,315,5.752572639,13.89874612,44.75862659
Al-Dali,2018,June,6/1/18,40,0.021134288,0.021144288,-3.856385481,0.036943061,0.572077338,0.572087338,-0.55846361,0.000640826,32.9797605,3.495894055,29,1344314,41448804,3.243311918,1.176595005,2,-0.444403309,Low,685239.4785,13.43752366,325,5.783825182,13.89874612,44.75862659
Al-Dali,2018,July,7/1/18,41,0.009428186,0.009438186,-4.662991478,0.079488377,0.118610875,0.118620875,-2.131822796,0.000640826,14.71255224,2.688701023,30,1344314,41448804,3.243311918,1.176595005,0,-0.518256759,None,685239.4785,13.43752366,343.75,5.839914649,13.89874612,44.75862659
Al-Dali,2018,August,8/1/18,42,0.035907016,0.035917016,-3.326544112,0.062806144,0.571711838,0.571721838,-0.559102703,0.000640826,56.03239569,4.025930018,31,1344314,41448804,3.243311918,1.176595005,0,-0.518256759,None,685239.4785,13.43752366,371.25,5.91687569,13.89874612,44.75862659
Al-Dali,2018,September,9/1/18,43,0.008862599,0.008872599,-4.724787515,0.053391795,0.165991778,0.166001778,-1.79575678,0.000640826,13.82996164,2.626837372,32,1344314,41448804,3.243311918,1.176595005,0,-0.518256759,None,685239.4785,13.43752366,450,6.109247583,13.89874612,44.75862659
Al-Dali,2018,October,10/1/18,44,0.021186177,0.021196177,-3.853934444,0.074887575,0.282906438,0.282916438,-1.262603697,0.000640826,33.06073255,3.49834625,33,1344314,41448804,3.243311918,1.176595005,0,-0.518256759,None,685239.4785,13.43752366,543.75,6.298489582,13.89874612,44.75862659
Al-Dali,2018,November,11/1/18,45,0.033514944,0.033524944,-3.39546552,0.083575481,0.401014073,0.401024073,-0.913733821,0.000640826,52.29960083,3.956988739,34,1344314,41448804,3.243311918,1.176595005,0,-0.518256759,None,685239.4785,13.43752366,428.75,6.060873998,13.89874612,44.75862659
Al-Dali,2018,December,12/1/18,46,0.040924658,0.040934658,-3.195778191,0.08164522,0.501249898,0.501259898,-0.690630554,0.000640826,63.86235577,4.156730076,35,1344314,41448804,3.243311918,1.176595005,1,-0.481330034,Low,685239.4785,13.43752366,325,5.783825182,13.89874612,44.75862659
Al-Dali,2019,January,1/1/19,47,0.046118722,0.046128722,-3.076319486,0.066337173,0.695216871,0.695226871,-0.363517054,0.000640826,71.96761992,4.276216295,36,1859119,41448804,4.485338105,1.500813878,0,-0.518256759,None,701097.8939,13.46040281,306.25,5.724401762,13.89874612,44.75862659
Al-Dali,2019,February,2/1/19,48,0.049792445,0.049802445,-2.9996912,0.070826848,0.703016536,0.703026536,-0.352360641,0.000640826,77.70041322,4.352860576,37,1859119,41448804,4.485338105,1.500813878,0,-0.518256759,None,701097.8939,13.46040281,306.25,5.724401762,13.89874612,44.75862659
Al-Dali,2019,March,3/1/19,49,0.031911582,0.031921582,-3.444472946,0.093564066,0.341066645,0.341076645,-1.075648062,0.000640826,49.79757688,3.907966326,38,1859119,41448804,4.485338105,1.500813878,2,-0.444403309,Low,701097.8939,13.46040281,370,5.913503006,13.89874612,44.75862659
Al-Dali,2019,April,4/1/19,50,0.029680365,0.029690365,-3.516932697,0.0595925,0.498055373,0.498065373,-0.697023939,0.000640826,46.31579399,3.835483026,39,1859119,41448804,4.485338105,1.500813878,15,0.035644116,High,701097.8939,13.46040281,366.25,5.90331616,13.89874612,44.75862659
Al-Dali,2019,May,5/1/19,51,0.033322956,0.033332956,-3.401208702,0.044759236,0.744493399,0.744503399,-0.295037861,0.000640826,52.00000624,3.951243839,40,1859119,41448804,4.485338105,1.500813878,16,0.072570841,High,701097.8939,13.46040281,360,5.886104031,13.89874612,44.75862659
Al-Dali,2019,June,6/1/19,52,0.015172271,0.015182271,-4.187626913,0.036943061,0.410693391,0.410703391,-0.889884001,0.000640826,23.67611645,3.164466795,41,1859119,41448804,4.485338105,1.500813878,11,-0.112062784,Medium,701097.8939,13.46040281,342.5,5.836271658,13.89874612,44.75862659
Al-Dali,2019,July,7/1/19,53,0.011508925,0.011518925,-4.463763944,0.079488377,0.14478752,0.14479752,-1.932418926,0.000640826,17.95951631,2.888120131,42,1859119,41448804,4.485338105,1.500813878,19,0.183351016,High,701097.8939,13.46040281,362.5,5.893024474,13.89874612,44.75862659
Al-Dali,2019,August,8/1/19,54,0.005847862,0.005857862,-5.139970588,0.062806144,0.093109712,0.093119712,-2.373869388,0.000640826,9.125506768,2.211073434,43,1859119,41448804,4.485338105,1.500813878,3,-0.407476584,Low,701097.8939,13.46040281,378.75,5.936876357,13.89874612,44.75862659
Al-Dali,2019,September,9/1/19,55,0.003263802,0.003273802,-5.721803278,0.053391795,0.06112928,0.06113928,-2.794600739,0.000640826,5.09311732,1.627890083,44,1859119,41448804,4.485338105,1.500813878,3,-0.407476584,Low,701097.8939,13.46040281,386.25,5.956484828,13.89874612,44.75862659
Al-Dali,2019,October,10/1/19,56,0.007352636,0.007362636,-4.911337258,0.074887575,0.098182322,0.098192322,-2.320827254,0.000640826,11.47368552,2.440056198,45,1859119,41448804,4.485338105,1.500813878,0,-0.518256759,None,701097.8939,13.46040281,387.5,5.959715849,13.89874612,44.75862659
Al-Dali,2019,November,11/1/19,57,0.005666252,0.005676252,-5.171464123,0.083575481,0.067798018,0.067808018,-2.691074831,0.000640826,8.842106906,2.179525186,46,1859119,41448804,4.485338105,1.500813878,0,-0.518256759,None,701097.8939,13.46040281,370,5.913503006,13.89874612,44.75862659
Al-Dali,2019,December,12/1/19,58,0.01180988,0.01181988,-4.437972419,0.08164522,0.144648763,0.144658763,-1.933377669,0.000640826,18.42915238,2.913933779,47,1859119,41448804,4.485338105,1.500813878,0,-0.518256759,None,701097.8939,13.46040281,370,5.913503006,13.89874612,44.75862659
Al-Dali,2020,January,1/1/20,59,0.01199149,0.01200149,-4.42272447,0.066337173,0.180765767,0.180775767,-1.710497872,0.000640826,18.71255224,2.929194541,48,2495163,41448804,6.019867304,1.795065217,1,-0.481330034,Low,716970.2148,13.48278958,393.75,5.97571619,13.89874612,44.75862659
Al-Dali,2020,February,2/1/20,60,0.004898298,0.004908298,-5.316828037,0.070826848,0.069158775,0.069168775,-2.671205747,0.000640826,7.643725442,2.033885108,49,2495163,41448804,6.019867304,1.795065217,3,-0.407476584,Low,716970.2148,13.48278958,407.5,6.010040933,13.89874612,44.75862659
Al-Dali,2020,March,3/1/20,61,0.005401619,0.005411619,-5.21920697,0.093564066,0.057731769,0.057741769,-2.851774468,0.000640826,8.429150815,2.131696033,50,2495163,41448804,6.019867304,1.795065217,3,-0.407476584,Low,716970.2148,13.48278958,365,5.899897354,13.89874612,44.75862659
Al-Dali,2020,April,4/1/20,62,0.005069531,0.005079531,-5.282536344,0.0595925,0.08506995,0.08507995,-2.464163876,0.000640826,7.910932141,2.068245618,51,2495163,41448804,6.019867304,1.795065217,1,-0.481330034,Low,716970.2148,13.48278958,265,5.579729826,13.89874612,44.75862659
Al-Dali,2020,May,5/1/20,63,0.022436696,0.022446696,-3.796611847,0.044759236,0.501275219,0.501285219,-0.69058004,0.000640826,35.01214994,3.555695142,52,2495163,41448804,6.019867304,1.795065217,6,-0.296696409,Medium,716970.2148,13.48278958,260,5.560681631,13.89874612,44.75862659
Al-Dali,2020,June,6/1/20,64,0.006491283,0.006501283,-5.035755737,0.036943061,0.175710481,0.175720481,-1.738860723,0.000640826,10.12955623,2.31545751,53,2495163,41448804,6.019867304,1.795065217,0,-0.518256759,None,716970.2148,13.48278958,260,5.560681631,13.89874612,44.75862659
Al-Dali,2020,July,7/1/20,65,0.004031756,0.004041756,-5.511076028,0.079488377,0.050721327,0.050731327,-2.98121167,0.000640826,6.291498784,1.839199323,54,2495163,41448804,6.019867304,1.795065217,0,-0.518256759,None,716970.2148,13.48278958,341.25,5.832615346,13.89874612,44.75862659
Al-Dali,2020,August,8/1/20,66,0.008706932,0.008716932,-4.742487938,0.062806144,0.138631851,0.138641851,-1.975861283,0.000640826,13.58704547,2.6091168,55,2495163,41448804,6.019867304,1.795065217,0,-0.518256759,None,716970.2148,13.48278958,380,5.940171253,13.89874612,44.75862659
Al-Dali,2020,September,9/1/20,67,0.00724367,0.00725367,-4.926247731,0.053391795,0.135670097,0.135680097,-1.997455392,0.000640826,11.30364561,2.425125294,56,2495163,41448804,6.019867304,1.795065217,0,-0.518256759,None,716970.2148,13.48278958,407.5,6.010040933,13.89874612,44.75862659
Al-Dali,2020,October,10/1/20,68,0.007783313,0.007793313,-4.854489221,0.074887575,0.103933303,0.103943303,-2.263909692,0.000640826,12.14575095,2.496979393,57,2495163,41448804,6.019867304,1.795065217,0,-0.518256759,None,716970.2148,13.48278958,406,6.00635316,13.89874612,44.75862659
Al-Dali,2020,November,11/1/20,69,0.007964923,0.007974923,-4.831453286,0.083575481,0.09530215,0.09531215,-2.350597984,0.000640826,12.42915081,2.520044585,58,2495163,41448804,6.019867304,1.795065217,0,-0.518256759,None,716970.2148,13.48278958,388.75,5.962936463,13.89874612,44.75862659
Al-Dali,2020,December,12/1/20,70,0.00737858,0.00738858,-4.907819714,0.08164522,0.090373693,0.090383693,-2.403691415,0.000640826,11.51417077,2.443578518,59,2495163,41448804,6.019867304,1.795065217,0,-0.518256759,None,716970.2148,13.48278958,403.75,6.000795875,13.89874612,44.75862659
Al-Dali,2021,January,1/1/21,71,0.010870693,0.010880693,-4.520765345,0.066337173,0.163870308,0.163880308,-1.808618947,0.000640826,16.96356421,2.831067762,60,2039805,41448804,4.921263832,1.593565374,0,-0.518256759,None,732855.3697,13.50470365,405,6.003887067,13.89874612,44.75862659
Al-Dali,2021,February,2/1/21,72,0.00567144,0.00568144,-5.170550557,0.070826848,0.08007472,0.08008472,-2.524670205,0.000640826,8.850202707,2.180440364,61,2039805,41448804,4.921263832,1.593565374,0,-0.518256759,None,732855.3697,13.50470365,541.25,6.293881279,13.89874612,44.75862659
Al-Dali,2021,March,3/1/21,73,0.008281445,0.008291445,-4.792531019,0.093564066,0.088510957,0.088520957,-2.424515953,0.000640826,12.92307896,2.55901478,62,2039805,41448804,4.921263832,1.593565374,0,-0.518256759,None,732855.3697,13.50470365,677.5,6.518409553,13.89874612,44.75862659
Al-Dali,2021,April,4/1/21,74,0.03122665,0.03123665,-3.466163194,0.0595925,0.524003018,0.524013018,-0.646238751,0.000640826,48.72875008,3.886269207,63,2039805,41448804,4.921263832,1.593565374,0,-0.518256759,None,732855.3697,13.50470365,618.75,6.427701314,13.89874612,44.75862659
Al-Dali,2021,May,5/1/21,75,0.01051785,0.01052785,-4.553731152,0.044759236,0.234987253,0.234997253,-1.448181454,0.000640826,16.41295765,2.798071123,64,2039805,41448804,4.921263832,1.593565374,0,-0.518256759,None,732855.3697,13.50470365,588,6.376726948,13.89874612,44.75862659
Al-Dali,2021,June,6/1/21,76,0.007337069,0.007347069,-4.913453821,0.036943061,0.198604793,0.198614793,-1.616388044,0.000640826,11.44939344,2.437936754,65,2039805,41448804,4.921263832,1.593565374,0,-0.518256759,None,732855.3697,13.50470365,596.25,6.390660042,13.89874612,44.75862659
Al-Dali,2021,July,7/1/21,77,0.008784765,0.008794765,-4.733598621,0.079488377,0.110516346,0.110526346,-2.202501361,0.000640826,13.70850278,2.618016281,66,2039805,41448804,4.921263832,1.593565374,0,-0.518256759,None,732855.3697,13.50470365,606,6.406879986,13.89874612,44.75862659
Al-Dali,2021,August,8/1/21,78,0.009775841,0.009785841,-4.626818734,0.062806144,0.15565103,0.15566103,-1.86007452,0.000640826,15.255063,2.724911448,67,2039805,41448804,4.921263832,1.593565374,0,-0.518256759,None,732855.3697,13.50470365,660,6.492239835,13.89874612,44.75862659
Al-Dali,2021,September,9/1/21,79,0.011877335,0.011887335,-4.432281731,0.053391795,0.222456185,0.222466185,-1.502980166,0.000640826,18.53441496,2.919629272,68,2039805,41448804,4.921263832,1.593565374,0,-0.518256759,None,732855.3697,13.50470365,683,6.52649486,13.89874612,44.75862659
Al-Dali,2021,October,10/1/21,80,0.015613325,0.015623325,-4.158990289,0.074887575,0.208490194,0.208500194,-1.567815307,0.000640826,24.36437504,3.193122026,69,2039805,41448804,4.921263832,1.593565374,0,-0.518256759,None,732855.3697,13.50470365,850,6.745236349,13.89874612,44.75862659
Al-Dali,2021,November,11/1/21,81,0.013361353,0.013371353,-4.314640696,0.083575481,0.159871685,0.159881685,-1.833321206,0.000640826,20.85020427,3.037363745,70,2039805,41448804,4.921263832,1.593565374,0,-0.518256759,None,732855.3697,13.50470365,1119,7.020190708,13.89874612,44.75862659
Al-Dali,2021,December,12/1/21,82,0.010912204,0.010922204,-4.516957498,0.08164522,0.133653924,0.133663924,-2.012426659,0.000640826,17.02834155,2.834879106,71,2039805,41448804,4.921263832,1.593565374,0,-0.518256759,None,732855.3697,13.50470365,963,6.870053412,13.89874612,44.75862659
Al-Dali,2022,January,1/1/22,83,0.007269614,0.007279614,-4.92267744,0.066337173,0.109585827,0.109595827,-2.21095598,0.000640826,11.34413086,2.428700505,72,2952298,41448804,7.122757993,1.963295009,2,-0.444403309,Low,748740.5245,13.52614777,1033.33,6.940541876,13.89874612,44.75862659
Al-Dali,2022,February,2/1/22,84,0.012764633,0.012774633,-4.360293871,0.070826848,0.180223086,0.180233086,-1.713504344,0.000640826,19.91903106,2.991675609,73,2952298,41448804,7.122757993,1.963295009,0,-0.518256759,None,748740.5245,13.52614777,1216.67,7.103872898,13.89874612,44.75862659
Al-Dali,2022,March,3/1/22,85,0.021087588,0.021097588,-3.858596558,0.093564066,0.225381271,0.225391271,-1.489917405,0.000640826,32.9068858,3.493681931,74,2952298,41448804,7.122757993,1.963295009,1,-0.481330034,Low,748740.5245,13.52614777,1488,7.305188215,13.89874612,44.75862659
Al-Hudaydah,2015,March,3/1/15,1,0.2274543,0.2274643,-1.480761976,0.243491301,0.934137272,0.934147272,-0.068121174,NA,NA,NA,NA,8040787,138543782,5.803787715,1.758510759,18,0.146424291,High,2922415.62,14.8879211,190,5.247024072,14.83215103,43.16406363
Al-Hudaydah,2015,April,4/1/15,2,0.132169538,0.132179538,-2.023594144,0.267943322,0.493274238,0.493284238,-0.706669723,NA,NA,NA,NA,8040787,138543782,5.803787715,1.758510759,24,0.367984641,High,2922415.62,14.8879211,475,6.163314804,14.83215103,43.16406363
Al-Hudaydah,2015,May,5/1/15,3,0.054222126,0.054232126,-2.914481816,0.252226382,0.214974047,0.214984047,-1.537191454,NA,NA,NA,NA,8040787,138543782,5.803787715,1.758510759,39,0.921885516,Severe,2922415.62,14.8879211,900,6.802394763,14.83215103,43.16406363
Al-Hudaydah,2015,June,6/1/15,4,0.051054577,0.051064577,-2.974664232,0.206447554,0.247300469,0.247310469,-1.397110772,NA,NA,NA,NA,8040787,138543782,5.803787715,1.758510759,17,0.109497566,High,2922415.62,14.8879211,900,6.802394763,14.83215103,43.16406363
Al-Hudaydah,2015,July,7/1/15,5,0.149328218,0.149338218,-1.901541626,0.252715583,0.590894382,0.590904382,-0.526101065,NA,NA,NA,NA,8040787,138543782,5.803787715,1.758510759,12,-0.075136059,Medium,2922415.62,14.8879211,700,6.551080335,14.83215103,43.16406363
Al-Hudaydah,2015,August,8/1/15,6,0.066605057,0.066615057,-2.708824646,0.232493339,0.286481571,0.286491571,-1.250046164,NA,NA,NA,NA,8040787,138543782,5.803787715,1.758510759,41,0.995738966,Severe,2922415.62,14.8879211,533.33,6.27914037,14.83215103,43.16406363
Al-Hudaydah,2015,September,9/1/15,7,0.058112663,0.058122663,-2.845199622,0.251263715,0.231281556,0.231291556,-1.464076217,NA,NA,NA,NA,8040787,138543782,5.803787715,1.758510759,45,1.143445866,Severe,2922415.62,14.8879211,700,6.551080335,14.83215103,43.16406363
Al-Hudaydah,2015,October,10/1/15,8,0.051657943,0.051667943,-2.962917748,0.258374119,0.199934666,0.199944666,-1.609714621,NA,NA,NA,NA,8040787,138543782,5.803787715,1.758510759,36,0.811105341,Severe,2922415.62,14.8879211,700,6.551080335,14.83215103,43.16406363
Al-Hudaydah,2015,November,11/1/15,9,0.045852424,0.045862424,-3.082109146,0.258432603,0.177425075,0.177435075,-1.729150512,NA,NA,NA,NA,8040787,138543782,5.803787715,1.758510759,10,-0.148989509,Medium,2922415.62,14.8879211,681,6.523562306,14.83215103,43.16406363
Al-Hudaydah,2015,December,12/1/15,10,0.04525603,0.04526603,-3.095198417,0.256151342,0.176676919,0.176686919,-1.733375932,NA,NA,NA,NA,8040787,138543782,5.803787715,1.758510759,29,0.552618266,High,2922415.62,14.8879211,244,5.497168225,14.83215103,43.16406363
Al-Hudaydah,2016,January,1/1/16,11,0.041353068,0.041363068,-3.185366874,0.226853265,0.18228994,0.18229994,-1.702101926,NA,NA,NA,NA,5110909,138543782,3.689020847,1.30536107,39,0.921885516,Severe,2997612.989,14.91332686,261,5.564520407,14.83215103,43.16406363
Al-Hudaydah,2016,February,2/1/16,12,0.051327131,0.051337131,-2.969340987,0.231605699,0.221614283,0.221624283,-1.50677175,0.043304549,1.185259567,0.169961794,1,5110909,138543782,3.689020847,1.30536107,35,0.774178616,High,2997612.989,14.91332686,204,5.318119994,14.83215103,43.16406363
Al-Hudaydah,2016,March,3/1/16,13,0.055537609,0.055547609,-2.890514806,0.243491301,0.228088678,0.228098678,-1.477976945,0.043304549,1.282489029,0.248802744,2,5110909,138543782,3.689020847,1.30536107,8,-0.222842959,Medium,2997612.989,14.91332686,203,5.313205979,14.83215103,43.16406363
Al-Hudaydah,2016,April,4/1/16,14,0.06261823,0.06262823,-2.770539144,0.267943322,0.233699536,0.233709536,-1.453676234,0.043304549,1.445996586,0.368798763,3,5110909,138543782,3.689020847,1.30536107,9,-0.185916234,Medium,2997612.989,14.91332686,220,5.393627546,14.83215103,43.16406363
Al-Hudaydah,2016,May,5/1/16,15,0.073163004,0.073173004,-2.614928724,0.252226382,0.290068801,0.290078801,-1.237602665,0.043304549,1.689499272,0.524432196,4,5110909,138543782,3.689020847,1.30536107,4,-0.370549859,Low,2997612.989,14.91332686,288,5.66296048,14.83215103,43.16406363
Al-Hudaydah,2016,June,6/1/16,16,0.146802926,0.146812926,-1.918596115,0.206447554,0.711090653,0.711100653,-0.340941294,0.043304549,3.390011659,1.220833361,5,5110909,138543782,3.689020847,1.30536107,1,-0.481330034,Low,2997612.989,14.91332686,264,5.575949103,14.83215103,43.16406363
Al-Hudaydah,2016,July,7/1/16,17,0.105259642,0.105269642,-2.251230202,0.252715583,0.416514252,0.416524252,-0.875810591,0.043304549,2.430683252,0.888172391,6,5110909,138543782,3.689020847,1.30536107,2,-0.444403309,Low,2997612.989,14.91332686,219,5.38907173,14.83215103,43.16406363
Al-Hudaydah,2016,August,8/1/16,18,0.073967154,0.073977154,-2.603998963,0.232493339,0.318147412,0.318157412,-1.145209012,0.043304549,1.708068914,0.535363442,7,5110909,138543782,3.689020847,1.30536107,31,0.626471716,High,2997612.989,14.91332686,260,5.560681631,14.83215103,43.16406363
Al-Hudaydah,2016,September,9/1/16,19,0.0746688,0.0746788,-2.594559029,0.251263715,0.297173032,0.297183032,-1.213407061,0.043304549,1.724271508,0.544804647,8,5110909,138543782,3.689020847,1.30536107,37,0.848032066,Severe,2997612.989,14.91332686,184,5.214935758,14.83215103,43.16406363
Al-Hudaydah,2016,October,10/1/16,20,0.084942613,0.084952613,-2.465661672,0.258374119,0.328758211,0.328768211,-1.112402302,0.043304549,1.961517091,0.6737182,9,5110909,138543782,3.689020847,1.30536107,37,0.848032066,Severe,2997612.989,14.91332686,190,5.247024072,14.83215103,43.16406363
Al-Hudaydah,2016,November,11/1/16,21,0.071663535,0.071673535,-2.635633707,0.258432603,0.277300674,0.277310674,-1.282616834,0.043304549,1.65487314,0.503724353,10,5110909,138543782,3.689020847,1.30536107,27,0.478764816,High,2997612.989,14.91332686,181,5.198497031,14.83215103,43.16406363
Al-Hudaydah,2016,December,12/1/16,22,0.074474661,0.074484661,-2.597162067,0.256151342,0.290744762,0.290754762,-1.235275109,0.043304549,1.719788399,0.542201259,11,5110909,138543782,3.689020847,1.30536107,57,1.586566566,Severe,2997612.989,14.91332686,175,5.164785974,14.83215103,43.16406363
Al-Hudaydah,2017,January,1/1/17,23,0.069057419,0.069067419,-2.672672164,0.226853265,0.304414482,0.304424482,-1.189332229,0.043304549,1.594692026,0.46668063,12,3325037,138543782,2.399990062,0.875464597,106,3.395976092,Severe,3072523.569,14.93800979,190,5.247024072,14.83215103,43.16406363
Al-Hudaydah,2017,February,2/1/17,24,0.067216985,0.067226985,-2.69968055,0.231605699,0.290221636,0.290231636,-1.23707593,0.043304549,1.552192242,0.439668281,13,3325037,138543782,2.399990062,0.875464597,96,3.026708842,Severe,3072523.569,14.93800979,240,5.480638923,14.83215103,43.16406363
Al-Hudaydah,2017,March,3/1/17,25,0.076860236,0.076870236,-2.565636526,0.243491301,0.315659063,0.315669063,-1.153060883,0.043304549,1.774876723,0.573730969,14,3325037,138543782,2.399990062,0.875464597,65,1.881980366,Severe,3072523.569,14.93800979,221,5.398162702,14.83215103,43.16406363
Al-Hudaydah,2017,April,4/1/17,26,0.095339121,0.095349121,-2.350210166,0.267943322,0.355818239,0.355828239,-1.033307139,0.043304549,2.20159598,0.789182543,15,3325037,138543782,2.399990062,0.875464597,39,0.921885516,Severe,3072523.569,14.93800979,230,5.438079309,14.83215103,43.16406363
Al-Hudaydah,2017,May,5/1/17,27,0.123719442,0.123729442,-2.089658017,0.252226382,0.490509522,0.490519522,-0.712290201,0.043304549,2.856961794,1.04975875,16,3325037,138543782,2.399990062,0.875464597,8,-0.222842959,Medium,3072523.569,14.93800979,219,5.38907173,14.83215103,43.16406363
Al-Hudaydah,2017,June,6/1/17,28,0.169188476,0.169198476,-1.776682839,0.206447554,0.819522793,0.819532793,-0.199020866,0.043304549,3.906944649,1.362755649,17,3325037,138543782,2.399990062,0.875464597,10,-0.148989509,Medium,3072523.569,14.93800979,229,5.433722004,14.83215103,43.16406363
Al-Hudaydah,2017,July,7/1/17,29,0.089915967,0.089925967,-2.408768536,0.252715583,0.355799061,0.355809061,-1.033361038,0.043304549,2.076363086,0.730617847,18,3325037,138543782,2.399990062,0.875464597,17,0.109497566,High,3072523.569,14.93800979,235,5.459585514,14.83215103,43.16406363
Al-Hudaydah,2017,August,8/1/17,30,0.108357152,0.108367152,-2.222230262,0.232493339,0.46606562,0.46607562,-0.763407383,0.043304549,2.502211765,0.917175047,19,3325037,138543782,2.399990062,0.875464597,10,-0.148989509,Medium,3072523.569,14.93800979,266,5.583496309,14.83215103,43.16406363
Al-Hudaydah,2017,September,9/1/17,31,0.088188793,0.088198793,-2.428162001,0.251263715,0.350981012,0.350991012,-1.046994663,0.043304549,2.036478731,0.711222204,20,3325037,138543782,2.399990062,0.875464597,12,-0.075136059,Medium,3072523.569,14.93800979,239,5.476463552,14.83215103,43.16406363
Al-Hudaydah,2017,October,10/1/17,32,0.090170376,0.090180376,-2.405943437,0.258374119,0.348991518,0.349001518,-1.052679007,0.043304549,2.082237965,0.73344326,21,3325037,138543782,2.399990062,0.875464597,9,-0.185916234,Medium,3072523.569,14.93800979,245,5.501258211,14.83215103,43.16406363
Al-Hudaydah,2017,November,11/1/17,33,0.07583829,0.07584829,-2.579020118,0.258432603,0.293454808,0.293464808,-1.225997552,0.043304549,1.751277678,0.560345623,22,3325037,138543782,2.399990062,0.875464597,17,0.109497566,High,3072523.569,14.93800979,413.75,6.025261927,14.83215103,43.16406363
Al-Hudaydah,2017,December,12/1/17,34,0.097521088,0.097531088,-2.327584101,0.256151342,0.380716678,0.380726678,-0.965673542,0.043304549,2.251982534,0.811810954,23,3325037,138543782,2.399990062,0.875464597,60,1.697346741,Severe,3072523.569,14.93800979,402.5,5.997695097,14.83215103,43.16406363
Al-Hudaydah,2018,January,1/1/18,35,0.073449609,0.073459609,-2.611019561,0.226853265,0.323775852,0.323785852,-1.127672932,0.043304549,1.69611763,0.528341892,24,3195980,138543782,2.30683756,0.835877565,23,0.331057916,High,3146946.723,14.96194325,335,5.814130532,14.83215103,43.16406363
Al-Hudaydah,2018,February,2/1/18,36,0.088146709,0.088156709,-2.428639264,0.231605699,0.380589551,0.380599551,-0.966007504,0.043304549,2.035506916,0.710744887,25,3195980,138543782,2.30683756,0.835877565,38,0.884958791,Severe,3146946.723,14.96194325,335,5.814130532,14.83215103,43.16406363
Al-Hudaydah,2018,March,3/1/18,37,0.09002749,0.09003749,-2.40752914,0.243491301,0.36973596,0.36974596,-0.994939104,0.043304549,2.078938404,0.731857381,26,3195980,138543782,2.30683756,0.835877565,76,2.288174342,Severe,3146946.723,14.96194325,337.5,5.82156551,14.83215103,43.16406363
Al-Hudaydah,2018,April,4/1/18,38,0.095996086,0.096006086,-2.343343694,0.267943322,0.35827012,0.35828012,-1.02644014,0.043304549,2.216766788,0.796049732,27,3195980,138543782,2.30683756,0.835877565,37,0.848032066,Severe,3146946.723,14.96194325,321.25,5.772219636,14.83215103,43.16406363
Al-Hudaydah,2018,May,5/1/18,39,0.179053226,0.179063226,-1.720016318,0.252226382,0.709890951,0.709900951,-0.342629824,0.043304549,4.134744043,1.419425426,28,3195980,138543782,2.30683756,0.835877565,54,1.475786391,Severe,3146946.723,14.96194325,350,5.857933154,14.83215103,43.16406363
Al-Hudaydah,2018,June,6/1/18,40,0.123607983,0.123617983,-2.090559251,0.206447554,0.598737939,0.598747939,-0.512914572,0.043304549,2.854387954,1.048857443,29,3195980,138543782,2.30683756,0.835877565,99,3.137489017,Severe,3146946.723,14.96194325,367.5,5.906723319,14.83215103,43.16406363
Al-Hudaydah,2018,July,7/1/18,41,0.072898141,0.072908141,-2.618554973,0.252715583,0.288459225,0.288469225,-1.243166871,0.043304549,1.683382986,0.520805451,30,3195980,138543782,2.30683756,0.835877565,101,3.211342467,Severe,3146946.723,14.96194325,400,5.991464547,14.83215103,43.16406363
Al-Hudaydah,2018,August,8/1/18,42,0.137665243,0.137675243,-1.982857679,0.232493339,0.592125537,0.592135537,-0.524019723,0.043304549,3.179001887,1.156567276,31,3195980,138543782,2.30683756,0.835877565,66,1.918907091,Severe,3146946.723,14.96194325,411.25,6.019201302,14.83215103,43.16406363
Al-Hudaydah,2018,September,9/1/18,43,0.068944042,0.068954042,-2.674315054,0.251263715,0.274389169,0.274399169,-1.293171412,0.043304549,1.592073895,0.465037503,32,3195980,138543782,2.30683756,0.835877565,75,2.251247617,Severe,3146946.723,14.96194325,662.5,6.496020558,14.83215103,43.16406363
Al-Hudaydah,2018,October,10/1/18,44,0.088427788,0.088437788,-2.425455935,0.258374119,0.342247081,0.342257081,-1.072193125,0.043304549,2.041997666,0.713928577,33,3195980,138543782,2.30683756,0.835877565,48,1.254226041,Severe,3146946.723,14.96194325,625,6.43775165,14.83215103,43.16406363
Al-Hudaydah,2018,November,11/1/18,45,0.057624987,0.057634987,-2.853625482,0.258432603,0.222978782,0.222988782,-1.500633814,0.043304549,1.330691309,0.285698588,34,3195980,138543782,2.30683756,0.835877565,103,3.285195917,Severe,3146946.723,14.96194325,547.5,6.305362462,14.83215103,43.16406363
Al-Hudaydah,2018,December,12/1/18,46,0.048514882,0.048524882,-3.025678582,0.256151342,0.189399289,0.189409289,-1.663845055,0.043304549,1.120318376,0.113612909,35,3195980,138543782,2.30683756,0.835877565,44,1.106519141,Severe,3146946.723,14.96194325,401.25,5.994584674,14.83215103,43.16406363
Al-Hudaydah,2019,January,1/1/19,47,0.051927494,0.051937494,-2.957714322,0.226853265,0.228903446,0.228913446,-1.474411312,0.043304549,1.199123307,0.181590712,36,10611352,138543782,7.659204799,2.035908166,6,-0.296696409,Medium,3221536.337,14.98536893,360,5.886104031,14.83215103,43.16406363
Al-Hudaydah,2019,February,2/1/19,48,0.057842422,0.057852422,-2.849859959,0.231605699,0.249745245,0.249755245,-1.387273861,0.043304549,1.335712375,0.289464764,37,10611352,138543782,7.659204799,2.035908166,1,-0.481330034,Low,3221536.337,14.98536893,315,5.752572639,14.83215103,43.16406363
Al-Hudaydah,2019,March,3/1/19,49,0.055589725,0.055599725,-2.889577024,0.243491301,0.228302714,0.228312714,-1.477039037,0.043304549,1.283692505,0.249740695,38,10611352,138543782,7.659204799,2.035908166,1,-0.481330034,Low,3221536.337,14.98536893,410,6.01615716,14.83215103,43.16406363
Al-Hudaydah,2019,April,4/1/19,50,0.070716138,0.070726138,-2.648940071,0.267943322,0.263922002,0.263932002,-1.332063777,0.043304549,1.632995601,0.49041612,39,10611352,138543782,7.659204799,2.035908166,2,-0.444403309,Low,3221536.337,14.98536893,636.25,6.455591568,14.83215103,43.16406363
Al-Hudaydah,2019,May,5/1/19,51,0.162220635,0.162230635,-1.818736283,0.252226382,0.643154907,0.643164907,-0.441354123,0.043304549,3.746041438,1.320699666,40,10611352,138543782,7.659204799,2.035908166,1,-0.481330034,Low,3221536.337,14.98536893,450,6.109247583,14.83215103,43.16406363
Al-Hudaydah,2019,June,6/1/19,52,0.077282329,0.077292329,-2.560160565,0.206447554,0.374343641,0.374353641,-0.982554364,0.043304549,1.784623805,0.57920764,41,10611352,138543782,7.659204799,2.035908166,1,-0.481330034,Low,3221536.337,14.98536893,430,6.063785209,14.83215103,43.16406363
Al-Hudaydah,2019,July,7/1/19,53,0.105564035,0.105574035,-2.248342819,0.252715583,0.417718741,0.417728741,-0.872923002,0.043304549,2.437712375,0.891060048,42,10611352,138543782,7.659204799,2.035908166,0,-0.518256759,None,3221536.337,14.98536893,440,6.086774727,14.83215103,43.16406363
Al-Hudaydah,2019,August,8/1/19,54,0.062892779,0.062902779,-2.766164935,0.232493339,0.270514327,0.270524327,-1.307393251,0.043304549,1.452336543,0.373173668,43,10611352,138543782,7.659204799,2.035908166,0,-0.518256759,None,3221536.337,14.98536893,450,6.109247583,14.83215103,43.16406363
Al-Hudaydah,2019,September,9/1/19,55,0.051675288,0.051685288,-2.962582103,0.251263715,0.205661562,0.205671562,-1.581474742,0.043304549,1.1932993,0.176721992,44,10611352,138543782,7.659204799,2.035908166,1,-0.481330034,Low,3221536.337,14.98536893,547.5,6.305362462,14.83215103,43.16406363
Al-Hudaydah,2019,October,10/1/19,56,0.06147359,0.06148359,-2.788984969,0.258374119,0.237924721,0.237934721,-1.435758924,0.043304549,1.419564259,0.350349965,45,10611352,138543782,7.659204799,2.035908166,4,-0.370549859,Low,3221536.337,14.98536893,557.5,6.323462503,14.83215103,43.16406363
Al-Hudaydah,2019,November,11/1/19,57,0.08487117,0.08488117,-2.466503001,0.258432603,0.328407364,0.328417364,-1.113470028,0.043304549,1.959867311,0.672876772,46,10611352,138543782,7.659204799,2.035908166,6,-0.296696409,Medium,3221536.337,14.98536893,430,6.063785209,14.83215103,43.16406363
Al-Hudaydah,2019,December,12/1/19,58,0.061812167,0.061822167,-2.78349329,0.256151342,0.241311119,0.241321119,-1.421626788,0.043304549,1.427382768,0.355842535,47,10611352,138543782,7.659204799,2.035908166,0,-0.518256759,None,3221536.337,14.98536893,430,6.063785209,14.83215103,43.16406363
Al-Hudaydah,2020,January,1/1/20,59,0.059187414,0.059197414,-2.82687742,0.226853265,0.260906159,0.260916159,-1.343556153,0.043304549,1.366771283,0.312451231,48,6767854,138543782,4.884992962,1.586167845,1,-0.481330034,Low,3296650.767,15.00841759,430,6.063785209,14.83215103,43.16406363
Al-Hudaydah,2020,February,2/1/20,60,0.060411263,0.060421263,-2.8064142,0.231605699,0.260836686,0.260846686,-1.343822454,0.043304549,1.395032725,0.332917874,49,6767854,138543782,4.884992962,1.586167845,1,-0.481330034,Low,3296650.767,15.00841759,430,6.063785209,14.83215103,43.16406363
Al-Hudaydah,2020,March,3/1/20,61,0.058833305,0.058843305,-2.832877216,0.243491301,0.241623847,0.241633847,-1.420331728,0.043304549,1.358594105,0.306450419,50,6767854,138543782,4.884992962,1.586167845,6,-0.296696409,Medium,3296650.767,15.00841759,430,6.063785209,14.83215103,43.16406363
Al-Hudaydah,2020,April,4/1/20,62,0.076041748,0.076051748,-2.576341276,0.267943322,0.283797885,0.283807885,-1.259457731,0.043304549,1.755975983,0.563024818,51,6767854,138543782,4.884992962,1.586167845,1,-0.481330034,Low,3296650.767,15.00841759,330,5.799092654,14.83215103,43.16406363
Al-Hudaydah,2020,May,5/1/20,63,0.118792614,0.118802614,-2.130291869,0.252226382,0.470976165,0.470986165,-0.752926559,0.043304549,2.74319019,1.009121546,52,6767854,138543782,4.884992962,1.586167845,0,-0.518256759,None,3296650.767,15.00841759,330,5.799092654,14.83215103,43.16406363
Al-Hudaydah,2020,June,6/1/20,64,0.061994844,0.062004844,-2.780542768,0.206447554,0.300293429,0.300303429,-1.202961885,0.043304549,1.431601193,0.358793533,53,6767854,138543782,4.884992962,1.586167845,0,-0.518256759,None,3296650.767,15.00841759,330,5.799092654,14.83215103,43.16406363
Al-Hudaydah,2020,July,7/1/20,65,0.083479933,0.083489933,-2.483029217,0.252715583,0.330331561,0.330341561,-1.107628126,0.043304549,1.927740501,0.656348592,54,6767854,138543782,4.884992962,1.586167845,1,-0.481330034,Low,3296650.767,15.00841759,432.5,6.069582326,14.83215103,43.16406363
Al-Hudaydah,2020,August,8/1/20,66,0.064609648,0.064619648,-2.739236766,0.232493339,0.277898921,0.277908921,-1.280461841,0.043304549,1.491982932,0.400106062,55,6767854,138543782,4.884992962,1.586167845,3,-0.407476584,Low,3296650.767,15.00841759,340,5.828945618,14.83215103,43.16406363
Al-Hudaydah,2020,September,9/1/20,67,0.063174243,0.063184243,-2.761700329,0.251263715,0.251426049,0.251436049,-1.3805666,0.043304549,1.458836184,0.377638984,56,6767854,138543782,4.884992962,1.586167845,0,-0.518256759,None,3296650.767,15.00841759,525,6.263398263,14.83215103,43.16406363
Al-Hudaydah,2020,October,10/1/20,68,0.080715051,0.080725051,-2.516706331,0.258374119,0.312396038,0.312406038,-1.163451533,0.043304549,1.863893121,0.622667376,57,6767854,138543782,4.884992962,1.586167845,1,-0.481330034,Low,3296650.767,15.00841759,692,6.539585956,14.83215103,43.16406363
Al-Hudaydah,2020,November,11/1/20,69,0.082272819,0.082282819,-2.497592954,0.258432603,0.318353095,0.318363095,-1.144562739,0.043304549,1.899865508,0.641783098,58,6767854,138543782,4.884992962,1.586167845,3,-0.407476584,Low,3296650.767,15.00841759,355,5.872117789,14.83215103,43.16406363
Al-Hudaydah,2020,December,12/1/20,70,0.079356081,0.079366081,-2.533684193,0.256151342,0.309801543,0.309811543,-1.171791092,0.043304549,1.83251143,0.605687392,59,6767854,138543782,4.884992962,1.586167845,0,-0.518256759,None,3296650.767,15.00841759,440,6.086774727,14.83215103,43.16406363
Al-Hudaydah,2021,January,1/1/21,71,0.071932222,0.071942222,-2.631891954,0.226853265,0.317087004,0.317097004,-1.148547546,0.043304549,1.661077731,0.507466627,60,6693760,138543782,4.831512395,1.575159544,5,-0.333623134,Medium,3371359.599,15.03082666,356.25,5.875632732,14.83215103,43.16406363
Al-Hudaydah,2021,February,2/1/21,72,0.077524966,0.077534966,-2.55702627,0.231605699,0.334728231,0.334738231,-1.094406453,0.043304549,1.790226842,0.582342339,61,6693760,138543782,4.831512395,1.575159544,1,-0.481330034,Low,3371359.599,15.03082666,655,6.484635236,14.83215103,43.16406363
Al-Hudaydah,2021,March,3/1/21,73,0.086562505,0.086572505,-2.446773008,0.243491301,0.355505534,0.355515534,-1.034186334,0.043304549,1.998924062,0.692609067,62,6693760,138543782,4.831512395,1.575159544,3,-0.407476584,Low,3371359.599,15.03082666,837.5,6.730421264,14.83215103,43.16406363
Al-Hudaydah,2021,April,4/1/21,74,0.157430848,0.157440848,-1.84870546,0.267943322,0.587552796,0.587562796,-0.531772152,0.043304549,3.635434421,1.290728614,63,6693760,138543782,4.831512395,1.575159544,1,-0.481330034,Low,3371359.599,15.03082666,837.5,6.730421264,14.83215103,43.16406363
Al-Hudaydah,2021,May,5/1/21,75,0.107393371,0.107403371,-2.23116371,0.252226382,0.425781674,0.425791674,-0.85380508,0.043304549,2.479955882,0.908240771,64,6693760,138543782,4.831512395,1.575159544,2,-0.444403309,Low,3371359.599,15.03082666,600,6.396929655,14.83215103,43.16406363
Al-Hudaydah,2021,June,6/1/21,76,0.079711743,0.079721743,-2.52921292,0.206447554,0.386111346,0.386121346,-0.951603591,0.043304549,1.84072447,0.610159228,65,6693760,138543782,4.831512395,1.575159544,0,-0.518256759,None,3371359.599,15.03082666,581.25,6.365180957,14.83215103,43.16406363
Al-Hudaydah,2021,July,7/1/21,77,0.082601538,0.082611538,-2.493605923,0.252715583,0.326855737,0.326865737,-1.118205783,0.043304549,1.907456374,0.645770613,66,6693760,138543782,4.831512395,1.575159544,2,-0.444403309,Low,3371359.599,15.03082666,650,6.476972363,14.83215103,43.16406363
Al-Hudaydah,2021,August,8/1/21,78,0.074247107,0.074257107,-2.600221789,0.232493339,0.319351545,0.319361545,-1.141431448,0.043304549,1.714533663,0.539141127,67,6693760,138543782,4.831512395,1.575159544,0,-0.518256759,None,3371359.599,15.03082666,675,6.514712691,14.83215103,43.16406363
Al-Hudaydah,2021,September,9/1/21,79,0.087630659,0.087640659,-2.434510245,0.251263715,0.348759705,0.348769705,-1.053343446,0.043304549,2.023590154,0.704873238,68,6693760,138543782,4.831512395,1.575159544,1,-0.481330034,Low,3371359.599,15.03082666,590,6.380122537,14.83215103,43.16406363
Al-Hudaydah,2021,October,10/1/21,80,0.106543247,0.106553247,-2.239110447,0.258374119,0.412360369,0.412370369,-0.88583338,0.043304549,2.460324595,0.90029329,69,6693760,138543782,4.831512395,1.575159544,4,-0.370549859,Low,3371359.599,15.03082666,587.5,6.375876246,14.83215103,43.16406363
Al-Hudaydah,2021,November,11/1/21,81,0.111362542,0.111372542,-2.194874463,0.258432603,0.43091522,0.43092522,-0.841820707,0.043304549,2.571613019,0.944533336,70,6693760,138543782,4.831512395,1.575159544,24,0.367984641,High,3371359.599,15.03082666,588,6.376726948,14.83215103,43.16406363
Al-Hudaydah,2021,December,12/1/21,82,0.10925808,0.10926808,-2.213950967,0.256151342,0.426537214,0.426547214,-0.852032217,0.043304549,2.523016231,0.925455103,71,6693760,138543782,4.831512395,1.575159544,20,0.220277741,High,3371359.599,15.03082666,570,6.345636361,14.83215103,43.16406363
Al-Hudaydah,2022,January,1/1/22,83,0.088454191,0.088464191,-2.42515743,0.226853265,0.389918087,0.389928087,-0.941792949,0.043304549,2.042607371,0.714227115,72,9950762,138543782,7.182395237,1.971632926,12,-0.075136059,Medium,3446068.432,15.05274455,1073.33,6.978521244,14.83215103,43.16406363
Al-Hudaydah,2022,February,2/1/22,84,0.084624225,0.084634225,-2.469416543,0.231605699,0.365380581,0.365390581,-1.006788413,0.043304549,1.954164792,0.669962886,73,9950762,138543782,7.182395237,1.971632926,1,-0.481330034,Low,3446068.432,15.05274455,602.5,6.401087665,14.83215103,43.16406363
Al-Hudaydah,2022,March,3/1/22,85,0.121870875,0.121880875,-2.104711146,0.243491301,0.500514287,0.500524287,-0.692099156,0.043304549,2.8142742,1.034704395,74,9950762,138543782,7.182395237,1.971632926,12,-0.075136059,Medium,3446068.432,15.05274455,1318,7.183870715,14.83215103,43.16406363
Al-Jawf,2015,March,3/1/15,1,0.000522686,0.000532686,-7.537578426,0.000529427,0.987267366,0.987277366,-0.01280426,NA,NA,NA,NA,19622,414844277,0.004729968,-5.353836842,2,-0.444403309,Low,593555.7558,13.29388643,NA,NA,16.62153788,45.5995306
Al-Jawf,2015,April,4/1/15,2,0.000566243,0.000576243,-7.458981111,0.000713853,0.793220363,0.793230363,-0.231641604,NA,NA,NA,NA,19622,414844277,0.004729968,-5.353836842,1,-0.481330034,Low,593555.7558,13.29388643,NA,NA,16.62153788,45.5995306
Al-Jawf,2015,May,5/1/15,3,0.000207415,0.000217415,-8.433702588,0.000472733,0.438756875,0.438766875,-0.823787043,NA,NA,NA,NA,19622,414844277,0.004729968,-5.353836842,6,-0.296696409,Medium,593555.7558,13.29388643,NA,NA,16.62153788,45.5995306
Al-Jawf,2015,June,6/1/15,4,0.000135338,0.000145338,-8.836448494,0.000427448,0.31661863,0.31662863,-1.150025706,NA,NA,NA,NA,19622,414844277,0.004729968,-5.353836842,34,0.737251891,High,593555.7558,13.29388643,NA,NA,16.62153788,45.5995306
Al-Jawf,2015,July,7/1/15,5,0.00020223,0.00021223,-8.457839966,0.000812376,0.248936555,0.248946555,-1.390517044,NA,NA,NA,NA,19622,414844277,0.004729968,-5.353836842,11,-0.112062784,Medium,593555.7558,13.29388643,NA,NA,16.62153788,45.5995306
Al-Jawf,2015,August,8/1/15,6,0.000134301,0.000144301,-8.843609162,0.000393397,0.341387673,0.341397673,-1.074707285,NA,NA,NA,NA,19622,414844277,0.004729968,-5.353836842,11,-0.112062784,Medium,593555.7558,13.29388643,NA,NA,16.62153788,45.5995306
Al-Jawf,2015,September,9/1/15,7,0.000240083,0.000250083,-8.293717695,0.000697433,0.34423792,0.34424792,-1.066393184,NA,NA,NA,NA,19622,414844277,0.004729968,-5.353836842,9,-0.185916234,Medium,593555.7558,13.29388643,NA,NA,16.62153788,45.5995306
Al-Jawf,2015,October,10/1/15,8,0.000114597,0.000124597,-8.990426029,0.000543773,0.21074406,0.21075406,-1.557063418,NA,NA,NA,NA,19622,414844277,0.004729968,-5.353836842,17,0.109497566,High,593555.7558,13.29388643,NA,NA,16.62153788,45.5995306
Al-Jawf,2015,November,11/1/15,9,5.86E-05,6.86E-05,-9.587218023,0.000571429,0.102549983,0.102559983,-2.277307452,NA,NA,NA,NA,19622,414844277,0.004729968,-5.353836842,12,-0.075136059,Medium,593555.7558,13.29388643,NA,NA,16.62153788,45.5995306
Al-Jawf,2015,December,12/1/15,10,1.30E-05,2.30E-05,-10.68001634,0.00057212,0.022722506,0.022732506,-3.783959396,NA,NA,NA,NA,19622,414844277,0.004729968,-5.353836842,12,-0.075136059,Medium,593555.7558,13.29388643,NA,NA,16.62153788,45.5995306
Al-Jawf,2016,January,1/1/16,11,7.83E-05,8.83E-05,-9.33477045,0.000448146,0.174719846,0.174729846,-1.744514235,3.58E-05,2.187150838,0.78259971,1,26829,414844277,0.006467246,-5.041004918,42,1.032665691,Severe,607790.4929,13.31758552,NA,NA,16.62153788,45.5995306
Al-Jawf,2016,February,2/1/16,12,0.000113041,0.000123041,-9.002992925,0.000494957,0.228385727,0.228395727,-1.47667551,3.58E-05,3.157569832,1.149802691,2,26829,414844277,0.006467246,-5.041004918,39,0.921885516,Severe,607790.4929,13.31758552,NA,NA,16.62153788,45.5995306
Al-Jawf,2016,March,3/1/16,13,0.00025875,0.00026875,-8.221728979,0.000529427,0.488735935,0.488745935,-0.715912485,3.58E-05,7.227653631,1.977914451,3,26829,414844277,0.006467246,-5.041004918,51,1.365006216,Severe,607790.4929,13.31758552,NA,NA,16.62153788,45.5995306
Al-Jawf,2016,April,4/1/16,14,0.000267565,0.000277565,-8.189455418,0.000713853,0.37481789,0.37482789,-0.981288318,3.58E-05,7.473882682,2.011414634,4,26829,414844277,0.006467246,-5.041004918,30,0.589544991,High,607790.4929,13.31758552,NA,NA,16.62153788,45.5995306
Al-Jawf,2016,May,5/1/16,15,0.000267047,0.000277047,-8.191323391,0.000472733,0.564899873,0.564909873,-0.571089077,3.58E-05,7.459413408,2.009476779,5,26829,414844277,0.006467246,-5.041004918,13,-0.038209334,High,607790.4929,13.31758552,NA,NA,16.62153788,45.5995306
Al-Jawf,2016,June,6/1/16,16,0.000704174,0.000714174,-7.244383928,0.000427448,1.647391028,1.647401028,0.499198912,3.58E-05,19.6696648,2.979077591,6,26829,414844277,0.006467246,-5.041004918,24,0.367984641,High,607790.4929,13.31758552,225,5.416100402,16.62153788,45.5995306
Al-Jawf,2016,July,7/1/16,17,0.000215193,0.000225193,-8.398552746,0.000812376,0.264893459,0.264903459,-1.328389825,3.58E-05,6.010977654,1.793587407,7,26829,414844277,0.006467246,-5.041004918,46,1.180372591,Severe,607790.4929,13.31758552,190,5.247024072,16.62153788,45.5995306
Al-Jawf,2016,August,8/1/16,18,0.000271714,0.000281714,-8.174618186,0.000393397,0.690685922,0.690695922,-0.370055607,3.58E-05,7.589776536,2.026802149,8,26829,414844277,0.006467246,-5.041004918,50,1.328079491,Severe,607790.4929,13.31758552,155,5.043425117,16.62153788,45.5995306
Al-Jawf,2016,September,9/1/16,19,0.000579207,0.000589207,-7.436732993,0.000697433,0.830483678,0.830493678,-0.185734962,3.58E-05,16.17896648,2.783712033,9,26829,414844277,0.006467246,-5.041004918,29,0.552618266,High,607790.4929,13.31758552,160,5.075173815,16.62153788,45.5995306
Al-Jawf,2016,October,10/1/16,20,0.0004112,0.0004212,-7.772402778,0.000543773,0.756197435,0.756207435,-0.279439556,3.58E-05,11.48603352,2.441131821,10,26829,414844277,0.006467246,-5.041004918,25,0.404911366,High,607790.4929,13.31758552,160,5.075173815,16.62153788,45.5995306
Al-Jawf,2016,November,11/1/16,21,0.000295062,0.000305062,-8.094995523,0.000571429,0.516358414,0.516368414,-0.660934788,3.58E-05,8.241955307,2.10923761,11,26829,414844277,0.006467246,-5.041004918,16,0.072570841,High,607790.4929,13.31758552,160,5.075173815,16.62153788,45.5995306
Al-Jawf,2016,December,12/1/16,22,0.000393052,0.000403052,-7.816444972,0.00057212,0.687009718,0.687019718,-0.375392286,3.58E-05,10.97910615,2.395994026,12,26829,414844277,0.006467246,-5.041004918,9,-0.185916234,Medium,607790.4929,13.31758552,160,5.075173815,16.62153788,45.5995306
Al-Jawf,2017,January,1/1/17,23,0.000356754,0.000366754,-7.910819234,0.000448146,0.79606646,0.79607646,-0.228060042,3.58E-05,9.965195531,2.299098575,13,21732,414844277,0.005238592,-5.251702519,24,0.367984641,High,621903.7141,13.34054056,160,5.075173815,16.62153788,45.5995306
Al-Jawf,2017,February,2/1/17,24,0.000415867,0.000425867,-7.761383467,0.000494957,0.84020919,0.84021919,-0.174092481,3.58E-05,11.61639665,2.452417604,14,21732,414844277,0.005238592,-5.251702519,21,0.257204466,High,621903.7141,13.34054056,190,5.247024072,16.62153788,45.5995306
Al-Jawf,2017,March,3/1/17,25,0.000253046,0.000263046,-8.243181636,0.000529427,0.477962023,0.477972023,-0.738203077,3.58E-05,7.068324022,1.955623397,15,21732,414844277,0.005238592,-5.251702519,12,-0.075136059,Medium,621903.7141,13.34054056,198,5.288267031,16.62153788,45.5995306
Al-Jawf,2017,April,4/1/17,26,0.000624319,0.000634319,-7.362958575,0.000713853,0.87457601,0.87458601,-0.134004636,3.58E-05,17.43907821,2.858713562,16,21732,414844277,0.005238592,-5.251702519,11,-0.112062784,Medium,621903.7141,13.34054056,210,5.347107531,16.62153788,45.5995306
Al-Jawf,2017,May,5/1/17,27,0.001304641,0.001314641,-6.634191654,0.000472733,2.759782118,2.759792118,1.015155357,3.58E-05,36.44248603,3.595735293,17,21732,414844277,0.005238592,-5.251702519,9,-0.185916234,Medium,621903.7141,13.34054056,210,5.347107531,16.62153788,45.5995306
Al-Jawf,2017,June,6/1/17,28,0.000902256,0.000912256,-6.999589906,0.000427448,2.110797103,2.110807103,0.747070388,3.58E-05,25.20268156,3.2269504,18,21732,414844277,0.005238592,-5.251702519,8,-0.222842959,Medium,621903.7141,13.34054056,211,5.351858133,16.62153788,45.5995306
Al-Jawf,2017,July,7/1/17,29,0.000805808,0.000815808,-7.111331525,0.000812376,0.991915481,0.991925481,-0.008107294,3.58E-05,22.50860335,3.113897607,19,21732,414844277,0.005238592,-5.251702519,33,0.700325166,High,621903.7141,13.34054056,210,5.347107531,16.62153788,45.5995306
Al-Jawf,2017,August,8/1/17,30,0.00127664,0.00128664,-6.65572111,0.000393397,3.245166888,3.245176888,1.17716986,3.58E-05,35.6603352,3.574039012,20,21732,414844277,0.005238592,-5.251702519,8,-0.222842959,Medium,621903.7141,13.34054056,210,5.347107531,16.62153788,45.5995306
Al-Jawf,2017,September,9/1/17,31,0.000763288,0.000773288,-7.164859004,0.000697433,1.094424318,1.094434318,0.090237625,3.58E-05,21.32089385,3.059687524,21,21732,414844277,0.005238592,-5.251702519,17,0.109497566,High,621903.7141,13.34054056,210,5.347107531,16.62153788,45.5995306
Al-Jawf,2017,October,10/1/17,32,0.001177599,0.001187599,-6.735821657,0.000543773,2.16560638,2.16561638,0.772705023,3.58E-05,32.89382682,3.493285006,22,21732,414844277,0.005238592,-5.251702519,25,0.404911366,High,621903.7141,13.34054056,210,5.347107531,16.62153788,45.5995306
Al-Jawf,2017,November,11/1/17,33,0.000798594,0.000808594,-7.120213621,0.000571429,1.397539267,1.397549267,0.334720179,3.58E-05,22.30709497,3.104904788,23,21732,414844277,0.005238592,-5.251702519,8,-0.222842959,Medium,621903.7141,13.34054056,210,5.347107531,16.62153788,45.5995306
Al-Jawf,2017,December,12/1/17,34,0.000692295,0.000702295,-7.261157014,0.00057212,1.210052087,1.210062087,0.19067167,3.58E-05,19.33784916,2.962064272,24,21732,414844277,0.005238592,-5.251702519,18,0.146424291,High,621903.7141,13.34054056,211.25,5.353042266,16.62153788,45.5995306
Al-Jawf,2018,January,1/1/18,35,0.000686025,0.000696025,-7.270124979,0.000448146,1.530806925,1.530816925,0.425801531,3.58E-05,19.1627095,2.952966177,25,30231,414844277,0.007287313,-4.921620388,16,0.072570841,High,635918.0912,13.36282505,325,5.783825182,16.62153788,45.5995306
Al-Jawf,2018,February,2/1/18,36,0.000823956,0.000833956,-7.089329915,0.000494957,1.664703868,1.664713868,0.509653258,3.58E-05,23.01553073,3.136169237,26,30231,414844277,0.007287313,-4.921620388,24,0.367984641,High,635918.0912,13.36282505,325,5.783825182,16.62153788,45.5995306
Al-Jawf,2018,March,3/1/18,37,0.000830179,0.000840179,-7.081895594,0.000529427,1.568070763,1.568080763,0.449852428,3.58E-05,23.18935754,3.143693447,27,30231,414844277,0.007287313,-4.921620388,13,-0.038209334,High,635918.0912,13.36282505,282.5,5.643678551,16.62153788,45.5995306
Al-Jawf,2018,April,4/1/18,38,0.001943998,0.001953998,-6.237877749,0.000713853,2.723245671,2.723255671,1.001828102,3.58E-05,54.30162011,3.994554063,28,30231,414844277,0.007287313,-4.921620388,11,-0.112062784,Medium,635918.0912,13.36282505,242.5,5.49100171,16.62153788,45.5995306
Al-Jawf,2018,May,5/1/18,39,0.001445683,0.001455683,-6.532280073,0.000472733,3.05813637,3.05814637,1.117808971,3.58E-05,40.3822067,3.69838926,29,30231,414844277,0.007287313,-4.921620388,1,-0.481330034,Low,635918.0912,13.36282505,225,5.416100402,16.62153788,45.5995306
Al-Jawf,2018,June,6/1/18,40,0.000986777,0.000996777,-6.910983484,0.000427448,2.308531096,2.308541096,0.836615765,3.58E-05,27.56360335,3.316496183,30,30231,414844277,0.007287313,-4.921620388,7,-0.259769684,Medium,635918.0912,13.36282505,233.75,5.454252168,16.62153788,45.5995306
Al-Jawf,2018,July,7/1/18,41,0.00101426,0.00102426,-6.883784878,0.000812376,1.248511054,1.248521054,0.221959694,3.58E-05,28.33128492,3.343966668,31,30231,414844277,0.007287313,-4.921620388,4,-0.370549859,Low,635918.0912,13.36282505,210,5.347107531,16.62153788,45.5995306
Al-Jawf,2018,August,8/1/18,42,0.000837438,0.000847438,-7.073292878,0.000393397,2.128733291,2.128743291,0.755531801,3.58E-05,23.39212291,3.152399338,32,30231,414844277,0.007287313,-4.921620388,17,0.109497566,High,635918.0912,13.36282505,210,5.347107531,16.62153788,45.5995306
Al-Jawf,2018,September,9/1/18,43,0.000907441,0.000917441,-6.993922285,0.000697433,1.301115041,1.301125041,0.263229306,3.58E-05,25.34751397,3.232680657,33,30231,414844277,0.007287313,-4.921620388,5,-0.333623134,Medium,635918.0912,13.36282505,267.5,5.589119566,16.62153788,45.5995306
Al-Jawf,2018,October,10/1/18,44,0.000987296,0.000997296,-6.910462941,0.000543773,1.815638869,1.815648869,0.596442907,3.58E-05,27.57810056,3.317022,34,30231,414844277,0.007287313,-4.921620388,1,-0.481330034,Low,635918.0912,13.36282505,220,5.393627546,16.62153788,45.5995306
Al-Jawf,2018,November,11/1/18,45,0.001018927,0.001028927,-6.879238767,0.000571429,1.783121953,1.783131953,0.578371342,3.58E-05,28.46164804,3.348557498,35,30231,414844277,0.007287313,-4.921620388,0,-0.518256759,None,635918.0912,13.36282505,210,5.347107531,16.62153788,45.5995306
Al-Jawf,2018,December,12/1/18,46,0.001094115,0.001104115,-6.80871117,0.00057212,1.912387261,1.912397261,0.648357566,3.58E-05,30.56187151,3.419753203,36,30231,414844277,0.007287313,-4.921620388,9,-0.185916234,Medium,635918.0912,13.36282505,210,5.347107531,16.62153788,45.5995306
Al-Jawf,2019,January,1/1/19,47,0.001083744,0.001093744,-6.818148606,0.000448146,2.418283327,2.418293327,0.883062055,3.58E-05,30.27217877,3.410229098,37,39424,414844277,0.009503325,-4.656113542,8,-0.222842959,Medium,649880.6244,13.38454397,187.5,5.233778845,16.62153788,45.5995306
Al-Jawf,2019,February,2/1/19,48,0.001289085,0.001299085,-6.646095108,0.000494957,2.604440996,2.604450996,0.957221903,3.58E-05,36.00796089,3.58374005,38,39424,414844277,0.009503325,-4.656113542,7,-0.259769684,Medium,649880.6244,13.38454397,180,5.192956851,16.62153788,45.5995306
Al-Jawf,2019,March,3/1/19,49,0.001343531,0.001353531,-6.605038546,0.000529427,2.537707748,2.537717748,0.931265153,3.58E-05,37.52879888,3.625108608,39,39424,414844277,0.009503325,-4.656113542,4,-0.370549859,Low,649880.6244,13.38454397,180,5.192956851,16.62153788,45.5995306
Al-Jawf,2019,April,4/1/19,50,0.001416645,0.001426645,-6.552429745,0.000713853,1.984504287,1.984514287,0.685374193,3.58E-05,39.57108939,3.678098786,40,39424,414844277,0.009503325,-4.656113542,0,-0.518256759,None,649880.6244,13.38454397,230,5.438079309,16.62153788,45.5995306
Al-Jawf,2019,May,5/1/19,51,0.002999222,0.003009222,-5.806073705,0.000472733,6.344426738,6.344436738,1.847578325,3.58E-05,83.77715084,4.428160307,41,39424,414844277,0.009503325,-4.656113542,4,-0.370549859,Low,649880.6244,13.38454397,242.5,5.49100171,16.62153788,45.5995306
Al-Jawf,2019,June,6/1/19,52,0.001114856,0.001124856,-6.790100252,0.000427448,2.608167543,2.608177543,0.958651718,3.58E-05,31.14122905,3.438532634,42,39424,414844277,0.009503325,-4.656113542,2,-0.444403309,Low,649880.6244,13.38454397,250,5.521460918,16.62153788,45.5995306
Al-Jawf,2019,July,7/1/19,53,0.000934924,0.000944924,-6.964406057,0.000812376,1.150851802,1.150861802,0.140511055,3.58E-05,26.11519553,3.262517349,43,39424,414844277,0.009503325,-4.656113542,0,-0.518256759,None,649880.6244,13.38454397,210,5.347107531,16.62153788,45.5995306
Al-Jawf,2019,August,8/1/19,54,0.000899144,0.000909144,-7.00300706,0.000393397,2.28558743,2.28559743,0.826627448,3.58E-05,25.11575419,3.223495306,44,39424,414844277,0.009503325,-4.656113542,1,-0.481330034,Low,649880.6244,13.38454397,210,5.347107531,16.62153788,45.5995306
Al-Jawf,2019,September,9/1/19,55,0.001180192,0.001190192,-6.73364064,0.000697433,1.69219328,1.69220328,0.526031396,3.58E-05,32.96625698,3.495484523,45,39424,414844277,0.009503325,-4.656113542,5,-0.333623134,Medium,649880.6244,13.38454397,210,5.347107531,16.62153788,45.5995306
Al-Jawf,2019,October,10/1/19,56,0.001761473,0.001771473,-6.335943875,0.000543773,3.239351568,3.239361568,1.175376263,3.58E-05,49.20315642,3.895957776,46,39424,414844277,0.009503325,-4.656113542,6,-0.296696409,Medium,649880.6244,13.38454397,210,5.347107531,16.62153788,45.5995306
Al-Jawf,2019,November,11/1/19,57,0.001699767,0.001709767,-6.371398175,0.000571429,2.974591754,2.974601754,1.090110166,3.58E-05,47.47952514,3.860298568,47,39424,414844277,0.009503325,-4.656113542,0,-0.518256759,None,649880.6244,13.38454397,210,5.347107531,16.62153788,45.5995306
Al-Jawf,2019,December,12/1/19,58,0.00163132,0.00164132,-6.412254483,0.00057212,2.851359855,2.851369855,1.04779953,3.58E-05,45.56759777,3.819196889,48,39424,414844277,0.009503325,-4.656113542,1,-0.481330034,Low,649880.6244,13.38454397,210,5.347107531,16.62153788,45.5995306
Al-Jawf,2020,January,1/1/20,59,0.0015105,0.0015205,-6.488716051,0.000448146,3.370553346,3.370563346,1.215079895,3.58E-05,42.19273743,3.742248107,49,48847,414844277,0.01177478,-4.441795323,18,0.146424291,High,663823.3422,13.40577134,195,5.272999559,16.62153788,45.5995306
Al-Jawf,2020,February,2/1/20,60,0.001285974,0.001295974,-6.648492743,0.000494957,2.598155595,2.598165595,0.954805656,3.58E-05,35.92106145,3.581323793,50,48847,414844277,0.01177478,-4.441795323,63,1.808126916,Severe,663823.3422,13.40577134,190,5.247024072,16.62153788,45.5995306
Al-Jawf,2020,March,3/1/20,61,0.001042261,0.001052261,-6.856814097,0.000529427,1.968658569,1.968668569,0.677357461,3.58E-05,29.11343575,3.371199777,51,48847,414844277,0.01177478,-4.441795323,59,1.660420016,Severe,663823.3422,13.40577134,450,6.109247583,16.62153788,45.5995306
Al-Jawf,2020,April,4/1/20,62,0.001054187,0.001064187,-6.845544152,0.000713853,1.476755729,1.476765729,0.389854378,3.58E-05,29.44656425,3.382577239,52,48847,414844277,0.01177478,-4.441795323,47,1.217299316,Severe,663823.3422,13.40577134,345,5.843544417,16.62153788,45.5995306
Al-Jawf,2020,May,5/1/20,63,0.001600207,0.001610207,-6.431392537,0.000472733,3.385009872,3.385019872,1.219359777,3.58E-05,44.69851955,3.799940381,53,48847,414844277,0.01177478,-4.441795323,31,0.626471716,High,663823.3422,13.40577134,397.5,5.985194934,16.62153788,45.5995306
Al-Jawf,2020,June,6/1/20,64,0.000863884,0.000873884,-7.042562914,0.000427448,2.021027119,2.021037119,0.703610805,3.58E-05,24.13083799,3.183490607,54,48847,414844277,0.01177478,-4.441795323,44,1.106519141,Severe,663823.3422,13.40577134,397.5,5.985194934,16.62153788,45.5995306
Al-Jawf,2020,July,7/1/20,65,0.000859217,0.000869217,-7.047917752,0.000812376,1.057659695,1.057669695,0.056068087,3.58E-05,24.00047486,3.178073616,55,48847,414844277,0.01177478,-4.441795323,27,0.478764816,High,663823.3422,13.40577134,825,6.715383386,16.62153788,45.5995306
Al-Jawf,2020,August,8/1/20,66,0.001200933,0.001210933,-6.716364142,0.000393397,3.052722777,3.052732777,1.116037182,3.58E-05,33.54561453,3.51290614,56,48847,414844277,0.01177478,-4.441795323,28,0.515691541,High,663823.3422,13.40577134,600,6.396929655,16.62153788,45.5995306
Al-Jawf,2020,September,9/1/20,67,0.00125175,0.00126175,-6.675255633,0.000697433,1.794795201,1.794805201,0.584896493,3.58E-05,34.9650838,3.554349958,57,48847,414844277,0.01177478,-4.441795323,30,0.589544991,High,663823.3422,13.40577134,525,6.263398263,16.62153788,45.5995306
Al-Jawf,2020,October,10/1/20,68,0.001910812,0.001920812,-6.255007266,0.000543773,3.51398622,3.51399622,1.256753914,3.58E-05,53.37463687,3.977335668,58,48847,414844277,0.01177478,-4.441795323,50,1.328079491,Severe,663823.3422,13.40577134,350,5.857933154,16.62153788,45.5995306
Al-Jawf,2020,November,11/1/20,69,0.001852735,0.001862735,-6.285709441,0.000571429,3.24228571,3.24229571,1.176281631,3.58E-05,51.7523743,3.946470311,59,48847,414844277,0.01177478,-4.441795323,44,1.106519141,Severe,663823.3422,13.40577134,337.5,5.82156551,16.62153788,45.5995306
Al-Jawf,2020,December,12/1/20,70,0.002096967,0.002106967,-6.162505806,0.00057212,3.665257289,3.665267289,1.298901263,3.58E-05,58.57449721,4.070299401,60,48847,414844277,0.01177478,-4.441795323,14,-0.001282609,High,663823.3422,13.40577134,350,5.857933154,16.62153788,45.5995306
Al-Jawf,2021,January,1/1/21,71,0.001781177,0.001791177,-6.324882333,0.000448146,3.974546242,3.974556242,1.379913105,3.58E-05,49.75354749,3.907081767,61,44753,414844277,0.010787903,-4.529329865,13,-0.038209334,High,677827.6031,13.42664826,350,5.857933154,16.62153788,45.5995306
Al-Jawf,2021,February,2/1/21,72,0.002165414,0.002175414,-6.130536288,0.000494957,4.374958203,4.374968203,1.475899252,3.58E-05,60.48642458,4.102418953,62,44753,414844277,0.010787903,-4.529329865,14,-0.001282609,High,677827.6031,13.42664826,462.5,6.136646557,16.62153788,45.5995306
Al-Jawf,2021,March,3/1/21,73,0.00233342,0.00234342,-6.056143878,0.000529427,4.407444275,4.407454275,1.483297261,3.58E-05,65.17932961,4.177142388,63,44753,414844277,0.010787903,-4.529329865,13,-0.038209334,High,677827.6031,13.42664826,537.5,6.28692876,16.62153788,45.5995306
Al-Jawf,2021,April,4/1/21,74,0.00435831,0.00436831,-5.433379072,0.000713853,6.10532976,6.10533976,1.809163759,3.58E-05,121.7405028,4.801891753,64,44753,414844277,0.010787903,-4.529329865,14,-0.001282609,High,677827.6031,13.42664826,600,6.396929655,16.62153788,45.5995306
Al-Jawf,2021,May,5/1/21,75,0.002500907,0.002510907,-5.987111237,0.000472733,5.290312368,5.290322368,1.665879183,3.58E-05,69.85773743,4.246460852,65,44753,414844277,0.010787903,-4.529329865,16,0.072570841,High,677827.6031,13.42664826,600,6.396929655,16.62153788,45.5995306
Al-Jawf,2021,June,6/1/21,76,0.001609023,0.001619023,-6.425932398,0.000427448,3.764254365,3.764264365,1.325552454,3.58E-05,44.94477654,3.805434548,66,44753,414844277,0.010787903,-4.529329865,15,0.035644116,High,677827.6031,13.42664826,500,6.214608098,16.62153788,45.5995306
Al-Jawf,2021,July,7/1/21,77,0.001527094,0.001537094,-6.477861658,0.000812376,1.879787963,1.879797963,0.631164305,3.58E-05,42.65625698,3.753173968,67,44753,414844277,0.010787903,-4.529329865,12,-0.075136059,Medium,677827.6031,13.42664826,560,6.327936784,16.62153788,45.5995306
Al-Jawf,2021,August,8/1/21,78,0.001482499,0.001492499,-6.507303383,0.000393397,3.768452082,3.768462082,1.326666982,3.58E-05,41.41058659,3.723536563,68,44753,414844277,0.010787903,-4.529329865,12,-0.075136059,Medium,677827.6031,13.42664826,612.5,6.417548942,16.62153788,45.5995306
Al-Jawf,2021,September,9/1/21,79,0.001832512,0.001842512,-6.296625421,0.000697433,2.627508483,2.627518483,0.966039858,3.58E-05,51.18748603,3.935495089,69,44753,414844277,0.010787903,-4.529329865,15,0.035644116,High,677827.6031,13.42664826,640,6.461468176,16.62153788,45.5995306
Al-Jawf,2021,October,10/1/21,80,0.002488981,0.002498981,-5.99187223,0.000543773,4.577239904,4.577249904,1.52109836,3.58E-05,69.52460894,4.241680775,70,44753,414844277,0.010787903,-4.529329865,32,0.663398441,High,677827.6031,13.42664826,637.5,6.457554277,16.62153788,45.5995306
Al-Jawf,2021,November,11/1/21,81,0.002268603,0.002278603,-6.084192743,0.000571429,3.970054588,3.970064588,1.378782364,3.58E-05,63.36879888,4.148971609,71,44753,414844277,0.010787903,-4.529329865,20,0.220277741,High,677827.6031,13.42664826,560,6.327936784,16.62153788,45.5995306
Al-Jawf,2021,December,12/1/21,82,0.001899404,0.001909404,-6.260964128,0.00057212,3.319939873,3.319949873,1.199949684,3.58E-05,53.05597765,3.971347538,72,44753,414844277,0.010787903,-4.529329865,33,0.700325166,High,677827.6031,13.42664826,650,6.476972363,16.62153788,45.5995306
Al-Jawf,2022,January,1/1/22,83,0.001476277,0.001486277,-6.511480944,0.000448146,3.294187609,3.294197609,1.192162621,3.58E-05,41.23678771,3.719330764,73,171206,414844277,0.041269944,-3.187620792,39,0.921885516,Severe,691831.864,13.44709823,761.11,6.634777894,16.62153788,45.5995306
Al-Jawf,2022,February,2/1/22,84,0.00104952,0.00105952,-6.849939304,0.000494957,2.120428765,2.120438765,0.751623032,3.58E-05,29.31620112,3.378140302,74,171206,414844277,0.041269944,-3.187620792,30,0.589544991,High,691831.864,13.44709823,812.5,6.700115914,16.62153788,45.5995306
Al-Jawf,2022,March,3/1/22,85,0.001188488,0.001198488,-6.726694517,0.000529427,2.244857176,2.244867176,0.808646355,3.58E-05,33.19798883,3.502489297,75,171206,414844277,0.041269944,-3.187620792,19,0.183351016,High,691831.864,13.44709823,1063,6.968850378,16.62153788,45.5995306
Al-Maharah,2015,March,3/1/15,1,0.006462016,0.006472016,-5.040267627,0.004555766,1.418425689,1.418435689,0.349554637,NA,NA,NA,NA,259921,689786061,0.037681394,-3.278588834,0,-0.518256759,None,120430.0534,11.69882439,NA,NA,16.73315056,51.57673653
Al-Maharah,2015,April,4/1/15,2,0.006552157,0.006562157,-5.026435919,0.004576768,1.431612325,1.431622325,0.358808294,NA,NA,NA,NA,259921,689786061,0.037681394,-3.278588834,0,-0.518256759,None,120430.0534,11.69882439,NA,NA,16.73315056,51.57673653
Al-Maharah,2015,May,5/1/15,3,0.002865769,0.002875769,-5.851435162,0.004047156,0.708094582,0.708104582,-0.345163482,NA,NA,NA,NA,259921,689786061,0.037681394,-3.278588834,0,-0.518256759,None,120430.0534,11.69882439,NA,NA,16.73315056,51.57673653
Al-Maharah,2015,June,6/1/15,4,0.005900902,0.005910902,-5.130956837,0.005260057,1.121832259,1.121842259,0.114972208,NA,NA,NA,NA,259921,689786061,0.037681394,-3.278588834,0,-0.518256759,None,120430.0534,11.69882439,NA,NA,16.73315056,51.57673653
Al-Maharah,2015,July,7/1/15,5,0.011966177,0.011976177,-4.424835852,0.016843125,0.710448758,0.710458758,-0.34184438,NA,NA,NA,NA,259921,689786061,0.037681394,-3.278588834,0,-0.518256759,None,120430.0534,11.69882439,NA,NA,16.73315056,51.57673653
Al-Maharah,2015,August,8/1/15,6,0.003353898,0.003363898,-5.694654858,0.019832089,0.169114708,0.169124708,-1.777118919,NA,NA,NA,NA,259921,689786061,0.037681394,-3.278588834,0,-0.518256759,None,120430.0534,11.69882439,NA,NA,16.73315056,51.57673653
Al-Maharah,2015,September,9/1/15,7,0.014876861,0.014886861,-4.207276267,0.016662475,0.89283619,0.89284619,-0.113340953,NA,NA,NA,NA,259921,689786061,0.037681394,-3.278588834,0,-0.518256759,None,120430.0534,11.69882439,NA,NA,16.73315056,51.57673653
Al-Maharah,2015,October,10/1/15,8,0.002748182,0.002758182,-5.893183512,0.004145301,0.662963143,0.662973143,-0.411020798,NA,NA,NA,NA,259921,689786061,0.037681394,-3.278588834,0,-0.518256759,None,120430.0534,11.69882439,NA,NA,16.73315056,51.57673653
Al-Maharah,2015,November,11/1/15,9,0.0029085,0.0029185,-5.836685493,0.003957536,0.734927047,0.734937047,-0.307970434,NA,NA,NA,NA,259921,689786061,0.037681394,-3.278588834,0,-0.518256759,None,120430.0534,11.69882439,NA,NA,16.73315056,51.57673653
Al-Maharah,2015,December,12/1/15,10,0.003695121,0.003705121,-5.598039362,0.004038942,0.914873499,0.914883499,-0.088958545,0.002828341,1.30646234,0.26732298,1,259921,689786061,0.037681394,-3.278588834,0,-0.518256759,None,120430.0534,11.69882439,NA,NA,16.73315056,51.57673653
Al-Maharah,2016,January,1/1/16,11,0.00378183,0.00379183,-5.574906527,0.004431057,0.853482637,0.853492637,-0.158418364,0.002828341,1.337119534,0.290517699,2,40089,689786061,0.005811802,-5.147864601,0,-0.518256759,None,123548.2488,11.72438704,NA,NA,16.73315056,51.57673653
Al-Maharah,2016,February,2/1/16,12,0.004368208,0.004378208,-5.431115771,0.004147693,1.053165827,1.053175827,0.051810196,0.002828341,1.544441777,0.434662536,3,40089,689786061,0.005811802,-5.147864601,0,-0.518256759,None,123548.2488,11.72438704,NA,NA,16.73315056,51.57673653
Al-Maharah,2016,March,3/1/16,13,0.003720697,0.003730697,-5.5911602,0.004555766,0.816700579,0.816710579,-0.202470495,0.002828341,1.315505096,0.274220695,4,40089,689786061,0.005811802,-5.147864601,0,-0.518256759,None,123548.2488,11.72438704,NA,NA,16.73315056,51.57673653
Al-Maharah,2016,April,4/1/16,14,0.003209487,0.003219487,-5.738533249,0.004576768,0.701256265,0.701266265,-0.354867628,0.002828341,1.134759564,0.126420791,5,40089,689786061,0.005811802,-5.147864601,0,-0.518256759,None,123548.2488,11.72438704,NA,NA,16.73315056,51.57673653
Al-Maharah,2016,May,5/1/16,15,0.00339195,0.00340195,-5.683406482,0.004047156,0.838107125,0.838117125,-0.176597421,0.002828341,1.199271941,0.181714657,6,40089,689786061,0.005811802,-5.147864601,0,-0.518256759,None,123548.2488,11.72438704,NA,NA,16.73315056,51.57673653
Al-Maharah,2016,June,6/1/16,16,0.004011391,0.004021391,-5.516127416,0.005260057,0.762613551,0.762623551,-0.27099075,0.002828341,1.418284075,0.349447743,7,40089,689786061,0.005811802,-5.147864601,0,-0.518256759,None,123548.2488,11.72438704,192.5,5.260096154,16.73315056,51.57673653
Al-Maharah,2016,July,7/1/16,17,0.005760252,0.005770252,-5.155039525,0.016843125,0.341994263,0.342004263,-1.072932077,0.002828341,2.03661864,0.711290903,8,40089,689786061,0.005811802,-5.147864601,0,-0.518256759,None,123548.2488,11.72438704,173,5.153291594,16.73315056,51.57673653
Al-Maharah,2016,August,8/1/16,18,0.002785298,0.002795298,-5.879816559,0.019832089,0.140444002,0.140454002,-1.962875232,0.002828341,0.984781538,-0.015335451,9,40089,689786061,0.005811802,-5.147864601,0,-0.518256759,None,123548.2488,11.72438704,173,5.153291594,16.73315056,51.57673653
Al-Maharah,2016,September,9/1/16,19,0.009195227,0.009205227,-4.687983804,0.016662475,0.5518524,0.5518624,-0.594456539,0.002828341,3.251102678,1.178994224,10,40089,689786061,0.005811802,-5.147864601,0,-0.518256759,None,123548.2488,11.72438704,175,5.164785974,16.73315056,51.57673653
Al-Maharah,2016,October,10/1/16,20,0.0034378,0.0034478,-5.670018933,0.004145301,0.829324511,0.829334511,-0.187131694,0.002828341,1.215482857,0.195141411,11,40089,689786061,0.005811802,-5.147864601,0,-0.518256759,None,123548.2488,11.72438704,176,5.170483995,16.73315056,51.57673653
Al-Maharah,2016,November,11/1/16,21,0.003407234,0.003417234,-5.678923827,0.003957536,0.8609484,0.8609584,-0.149709092,0.002828341,1.204675815,0.186210498,12,40089,689786061,0.005811802,-5.147864601,0,-0.518256759,None,123548.2488,11.72438704,175,5.164785974,16.73315056,51.57673653
Al-Maharah,2016,December,12/1/16,22,0.003575973,0.003585973,-5.630725433,0.004038942,0.885373694,0.885383694,-0.121734175,0.002828341,1.264335877,0.234546986,13,40089,689786061,0.005811802,-5.147864601,0,-0.518256759,None,123548.2488,11.72438704,175,5.164785974,16.73315056,51.57673653
Al-Maharah,2017,January,1/1/17,23,0.003575662,0.003585662,-5.630812164,0.004431057,0.806954684,0.806964684,-0.214475374,0.002828341,1.264225919,0.234460013,14,63655,689786061,0.009228224,-4.685488665,0,-0.518256759,None,126672.5802,11.74936093,175,5.164785974,16.73315056,51.57673653
Al-Maharah,2017,February,2/1/17,24,0.003544783,0.003554783,-5.639461258,0.004147693,0.854639779,0.854649779,-0.157063509,0.002828341,1.253308211,0.225786624,15,63655,689786061,0.009228224,-4.685488665,0,-0.518256759,None,126672.5802,11.74936093,180,5.192956851,16.73315056,51.57673653
Al-Maharah,2017,March,3/1/17,25,0.004027922,0.004037922,-5.512025076,0.004555766,0.884137092,0.884147092,-0.123131837,0.002828341,1.424128844,0.353560289,16,63655,689786061,0.009228224,-4.685488665,0,-0.518256759,None,126672.5802,11.74936093,215,5.370638028,16.73315056,51.57673653
Al-Maharah,2017,April,4/1/17,26,0.004539755,0.004549755,-5.392681894,0.004576768,0.991912924,0.991922924,-0.008109872,0.002828341,1.605094647,0.473182725,17,63655,689786061,0.009228224,-4.685488665,0,-0.518256759,None,126672.5802,11.74936093,208,5.33753808,16.73315056,51.57673653
Al-Maharah,2017,May,5/1/17,27,0.004526343,0.004536343,-5.395634098,0.004047156,1.118401014,1.118411014,0.11190894,0.002828341,1.600352645,0.470224008,18,63655,689786061,0.009228224,-4.685488665,0,-0.518256759,None,126672.5802,11.74936093,200,5.298317367,16.73315056,51.57673653
Al-Maharah,2017,June,6/1/17,28,0.005895912,0.005905912,-5.131801396,0.005260057,1.1208836,1.1208936,0.114126224,0.002828341,2.084583153,0.734568909,19,63655,689786061,0.009228224,-4.685488665,0,-0.518256759,None,126672.5802,11.74936093,200,5.298317367,16.73315056,51.57673653
Al-Maharah,2017,July,7/1/17,29,0.00787182,0.00788182,-4.843196437,0.016843125,0.467361025,0.467371025,-0.760631851,0.002828341,2.783193399,1.023598973,20,63655,689786061,0.009228224,-4.685488665,0,-0.518256759,None,126672.5802,11.74936093,205,5.323009979,16.73315056,51.57673653
Al-Maharah,2017,August,8/1/17,30,0.0199786,0.0199886,-3.912593168,0.019832089,1.007387556,1.007397556,0.007370328,0.002828341,7.063716857,1.95497138,21,63655,689786061,0.009228224,-4.685488665,0,-0.518256759,None,126672.5802,11.74936093,200,5.298317367,16.73315056,51.57673653
Al-Maharah,2017,September,9/1/17,31,0.024474443,0.024484443,-3.709717343,0.016662475,1.468835963,1.468845963,0.384477033,0.002828341,8.653285795,2.15793911,22,63655,689786061,0.009228224,-4.685488665,0,-0.518256759,None,126672.5802,11.74936093,200,5.298317367,16.73315056,51.57673653
Al-Maharah,2017,October,10/1/17,32,0.0040457,0.0040557,-5.50763198,0.004145301,0.975972475,0.975982475,-0.024310649,0.002828341,1.430414508,0.357964268,23,63655,689786061,0.009228224,-4.685488665,0,-0.518256759,None,126672.5802,11.74936093,212.5,5.358941988,16.73315056,51.57673653
Al-Maharah,2017,November,11/1/17,33,0.003836725,0.003846725,-5.560533142,0.003957536,0.969473259,0.969483259,-0.030992072,0.002828341,1.356528438,0.304928817,24,63655,689786061,0.009228224,-4.685488665,0,-0.518256759,None,126672.5802,11.74936093,300,5.703782475,16.73315056,51.57673653
Al-Maharah,2017,December,12/1/17,34,0.005250583,0.005260583,-5.247513422,0.004038942,1.2999897,1.2999997,0.262364034,0.002828341,1.85641795,0.618648798,25,63655,689786061,0.009228224,-4.685488665,0,-0.518256759,None,126672.5802,11.74936093,260,5.560681631,16.73315056,51.57673653
Al-Maharah,2018,January,1/1/18,35,0.006007885,0.006017885,-5.11301941,0.004431057,1.355858284,1.355868284,0.304442049,0.002828341,2.124172792,0.753382452,26,213550,689786061,0.030958874,-3.4750956,0,-0.518256759,None,129767.431,11.77349913,260,5.560681631,16.73315056,51.57673653
Al-Maharah,2018,February,2/1/18,36,0.005810138,0.005820138,-5.146431306,0.004147693,1.400812138,1.400822138,0.337059306,0.002828341,2.054256541,0.719914002,27,213550,689786061,0.030958874,-3.4750956,0,-0.518256759,None,129767.431,11.77349913,260,5.560681631,16.73315056,51.57673653
Al-Maharah,2018,March,3/1/18,37,0.004899692,0.004909692,-5.316544068,0.004555766,1.075492385,1.075502385,0.072787887,0.002828341,1.732355469,0.549482025,28,213550,689786061,0.030958874,-3.4750956,0,-0.518256759,None,129767.431,11.77349913,260,5.560681631,16.73315056,51.57673653
Al-Maharah,2018,April,4/1/18,38,0.00468479,0.00469479,-5.361301896,0.004576768,1.02360232,1.02361232,0.023337861,0.002828341,1.656373825,0.50463077,29,213550,689786061,0.030958874,-3.4750956,0,-0.518256759,None,129767.431,11.77349913,260,5.560681631,16.73315056,51.57673653
Al-Maharah,2018,May,5/1/18,39,0.004901251,0.004911251,-5.316226583,0.004047156,1.211035948,1.211045948,0.191484406,0.002828341,1.732906676,0.549800158,30,213550,689786061,0.030958874,-3.4750956,0,-0.518256759,None,129767.431,11.77349913,270,5.598421959,16.73315056,51.57673653
Al-Maharah,2018,June,6/1/18,40,0.006588025,0.006598025,-5.020984917,0.005260057,1.252462584,1.252472584,0.225119665,0.002828341,2.329289502,0.845563286,31,213550,689786061,0.030958874,-3.4750956,0,-0.518256759,None,129767.431,11.77349913,280,5.634789603,16.73315056,51.57673653
Al-Maharah,2018,July,7/1/18,41,0.011392587,0.011402587,-4.47391502,0.016843125,0.676393913,0.676403913,-0.390964877,0.002828341,4.028010413,1.39327256,32,213550,689786061,0.030958874,-3.4750956,0,-0.518256759,None,129767.431,11.77349913,300,5.703782475,16.73315056,51.57673653
Al-Maharah,2018,August,8/1/18,42,0.055798931,0.055808931,-2.885821369,0.019832089,2.813567954,2.813577954,1.034456967,0.002828341,19.72850197,2.982064391,33,213550,689786061,0.030958874,-3.4750956,0,-0.518256759,None,129767.431,11.77349913,322.5,5.776103136,16.73315056,51.57673653
Al-Maharah,2018,September,9/1/18,43,0.004660462,0.004670462,-5.366497283,0.016662475,0.279698058,0.279708058,-1.27400887,0.002828341,1.647772316,0.499424264,34,213550,689786061,0.030958874,-3.4750956,0,-0.518256759,None,129767.431,11.77349913,390,5.966146739,16.73315056,51.57673653
Al-Maharah,2018,October,10/1/18,44,0.003728494,0.003738494,-5.589072422,0.004145301,0.899450655,0.899460655,-0.105959968,0.002828341,1.318261836,0.276314078,35,213550,689786061,0.030958874,-3.4750956,0,-0.518256759,None,129767.431,11.77349913,416.25,6.031286041,16.73315056,51.57673653
Al-Maharah,2018,November,11/1/18,45,0.0045488,0.0045588,-5.390695848,0.003957536,1.149402149,1.149412149,0.139250637,0.002828341,1.608292635,0.475173141,36,213550,689786061,0.030958874,-3.4750956,0,-0.518256759,None,129767.431,11.77349913,463.75,6.139345614,16.73315056,51.57673653
Al-Maharah,2018,December,12/1/18,46,0.005666974,0.005676974,-5.171336935,0.004038942,1.403083778,1.403093778,0.33867964,0.002828341,2.003638882,0.694964968,37,213550,689786061,0.030958874,-3.4750956,0,-0.518256759,None,129767.431,11.77349913,281.25,5.639243954,16.73315056,51.57673653
Al-Maharah,2019,January,1/1/19,47,0.006133582,0.006143582,-5.092347319,0.004431057,1.384225557,1.384235557,0.325148043,0.002828341,2.168614746,0.774088598,38,125689,689786061,0.018221447,-4.005155972,0,-0.518256759,None,132871.0929,11.79713471,275,5.616771098,16.73315056,51.57673653
Al-Maharah,2019,February,2/1/19,48,0.006238693,0.006248693,-5.075382957,0.004147693,1.504135854,1.504145854,0.408225198,0.002828341,2.205778228,0.791080384,39,125689,689786061,0.018221447,-4.005155972,0,-0.518256759,None,132871.0929,11.79713471,275,5.616771098,16.73315056,51.57673653
Al-Maharah,2019,March,3/1/19,49,0.006578044,0.006588044,-5.022498788,0.004555766,1.443894072,1.443904072,0.367350606,0.002828341,2.325760578,0.844047116,40,125689,689786061,0.018221447,-4.005155972,0,-0.518256759,None,132871.0929,11.79713471,312.5,5.744604469,16.73315056,51.57673653
Al-Maharah,2019,April,4/1/19,50,0.006464512,0.006474512,-5.039882041,0.004576768,1.412462347,1.412472347,0.345341607,0.002828341,2.285619733,0.826637206,41,125689,689786061,0.018221447,-4.005155972,0,-0.518256759,None,132871.0929,11.79713471,350,5.857933154,16.73315056,51.57673653
Al-Maharah,2019,May,5/1/19,51,0.01060503,0.01061503,-4.545484358,0.004047156,2.620366221,2.620376221,0.963317903,0.002828341,3.749558487,1.321638096,42,125689,689786061,0.018221447,-4.005155972,0,-0.518256759,None,132871.0929,11.79713471,350,5.857933154,16.73315056,51.57673653
Al-Maharah,2019,June,6/1/19,52,0.006140756,0.006150756,-5.091180278,0.005260057,1.167431382,1.167441382,0.154814501,0.002828341,2.171151216,0.775257541,43,125689,689786061,0.018221447,-4.005155972,1,-0.481330034,Low,132871.0929,11.79713471,350,5.857933154,16.73315056,51.57673653
Al-Maharah,2019,July,7/1/19,53,0.0046274,0.0046374,-5.373601415,0.016843125,0.274735246,0.274745246,-1.291910989,0.002828341,1.636082778,0.492304835,44,125689,689786061,0.018221447,-4.005155972,0,-0.518256759,None,132871.0929,11.79713471,350,5.857933154,16.73315056,51.57673653
Al-Maharah,2019,August,8/1/19,54,0.013050747,0.013060747,-4.338143959,0.019832089,0.658062133,0.658072133,-0.418440729,0.002828341,4.614276355,1.529155053,45,125689,689786061,0.018221447,-4.005155972,1,-0.481330034,Low,132871.0929,11.79713471,368.75,5.910118908,16.73315056,51.57673653
Al-Maharah,2019,September,9/1/19,55,0.006539701,0.006549701,-5.028335879,0.016662475,0.392480761,0.392490761,-0.935242281,0.002828341,2.312203868,0.838201125,46,125689,689786061,0.018221447,-4.005155972,0,-0.518256759,None,132871.0929,11.79713471,425,6.052089169,16.73315056,51.57673653
Al-Maharah,2019,October,10/1/19,56,0.007043716,0.007053716,-4.954200709,0.004145301,1.699204819,1.699214819,0.530166273,0.002828341,2.490405506,0.912445551,47,125689,689786061,0.018221447,-4.005155972,0,-0.518256759,None,132871.0929,11.79713471,425,6.052089169,16.73315056,51.57673653
Al-Maharah,2019,November,11/1/19,57,0.007973189,0.007983189,-4.830417323,0.003957536,2.014685317,2.014695317,0.700467977,0.002828341,2.819033844,1.036394218,48,125689,689786061,0.018221447,-4.005155972,0,-0.518256759,None,132871.0929,11.79713471,425,6.052089169,16.73315056,51.57673653
Al-Maharah,2019,December,12/1/19,58,0.009571382,0.009581382,-4.647933439,0.004038942,2.36977456,2.36978456,0.862799048,0.002828341,3.384097604,1.219087284,49,125689,689786061,0.018221447,-4.005155972,0,-0.518256759,None,132871.0929,11.79713471,425,6.052089169,16.73315056,51.57673653
Al-Maharah,2020,January,1/1/20,59,0.010497736,0.010507736,-4.555643531,0.004431057,2.369126958,2.369136958,0.862525736,0.002828341,3.711623174,1.311469294,50,145008,689786061,0.02102217,-3.862177684,0,-0.518256759,None,136080.8025,11.82100412,375,5.926926026,16.73315056,51.57673653
Al-Maharah,2020,February,2/1/20,60,0.011130588,0.011140588,-4.497160263,0.004147693,2.683561522,2.683571522,0.987148565,0.002828341,3.935376958,1.370006673,51,145008,689786061,0.02102217,-3.862177684,0,-0.518256759,None,136080.8025,11.82100412,375,5.926926026,16.73315056,51.57673653
Al-Maharah,2020,March,3/1/20,61,0.009814979,0.009824979,-4.622827259,0.004555766,2.154407905,2.154417905,0.767520573,0.002828341,3.470224771,1.244219367,52,145008,689786061,0.02102217,-3.862177684,0,-0.518256759,None,136080.8025,11.82100412,362.5,5.893024474,16.73315056,51.57673653
Al-Maharah,2020,April,4/1/20,62,0.010081656,0.010091656,-4.596046335,0.004576768,2.202789552,2.202799552,0.789729075,0.002828341,3.5645122,1.271027214,53,145008,689786061,0.02102217,-3.862177684,0,-0.518256759,None,136080.8025,11.82100412,265,5.579729826,16.73315056,51.57673653
Al-Maharah,2020,May,5/1/20,63,0.012748743,0.012758743,-4.361538517,0.004047156,3.150050072,3.150060072,1.147421523,0.002828341,4.507498565,1.505742358,54,145008,689786061,0.02102217,-3.862177684,0,-0.518256759,None,136080.8025,11.82100412,240,5.480638923,16.73315056,51.57673653
Al-Maharah,2020,June,6/1/20,64,0.007791661,0.007801661,-4.853418619,0.005260057,1.481288227,1.481298227,0.392918884,0.002828341,2.754852049,1.013363738,55,145008,689786061,0.02102217,-3.862177684,0,-0.518256759,None,136080.8025,11.82100412,240,5.480638923,16.73315056,51.57673653
Al-Maharah,2020,July,7/1/20,65,0.00742239,0.00743239,-4.901907803,0.016843125,0.440677733,0.440687733,-0.819418743,0.002828341,2.62429106,0.964810787,56,145008,689786061,0.02102217,-3.862177684,0,-0.518256759,None,136080.8025,11.82100412,300,5.703782475,16.73315056,51.57673653
Al-Maharah,2020,August,8/1/20,66,0.006743686,0.006753686,-4.997666849,0.019832089,0.34003911,0.34004911,-1.078665231,0.002828341,2.384325652,0.868916339,57,145008,689786061,0.02102217,-3.862177684,0,-0.518256759,None,136080.8025,11.82100412,337.5,5.82156551,16.73315056,51.57673653
Al-Maharah,2020,September,9/1/20,67,0.008050541,0.008060541,-4.820774603,0.016662475,0.483153964,0.483163964,-0.727399213,0.002828341,2.846382738,1.046048973,58,145008,689786061,0.02102217,-3.862177684,0,-0.518256759,None,136080.8025,11.82100412,350,5.857933154,16.73315056,51.57673653
Al-Maharah,2020,October,10/1/20,68,0.010326501,0.010336501,-4.572073862,0.004145301,2.491133978,2.491143978,0.912742034,0.002828341,3.651080616,1.295023183,59,145008,689786061,0.02102217,-3.862177684,0,-0.518256759,None,136080.8025,11.82100412,350,5.857933154,16.73315056,51.57673653
Al-Maharah,2020,November,11/1/20,69,0.011382294,0.011392294,-4.474818117,0.003957536,2.876106486,2.876116486,1.056440942,0.002828341,4.024371177,1.392368669,60,145008,689786061,0.02102217,-3.862177684,0,-0.518256759,None,136080.8025,11.82100412,350,5.857933154,16.73315056,51.57673653
Al-Maharah,2020,December,12/1/20,70,0.012121817,0.012131817,-4.411923773,0.004038942,3.00123572,3.00124572,1.099027442,0.002828341,4.285840003,1.455316566,61,145008,689786061,0.02102217,-3.862177684,0,-0.518256759,None,136080.8025,11.82100412,350,5.857933154,16.73315056,51.57673653
Al-Maharah,2021,January,1/1/21,71,0.013235936,0.013245936,-4.324064491,0.004431057,2.987083386,2.987093386,1.094300803,0.002828341,4.679752548,1.543245234,62,113009,689786061,0.016383196,-4.111499104,0,-0.518256759,None,139207.1645,11.84371849,350,5.857933154,16.73315056,51.57673653
Al-Maharah,2021,February,2/1/21,72,0.013765236,0.013775236,-4.284882792,0.004147693,3.318769653,3.318779653,1.199597141,0.002828341,4.866894056,1.582455963,63,113009,689786061,0.016383196,-4.111499104,0,-0.518256759,None,139207.1645,11.84371849,512.5,6.239300711,16.73315056,51.57673653
Al-Maharah,2021,March,3/1/21,73,0.014113321,0.014123321,-4.259927876,0.004555766,3.097902739,3.097912739,1.130728575,0.002828341,4.989964435,1.607428782,64,113009,689786061,0.016383196,-4.111499104,0,-0.518256759,None,139207.1645,11.84371849,525,6.263398263,16.73315056,51.57673653
Al-Maharah,2021,April,4/1/21,74,0.017465971,0.017475971,-4.046928427,0.004576768,3.816224085,3.816234085,1.339264095,0.002828341,6.175341304,1.820564153,65,113009,689786061,0.016383196,-4.111499104,0,-0.518256759,None,139207.1645,11.84371849,500,6.214608098,16.73315056,51.57673653
Al-Maharah,2021,May,5/1/21,75,0.016359338,0.016369338,-4.112345328,0.004047156,4.042181558,4.042191558,1.39678701,0.002828341,5.784075541,1.755108545,66,113009,689786061,0.016383196,-4.111499104,0,-0.518256759,None,139207.1645,11.84371849,500,6.214608098,16.73315056,51.57673653
Al-Maharah,2021,June,6/1/21,76,0.012418749,0.012428749,-4.387743022,0.005260057,2.360953163,2.360963163,0.859069656,0.002828341,4.390824515,1.479517026,67,113009,689786061,0.016383196,-4.111499104,0,-0.518256759,None,139207.1645,11.84371849,545,6.300785795,16.73315056,51.57673653
Al-Maharah,2021,July,7/1/21,77,0.011752835,0.011762835,-4.442810294,0.016843125,0.697782343,0.697792343,-0.359833723,0.002828341,4.155381193,1.424404167,68,113009,689786061,0.016383196,-4.111499104,0,-0.518256759,None,139207.1645,11.84371849,560,6.327936784,16.73315056,51.57673653
Al-Maharah,2021,August,8/1/21,78,0.01914958,0.01915958,-3.954952427,0.019832089,0.965585606,0.965595606,-0.03501016,0.002828341,6.7706051,1.912590463,69,113009,689786061,0.016383196,-4.111499104,0,-0.518256759,None,139207.1645,11.84371849,572.5,6.350012735,16.73315056,51.57673653
Al-Maharah,2021,September,9/1/21,79,0.010710209,0.010720209,-4.535624627,0.016662475,0.642774185,0.642784185,-0.441946249,0.002828341,3.786746011,1.331507078,70,113009,689786061,0.016383196,-4.111499104,0,-0.518256759,None,139207.1645,11.84371849,656,6.486160789,16.73315056,51.57673653
Al-Maharah,2021,October,10/1/21,80,0.014428343,0.014438343,-4.237867903,0.004145301,3.480649979,3.480659979,1.247221925,0.002828341,5.101344923,1.629504215,71,113009,689786061,0.016383196,-4.111499104,0,-0.518256759,None,139207.1645,11.84371849,862.5,6.759835149,16.73315056,51.57673653
Al-Maharah,2021,November,11/1/21,81,0.015975696,0.015985696,-4.136060957,0.003957536,4.03677878,4.03678878,1.395449519,0.002828341,5.648433481,1.731378247,72,113009,689786061,0.016383196,-4.111499104,0,-0.518256759,None,139207.1645,11.84371849,1280,7.154615357,16.73315056,51.57673653
Al-Maharah,2021,December,12/1/21,82,0.016498759,0.016508759,-4.10386419,0.004038942,4.084921002,4.084931002,1.407304838,0.002828341,5.833369809,1.763594845,73,113009,689786061,0.016383196,-4.111499104,0,-0.518256759,None,139207.1645,11.84371849,1113,7.014814351,16.73315056,51.57673653
Al-Maharah,2022,January,1/1/22,83,0.016261088,0.016271088,-4.118365488,0.004431057,3.669799083,3.669809083,1.30013964,0.002828341,5.749337863,1.749084694,74,142352,689786061,0.020637123,-3.880663738,0,-0.518256759,None,142333.5265,11.86592836,760,6.633318433,16.73315056,51.57673653
Al-Maharah,2022,February,2/1/22,84,0.017415755,0.017425755,-4.049805995,0.004147693,4.198902161,4.198912161,1.434825482,0.002828341,6.157586727,1.817684936,75,142352,689786061,0.020637123,-3.880663738,0,-0.518256759,None,142333.5265,11.86592836,957.5,6.864325721,16.73315056,51.57673653
Al-Maharah,2022,March,3/1/22,85,0.018913203,0.018923203,-3.967366438,0.004555766,4.151486625,4.151496625,1.423468902,0.002828341,6.687030666,1.900169929,76,142352,689786061,0.020637123,-3.880663738,0,-0.518256759,None,142333.5265,11.86592836,1200,7.090076836,16.73315056,51.57673653
Al-Mahwit,2015,March,3/1/15,1,0.026399717,0.026409717,-3.634023268,0.07911594,0.33368392,0.33369392,-1.097531113,NA,NA,NA,NA,1092993,24286142,4.50048015,1.504184091,0,-0.518256759,None,668412.1758,13.41266029,NA,NA,15.374303,43.54228368
Al-Mahwit,2015,April,4/1/15,2,0.018169738,0.018179738,-4.007447602,0.074534046,0.243777697,0.243787697,-1.411457527,NA,NA,NA,NA,1092993,24286142,4.50048015,1.504184091,0,-0.518256759,None,668412.1758,13.41266029,NA,NA,15.374303,43.54228368
Al-Mahwit,2015,May,5/1/15,3,0.001826079,0.001836079,-6.300122959,0.041341655,0.044170438,0.044180438,-3.119473167,NA,NA,NA,NA,1092993,24286142,4.50048015,1.504184091,0,-0.518256759,None,668412.1758,13.41266029,NA,NA,15.374303,43.54228368
Al-Mahwit,2015,June,6/1/15,4,0.001059473,0.001069473,-6.840589275,0.024550346,0.043155114,0.043165114,-3.142722656,NA,NA,NA,NA,1092993,24286142,4.50048015,1.504184091,7,-0.259769684,Medium,668412.1758,13.41266029,NA,NA,15.374303,43.54228368
Al-Mahwit,2015,July,7/1/15,5,0.005204127,0.005214127,-5.256383606,0.09108625,0.057134057,0.057144057,-2.862179884,NA,NA,NA,NA,1092993,24286142,4.50048015,1.504184091,2,-0.444403309,Low,668412.1758,13.41266029,NA,NA,15.374303,43.54228368
Al-Mahwit,2015,August,8/1/15,6,0.000962567,0.000972567,-6.93557159,0.053711832,0.017920949,0.017930949,-4.021227065,NA,NA,NA,NA,1092993,24286142,4.50048015,1.504184091,0,-0.518256759,None,668412.1758,13.41266029,NA,NA,15.374303,43.54228368
Al-Mahwit,2015,September,9/1/15,7,0.005599858,0.005609858,-5.183229872,0.046517658,0.12038134,0.12039134,-2.117007676,NA,NA,NA,NA,1092993,24286142,4.50048015,1.504184091,5,-0.333623134,Medium,668412.1758,13.41266029,NA,NA,15.374303,43.54228368
Al-Mahwit,2015,October,10/1/15,8,0.001869242,0.001879242,-6.276886775,0.073396999,0.025467554,0.025477554,-3.66995745,NA,NA,NA,NA,1092993,24286142,4.50048015,1.504184091,4,-0.370549859,Low,668412.1758,13.41266029,NA,NA,15.374303,43.54228368
Al-Mahwit,2015,November,11/1/15,9,0.001931254,0.001941254,-6.244421123,0.075212437,0.025677323,0.025687323,-3.661757677,NA,NA,NA,NA,1092993,24286142,4.50048015,1.504184091,0,-0.518256759,None,668412.1758,13.41266029,NA,NA,15.374303,43.54228368
Al-Mahwit,2015,December,12/1/15,10,0.000761871,0.000771871,-7.16669312,0.075156509,0.010137126,0.010147126,-4.590564766,NA,NA,NA,NA,1092993,24286142,4.50048015,1.504184091,0,-0.518256759,None,668412.1758,13.41266029,NA,NA,15.374303,43.54228368
Al-Mahwit,2016,January,1/1/16,11,8.86E-05,9.86E-05,-9.224439296,0.072738827,0.001218056,0.001228056,-6.702322848,NA,NA,NA,NA,391654,24286142,1.612664539,0.477887804,4,-0.370549859,Low,685096.2974,13.43731469,NA,NA,15.374303,43.54228368
Al-Mahwit,2016,February,2/1/16,12,0.000611269,0.000621269,-7.383746398,0.066559621,0.009183781,0.009193781,-4.689228002,NA,NA,NA,NA,391654,24286142,1.612664539,0.477887804,2,-0.444403309,Low,685096.2974,13.43731469,NA,NA,15.374303,43.54228368
Al-Mahwit,2016,March,3/1/16,13,0.002356485,0.002366485,-6.046349547,0.07911594,0.029785211,0.029795211,-3.513407603,0.000349935,6.734064898,1.907178958,1,391654,24286142,1.612664539,0.477887804,0,-0.518256759,None,685096.2974,13.43731469,NA,NA,15.374303,43.54228368
Al-Mahwit,2016,April,4/1/16,14,0.001800196,0.001810196,-6.314320152,0.074534046,0.024152667,0.024162667,-3.722946523,0.000349935,5.144372526,1.637903404,2,391654,24286142,1.612664539,0.477887804,0,-0.518256759,None,685096.2974,13.43731469,NA,NA,15.374303,43.54228368
Al-Mahwit,2016,May,5/1/16,15,0.005954917,0.005964917,-5.121860138,0.041341655,0.144041574,0.144051574,-1.937583891,0.000349935,17.01720891,2.834225121,3,391654,24286142,1.612664539,0.477887804,0,-0.518256759,None,685096.2974,13.43731469,NA,NA,15.374303,43.54228368
Al-Mahwit,2016,June,6/1/16,16,0.026481301,0.026491301,-3.630938864,0.024550346,1.078652848,1.078662848,0.07572217,0.000349935,75.67491391,4.326446717,4,391654,24286142,1.612664539,0.477887804,0,-0.518256759,None,685096.2974,13.43731469,182.5,5.206750173,15.374303,43.54228368
Al-Mahwit,2016,July,7/1/16,17,0.012218938,0.012228938,-4.403950169,0.09108625,0.134146899,0.134156899,-2.008745276,0.000349935,34.91773615,3.552994899,5,391654,24286142,1.612664539,0.477887804,0,-0.518256759,None,685096.2974,13.43731469,254,5.537334267,15.374303,43.54228368
Al-Mahwit,2016,August,8/1/16,18,0.001271789,0.001281789,-6.659498521,0.053711832,0.023678005,0.023688005,-3.742786477,0.000349935,3.634357809,1.290432427,6,391654,24286142,1.612664539,0.477887804,8,-0.222842959,Medium,685096.2974,13.43731469,250,5.521460918,15.374303,43.54228368
Al-Mahwit,2016,September,9/1/16,19,0.00325124,0.00326124,-5.725647788,0.046517658,0.069892599,0.069902599,-2.660652449,0.000349935,9.290982611,2.229044318,7,391654,24286142,1.612664539,0.477887804,9,-0.185916234,Medium,685096.2974,13.43731469,233,5.451038454,15.374303,43.54228368
Al-Mahwit,2016,October,10/1/16,20,0.00471297,0.00472297,-5.35531744,0.073396999,0.064212026,0.064222026,-2.745409043,0.000349935,13.4681298,2.600326139,8,391654,24286142,1.612664539,0.477887804,5,-0.333623134,Medium,685096.2974,13.43731469,184,5.214935758,15.374303,43.54228368
Al-Mahwit,2016,November,11/1/16,21,0.001833806,0.001843806,-6.295923365,0.075212437,0.024381686,0.024391686,-3.713512942,0.000349935,5.240418935,1.656401445,9,391654,24286142,1.612664539,0.477887804,1,-0.481330034,Low,685096.2974,13.43731469,188,5.236441963,15.374303,43.54228368
Al-Mahwit,2016,December,12/1/16,22,0.001125089,0.001135089,-6.781044217,0.075156509,0.014969948,0.014979948,-4.201042772,0.000349935,3.215137097,1.16787,10,391654,24286142,1.612664539,0.477887804,0,-0.518256759,None,685096.2974,13.43731469,195,5.272999559,15.374303,43.54228368
Al-Mahwit,2017,January,1/1/17,23,0.000850461,0.000860461,-7.058042266,0.072738827,0.011691981,0.011701981,-4.447997135,0.000349935,2.43033992,0.888031132,11,206335,24286142,0.849599743,-0.162989931,2,-0.444403309,Low,701671.7167,13.46122093,235,5.459585514,15.374303,43.54228368
Al-Mahwit,2017,February,2/1/17,24,0.004402906,0.004412906,-5.42322185,0.066559621,0.066149806,0.066159806,-2.715682161,0.000349935,12.5820681,2.532272634,12,206335,24286142,0.849599743,-0.162989931,3,-0.407476584,Low,701671.7167,13.46122093,250,5.521460918,15.374303,43.54228368
Al-Mahwit,2017,March,3/1/17,25,0.001771793,0.001781793,-6.330135118,0.07911594,0.022394893,0.022404893,-3.798475906,0.000349935,5.063206024,1.621999884,13,206335,24286142,0.849599743,-0.162989931,2,-0.444403309,Low,701671.7167,13.46122093,225,5.416100402,15.374303,43.54228368
Al-Mahwit,2017,April,4/1/17,26,0.005716565,0.005726565,-5.162639404,0.074534046,0.076697366,0.076707366,-2.567757539,0.000349935,16.3360767,2.793375957,14,206335,24286142,0.849599743,-0.162989931,0,-0.518256759,None,701671.7167,13.46122093,250,5.521460918,15.374303,43.54228368
Al-Mahwit,2017,May,5/1/17,27,0.025831043,0.025841043,-3.655791237,0.041341655,0.624818799,0.624828799,-0.470277588,0.000349935,73.81668881,4.301584842,15,206335,24286142,0.849599743,-0.162989931,0,-0.518256759,None,701671.7167,13.46122093,275,5.616771098,15.374303,43.54228368
Al-Mahwit,2017,June,6/1/17,28,0.012384752,0.012394752,-4.390482122,0.024550346,0.504463433,0.504473433,-0.684240101,0.000349935,35.39157844,3.566473895,16,206335,24286142,0.849599743,-0.162989931,0,-0.518256759,None,701671.7167,13.46122093,244,5.497168225,15.374303,43.54228368
Al-Mahwit,2017,July,7/1/17,29,0.046589689,0.046599689,-3.066161412,0.09108625,0.511489811,0.511499811,-0.670408063,0.000349935,133.1381228,4.891387107,17,206335,24286142,0.849599743,-0.162989931,0,-0.518256759,None,701671.7167,13.46122093,210,5.347107531,15.374303,43.54228368
Al-Mahwit,2017,August,8/1/17,30,0.009879323,0.009889323,-4.616299589,0.053711832,0.183931969,0.183941969,-1.693134957,0.000349935,28.23188021,3.340451843,18,206335,24286142,0.849599743,-0.162989931,0,-0.518256759,None,701671.7167,13.46122093,220,5.393627546,15.374303,43.54228368
Al-Mahwit,2017,September,9/1/17,31,0.004013467,0.004023467,-5.51561131,0.046517658,0.086278355,0.086288355,-2.450060626,0.000349935,11.46917856,2.439663312,19,206335,24286142,0.849599743,-0.162989931,0,-0.518256759,None,701671.7167,13.46122093,225,5.416100402,15.374303,43.54228368
Al-Mahwit,2017,October,10/1/17,32,0.010054926,0.010064926,-4.598698572,0.073396999,0.136993694,0.137003694,-1.98774739,0.000349935,28.73369626,3.35807052,20,206335,24286142,0.849599743,-0.162989931,0,-0.518256759,None,701671.7167,13.46122093,225,5.416100402,15.374303,43.54228368
Al-Mahwit,2017,November,11/1/17,33,0.003747342,0.003757342,-5.584043486,0.075212437,0.049823436,0.049833436,-2.999069115,0.000349935,10.70868018,2.371054644,21,206335,24286142,0.849599743,-0.162989931,0,-0.518256759,None,701671.7167,13.46122093,396.25,5.982045325,15.374303,43.54228368
Al-Mahwit,2017,December,12/1/17,34,0.002294472,0.002304472,-6.072903696,0.075156509,0.030529252,0.030539252,-3.488742472,0.000349935,6.556851987,1.880510608,22,206335,24286142,0.849599743,-0.162989931,4,-0.370549859,Low,701671.7167,13.46122093,407.5,6.010040933,15.374303,43.54228368
Al-Mahwit,2018,January,1/1/18,35,0.001390858,0.001400858,-6.570670373,0.072738827,0.01912126,0.01913126,-3.956431633,0.000349935,3.974618143,1.379928679,23,271404,24286142,1.117526201,0.111117493,0,-0.518256759,None,718168.4786,13.48445947,365,5.899897354,15.374303,43.54228368
Al-Mahwit,2018,February,2/1/18,36,0.003118356,0.003128356,-5.767247652,0.066559621,0.046850567,0.046860567,-3.060578746,0.000349935,8.911243517,2.187313796,24,271404,24286142,1.117526201,0.111117493,0,-0.518256759,None,718168.4786,13.48445947,400,5.991464547,15.374303,43.54228368
Al-Mahwit,2018,March,3/1/18,37,0.003376462,0.003386462,-5.68796956,0.07911594,0.042677392,0.042687392,-3.153851672,0.000349935,9.648826211,2.266836272,25,271404,24286142,1.117526201,0.111117493,3,-0.407476584,Low,718168.4786,13.48445947,357.5,5.879135362,15.374303,43.54228368
Al-Mahwit,2018,April,4/1/18,38,0.005060585,0.005070585,-5.284299083,0.074534046,0.067896288,0.067906288,-2.689626642,0.000349935,14.46149999,2.671489945,26,271404,24286142,1.117526201,0.111117493,0,-0.518256759,None,718168.4786,13.48445947,345,5.843544417,15.374303,43.54228368
Al-Mahwit,2018,May,5/1/18,39,0.011343681,0.011353681,-4.47821327,0.041341655,0.274388655,0.274398655,-1.293173285,0.000349935,32.41653736,3.478668705,27,271404,24286142,1.117526201,0.111117493,0,-0.518256759,None,718168.4786,13.48445947,362.5,5.893024474,15.374303,43.54228368
Al-Mahwit,2018,June,6/1/18,40,0.009353349,0.009363349,-4.670952253,0.024550346,0.380986438,0.380996438,-0.964965253,0.000349935,26.72881821,3.285742317,28,271404,24286142,1.117526201,0.111117493,0,-0.518256759,None,718168.4786,13.48445947,370,5.913503006,15.374303,43.54228368
Al-Mahwit,2018,July,7/1/18,41,0.001614639,0.001624639,-6.422469642,0.09108625,0.017726484,0.017736484,-4.032131518,0.000349935,4.614111192,1.529119258,29,271404,24286142,1.117526201,0.111117493,1,-0.481330034,Low,718168.4786,13.48445947,385,5.953243334,15.374303,43.54228368
Al-Mahwit,2018,August,8/1/18,42,0.057191172,0.057201172,-2.861180891,0.053711832,1.064777906,1.064787906,0.06277563,0.000349935,163.4337005,5.096407407,30,271404,24286142,1.117526201,0.111117493,0,-0.518256759,None,718168.4786,13.48445947,408.75,6.013103722,15.374303,43.54228368
Al-Mahwit,2018,September,9/1/18,43,0.003100638,0.003110638,-5.772927429,0.046517658,0.066655075,0.066665075,-2.708074076,0.000349935,8.860611256,2.181615753,31,271404,24286142,1.117526201,0.111117493,0,-0.518256759,None,718168.4786,13.48445947,656.25,6.486541814,15.374303,43.54228368
Al-Mahwit,2018,October,10/1/18,44,0.005014174,0.005024174,-5.293494217,0.073396999,0.06831579,0.06832579,-2.683467985,0.000349935,14.3288725,2.662276558,32,271404,24286142,1.117526201,0.111117493,2,-0.444403309,Low,718168.4786,13.48445947,725,6.586171655,15.374303,43.54228368
Al-Mahwit,2018,November,11/1/18,45,0.002542523,0.002552523,-5.970672997,0.075212437,0.033804556,0.033814556,-3.386863918,0.000349935,7.265700773,1.983164751,33,271404,24286142,1.117526201,0.111117493,1,-0.481330034,Low,718168.4786,13.48445947,640,6.461468176,15.374303,43.54228368
Al-Mahwit,2018,December,12/1/18,46,0.000540397,0.000550397,-7.504870722,0.075156509,0.007190289,0.007200289,-4.933634115,0.000349935,1.544278223,0.434556632,34,271404,24286142,1.117526201,0.111117493,4,-0.370549859,Low,718168.4786,13.48445947,461.25,6.133940195,15.374303,43.54228368
Al-Mahwit,2019,January,1/1/19,47,0.000372077,0.000382077,-7.869888399,0.072738827,0.005115246,0.005125246,-5.273576755,0.000349935,1.063274608,0.061353399,35,1683585,24286142,6.932286734,1.936189735,1,-0.481330034,Low,734637.7755,13.50713283,427.5,6.057954288,15.374303,43.54228368
Al-Mahwit,2019,February,2/1/19,48,0.001222537,0.001232537,-6.698680632,0.066559621,0.018367547,0.018377547,-3.996625631,0.000349935,3.493611671,1.250936064,36,1683585,24286142,6.932286734,1.936189735,0,-0.518256759,None,734637.7755,13.50713283,395,5.978885765,15.374303,43.54228368
Al-Mahwit,2019,March,3/1/19,49,0.000566974,0.000576974,-7.457713353,0.07911594,0.007166369,0.007176369,-4.936961734,0.000349935,1.620226614,0.482566025,37,1683585,24286142,6.932286734,1.936189735,0,-0.518256759,None,734637.7755,13.50713283,417.5,6.034284544,15.374303,43.54228368
Al-Mahwit,2019,April,4/1/19,50,0.002834869,0.002844869,-5.862238258,0.074534046,0.038034552,0.038044552,-3.268997385,0.000349935,8.10113021,2.092003584,38,1683585,24286142,6.932286734,1.936189735,2,-0.444403309,Low,734637.7755,13.50713283,427.5,6.057954288,15.374303,43.54228368
Al-Mahwit,2019,May,5/1/19,51,0.027020496,0.027030496,-3.610789569,0.041341655,0.653590095,0.653600095,-0.42525959,0.000349935,77.21575721,4.346603545,39,1683585,24286142,6.932286734,1.936189735,0,-0.518256759,None,734637.7755,13.50713283,427.5,6.057954288,15.374303,43.54228368
Al-Mahwit,2019,June,6/1/19,52,0.008310446,0.008320446,-4.78903942,0.024550346,0.338506263,0.338516263,-1.083183143,0.000349935,23.74854187,3.167521134,40,1683585,24286142,6.932286734,1.936189735,0,-0.518256759,None,734637.7755,13.50713283,430,6.063785209,15.374303,43.54228368
Al-Mahwit,2019,July,7/1/19,53,0.010254817,0.010264817,-4.579033056,0.09108625,0.112583589,0.112593589,-2.183970501,0.000349935,29.30491949,3.377755403,41,1683585,24286142,6.932286734,1.936189735,0,-0.518256759,None,734637.7755,13.50713283,430,6.063785209,15.374303,43.54228368
Al-Mahwit,2019,August,8/1/19,54,0.001089653,0.001099653,-6.812760603,0.053711832,0.02028702,0.02029702,-3.897281202,0.000349935,3.113872576,1.135867153,42,1683585,24286142,6.932286734,1.936189735,0,-0.518256759,None,734637.7755,13.50713283,430,6.063785209,15.374303,43.54228368
Al-Mahwit,2019,September,9/1/19,55,0.002108434,0.002118434,-6.157078143,0.046517658,0.045325455,0.045335455,-3.093665882,0.000349935,6.025216112,1.795953348,43,1683585,24286142,6.932286734,1.936189735,0,-0.518256759,None,734637.7755,13.50713283,430,6.063785209,15.374303,43.54228368
Al-Mahwit,2019,October,10/1/19,56,0.002648831,0.002658831,-5.929868726,0.073396999,0.036089091,0.036099091,-3.321487594,0.000349935,7.569494335,2.024126267,44,1683585,24286142,6.932286734,1.936189735,0,-0.518256759,None,734637.7755,13.50713283,572.5,6.350012735,15.374303,43.54228368
Al-Mahwit,2019,November,11/1/19,57,0.003587881,0.003597881,-5.627410218,0.075212437,0.047703294,0.047713294,-3.04254522,0.000349935,10.2529927,2.327569634,45,1683585,24286142,6.932286734,1.936189735,0,-0.518256759,None,734637.7755,13.50713283,430,6.063785209,15.374303,43.54228368
Al-Mahwit,2019,December,12/1/19,58,0.000726435,0.000736435,-7.213689581,0.075156509,0.00966563,0.00967563,-4.638144926,0.000349935,2.075914098,0.730401586,46,1683585,24286142,6.932286734,1.936189735,0,-0.518256759,None,734637.7755,13.50713283,430,6.063785209,15.374303,43.54228368
Al-Mahwit,2020,January,1/1/20,59,0.000868179,0.000878179,-7.037660113,0.072738827,0.011935565,0.011945565,-4.427395199,0.000349935,2.480972181,0.908650492,47,484310,24286142,1.994182526,0.690234205,0,-0.518256759,None,751114.938,13.52931397,430,6.063785209,15.374303,43.54228368
Al-Mahwit,2020,February,2/1/20,60,0.000797307,0.000807307,-7.121806541,0.066559621,0.011978839,0.011988839,-4.423779145,0.000349935,2.278443139,0.823492376,48,484310,24286142,1.994182526,0.690234205,0,-0.518256759,None,751114.938,13.52931397,430,6.063785209,15.374303,43.54228368
Al-Mahwit,2020,March,3/1/20,61,0.000868179,0.000878179,-7.037660113,0.07911594,0.010973503,0.010983503,-4.511360859,0.000349935,2.480972181,0.908650492,49,484310,24286142,1.994182526,0.690234205,0,-0.518256759,None,751114.938,13.52931397,430,6.063785209,15.374303,43.54228368
Al-Mahwit,2020,April,4/1/20,62,0.001754075,0.001764075,-6.340128805,0.074534046,0.023533876,0.023543876,-3.748889535,0.000349935,5.012573764,1.611949509,50,484310,24286142,1.994182526,0.690234205,0,-0.518256759,None,751114.938,13.52931397,345,5.843544417,15.374303,43.54228368
Al-Mahwit,2020,May,5/1/20,63,0.005341956,0.005351956,-5.230293177,0.041341655,0.129214857,0.129224857,-2.046201314,0.000349935,15.26556646,2.725599734,51,484310,24286142,1.994182526,0.690234205,0,-0.518256759,None,751114.938,13.52931397,345,5.843544417,15.374303,43.54228368
Al-Mahwit,2020,June,6/1/20,64,0.001807389,0.001817389,-6.310354423,0.024550346,0.073619695,0.073629695,-2.60870687,0.000349935,5.164927772,1.641891118,52,484310,24286142,1.994182526,0.690234205,0,-0.518256759,None,751114.938,13.52931397,345,5.843544417,15.374303,43.54228368
Al-Mahwit,2020,July,7/1/20,65,0.014869855,0.014879855,-4.207746994,0.09108625,0.16325027,0.16326027,-1.812409603,0.000349935,42.49319159,3.749343865,53,484310,24286142,1.994182526,0.690234205,0,-0.518256759,None,751114.938,13.52931397,345,5.843544417,15.374303,43.54228368
Al-Mahwit,2020,August,8/1/20,66,0.00259867,0.00260867,-5.948914766,0.053711832,0.048381705,0.048391705,-3.028426864,0.000349935,7.426150571,2.005007632,54,484310,24286142,1.994182526,0.690234205,0,-0.518256759,None,751114.938,13.52931397,408.75,6.013103722,15.374303,43.54228368
Al-Mahwit,2020,September,9/1/20,67,0.001417434,0.001427434,-6.551876852,0.046517658,0.030470881,0.030480881,-3.490655644,0.000349935,4.050563676,1.398856051,55,484310,24286142,1.994182526,0.690234205,0,-0.518256759,None,751114.938,13.52931397,436.25,6.078215474,15.374303,43.54228368
Al-Mahwit,2020,October,10/1/20,68,0.003933381,0.003943381,-5.535716802,0.073396999,0.053590488,0.053600488,-2.926197106,0.000349935,11.24031892,2.419507218,56,484310,24286142,1.994182526,0.690234205,0,-0.518256759,None,751114.938,13.52931397,397,5.983936281,15.374303,43.54228368
Al-Mahwit,2020,November,11/1/20,69,0.003322112,0.003332112,-5.704148942,0.075212437,0.044169716,0.044179716,-3.119489509,0.000349935,9.493511652,2.250608581,57,484310,24286142,1.994182526,0.690234205,0,-0.518256759,None,751114.938,13.52931397,358.75,5.882625767,15.374303,43.54228368
Al-Mahwit,2020,December,12/1/20,70,0.00188696,0.00189696,-6.267502674,0.075156509,0.025107074,0.025117074,-3.684207425,0.000349935,5.392315716,1.684974925,58,484310,24286142,1.994182526,0.690234205,0,-0.518256759,None,751114.938,13.52931397,383.75,5.949991299,15.374303,43.54228368
Al-Mahwit,2021,January,1/1/21,71,0.000983345,0.000993345,-6.914432522,0.072738827,0.013518846,0.013528846,-4.302931132,0.000349935,2.810079015,1.033212602,59,729717,24286142,3.004664141,1.100165795,0,-0.518256759,None,767615.272,13.55104394,573.75,6.352193761,15.374303,43.54228368
Al-Mahwit,2021,February,2/1/21,72,0.001302268,0.001312268,-6.635998341,0.066559621,0.019565436,0.019575436,-3.933479764,0.000349935,3.721456842,1.314115216,60,729717,24286142,3.004664141,1.100165795,0,-0.518256759,None,767615.272,13.55104394,700,6.551080335,15.374303,43.54228368
Al-Mahwit,2021,March,3/1/21,73,0.002197023,0.002207023,-6.11611073,0.07911594,0.027769663,0.027779663,-3.583451073,0.000349935,6.278374555,1.837111118,61,729717,24286142,3.004664141,1.100165795,0,-0.518256759,None,767615.272,13.55104394,600,6.396929655,15.374303,43.54228368
Al-Mahwit,2021,April,4/1/21,74,0.00984231,0.00985231,-4.620049334,0.074534046,0.132051198,0.132061198,-2.024489843,0.000349935,28.12610913,3.336698295,62,729717,24286142,3.004664141,1.100165795,0,-0.518256759,None,767615.272,13.55104394,662.5,6.496020558,15.374303,43.54228368
Al-Mahwit,2021,May,5/1/21,75,0.00539511,0.00540511,-5.220410477,0.041341655,0.130500582,0.130510582,-2.036300967,0.000349935,15.41746324,2.735500844,63,729717,24286142,3.004664141,1.100165795,0,-0.518256759,None,767615.272,13.55104394,640,6.461468176,15.374303,43.54228368
Al-Mahwit,2021,June,6/1/21,76,0.004048547,0.004058547,-5.506930251,0.024550346,0.164907938,0.164917938,-1.802307274,0.000349935,11.56942575,2.448365907,64,729717,24286142,3.004664141,1.100165795,0,-0.518256759,None,767615.272,13.55104394,593.75,6.386458355,15.374303,43.54228368
Al-Mahwit,2021,July,7/1/21,77,0.007671864,0.007681864,-4.868893053,0.09108625,0.084226368,0.084236368,-2.474128527,0.000349935,21.92368297,3.087567467,65,729717,24286142,3.004664141,1.100165795,0,-0.518256759,None,767615.272,13.55104394,585,6.371611847,15.374303,43.54228368
Al-Mahwit,2021,August,8/1/21,78,0.00262551,0.00263551,-5.938678567,0.053711832,0.048881408,0.048891408,-3.018153603,0.000349935,7.502850529,2.015283019,66,729717,24286142,3.004664141,1.100165795,0,-0.518256759,None,767615.272,13.55104394,612.5,6.417548942,15.374303,43.54228368
Al-Mahwit,2021,September,9/1/21,79,0.004243444,0.004253444,-5.460026271,0.046517658,0.091222219,0.091232219,-2.394347166,0.000349935,12.12637776,2.49538306,67,729717,24286142,3.004664141,1.100165795,0,-0.518256759,None,767615.272,13.55104394,600,6.396929655,15.374303,43.54228368
Al-Mahwit,2021,October,10/1/21,80,0.010418143,0.010428143,-4.56324707,0.073396999,0.141942357,0.141952357,-1.952263792,0.000349935,29.77165188,3.393556662,68,729717,24286142,3.004664141,1.100165795,0,-0.518256759,None,767615.272,13.55104394,600,6.396929655,15.374303,43.54228368
Al-Mahwit,2021,November,11/1/21,81,0.007264352,0.007274352,-4.923400542,0.075212437,0.096584452,0.096594452,-2.337233972,0.000349935,20.7591467,3.032986954,69,729717,24286142,3.004664141,1.100165795,0,-0.518256759,None,767615.272,13.55104394,613,6.418364936,15.374303,43.54228368
Al-Mahwit,2021,December,12/1/21,82,0.004526931,0.004536931,-5.395504487,0.075156509,0.060233386,0.060243386,-2.809362489,0.000349935,12.93649106,2.560052082,70,729717,24286142,3.004664141,1.100165795,1,-0.481330034,Low,767615.272,13.55104394,560,6.327936784,15.374303,43.54228368
Al-Mahwit,2022,January,1/1/22,83,0.002710843,0.002720843,-5.90681352,0.072738827,0.037268171,0.037278171,-3.289347352,0.000349935,7.746704388,2.047267513,71,1344943,24286142,5.537903056,1.711615919,0,-0.518256759,None,784115.606,13.57231175,1250,7.13089883,15.374303,43.54228368
Al-Mahwit,2022,February,2/1/22,84,0.002613395,0.002623395,-5.943285999,0.066559621,0.039263971,0.039273971,-3.237193295,0.000349935,7.468229814,2.010657998,72,1344943,24286142,5.537903056,1.711615919,0,-0.518256759,None,784115.606,13.57231175,1250,7.13089883,15.374303,43.54228368
Al-Mahwit,2022,March,3/1/22,85,0.006830262,0.006840262,-4.984929244,0.07911594,0.086332312,0.086342312,-2.449435511,0.000349935,19.51865918,2.971370889,73,1344943,24286142,5.537903056,1.711615919,0,-0.518256759,None,784115.606,13.57231175,1379,7.229113878,15.374303,43.54228368
Amran,2015,March,3/1/15,1,0.04708239,0.04709239,-3.055643862,0.110412653,0.42642205,0.42643205,-0.852302245,NA,NA,NA,NA,316195,82759585,0.382064506,-0.962165821,1,-0.481330034,Low,1188219.328,13.98796638,210,5.347107531,16.17323358,43.90771299
Amran,2015,April,4/1/15,2,0.01050962,0.01051962,-4.554513194,0.080328908,0.130832352,0.130842352,-2.0337621,NA,NA,NA,NA,316195,82759585,0.382064506,-0.962165821,21,0.257204466,High,1188219.328,13.98796638,460,6.131226489,16.17323358,43.90771299
Amran,2015,May,5/1/15,3,0.002262549,0.002272549,-6.08685317,0.063940904,0.035385002,0.035395002,-3.341184655,NA,NA,NA,NA,316195,82759585,0.382064506,-0.962165821,19,0.183351016,High,1188219.328,13.98796638,1200,7.090076836,16.17323358,43.90771299
Amran,2015,June,6/1/15,4,0.003946027,0.003956027,-5.53251504,0.049736093,0.079339303,0.079349303,-2.533895616,NA,NA,NA,NA,316195,82759585,0.382064506,-0.962165821,21,0.257204466,High,1188219.328,13.98796638,1100,7.003065459,16.17323358,43.90771299
Amran,2015,July,7/1/15,5,0.008806662,0.008816662,-4.731111939,0.053538153,0.164493198,0.164503198,-1.804825268,NA,NA,NA,NA,316195,82759585,0.382064506,-0.962165821,30,0.589544991,High,1188219.328,13.98796638,656.25,6.486541814,16.17323358,43.90771299
Amran,2015,August,8/1/15,6,0.001632291,0.001642291,-6.411663061,0.068931574,0.023679874,0.023689874,-3.74270758,NA,NA,NA,NA,316195,82759585,0.382064506,-0.962165821,10,-0.148989509,Medium,1188219.328,13.98796638,330,5.799092654,16.17323358,43.90771299
Amran,2015,September,9/1/15,7,0.00451118,0.00452118,-5.398982257,0.087512891,0.051548748,0.051558748,-2.965033384,NA,NA,NA,NA,316195,82759585,0.382064506,-0.962165821,6,-0.296696409,Medium,1188219.328,13.98796638,365,5.899897354,16.17323358,43.90771299
Amran,2015,October,10/1/15,8,0.003334027,0.003344027,-5.70057951,0.10317477,0.032314363,0.032324363,-3.431934061,NA,NA,NA,NA,316195,82759585,0.382064506,-0.962165821,5,-0.333623134,Medium,1188219.328,13.98796638,525,6.263398263,16.17323358,43.90771299
Amran,2015,November,11/1/15,9,0.001471812,0.001481812,-6.514489616,0.11844083,0.012426559,0.012436559,-4.387114838,NA,NA,NA,NA,316195,82759585,0.382064506,-0.962165821,4,-0.370549859,Low,1188219.328,13.98796638,550,6.309918278,16.17323358,43.90771299
Amran,2015,December,12/1/15,10,0.001864275,0.001874275,-6.279533361,0.121906879,0.015292615,0.015302615,-4.17973155,NA,NA,NA,NA,316195,82759585,0.382064506,-0.962165821,9,-0.185916234,Medium,1188219.328,13.98796638,300,5.703782475,16.17323358,43.90771299
Amran,2016,January,1/1/16,11,0.001092044,0.001102044,-6.810588642,0.105757941,0.010325882,0.010335882,-4.572133748,NA,NA,NA,NA,203187,82759585,0.245514764,-1.404398195,20,0.220277741,High,1218048.072,14.01276019,210,5.347107531,16.17323358,43.90771299
Amran,2016,February,2/1/16,12,0.001518461,0.001528461,-6.483493932,0.097153603,0.015629487,0.015639487,-4.157956345,NA,NA,NA,NA,203187,82759585,0.245514764,-1.404398195,19,0.183351016,High,1218048.072,14.01276019,184,5.214935758,16.17323358,43.90771299
Amran,2016,March,3/1/16,13,0.002581903,0.002591903,-5.955362924,0.110412653,0.023384122,0.023394122,-3.755270485,0.001305253,1.978086241,0.682129832,1,203187,82759585,0.245514764,-1.404398195,4,-0.370549859,Low,1218048.072,14.01276019,184,5.214935758,16.17323358,43.90771299
Amran,2016,April,4/1/16,14,0.001530825,0.001540825,-6.475437292,0.080328908,0.019056963,0.019066963,-3.959798127,0.001305253,1.172818603,0.159409914,2,203187,82759585,0.245514764,-1.404398195,1,-0.481330034,Low,1218048.072,14.01276019,199,5.293304825,16.17323358,43.90771299
Amran,2016,May,5/1/16,15,0.003810419,0.003820419,-5.567395177,0.063940904,0.059592824,0.059602824,-2.820052323,0.001305253,2.91929534,1.071342265,3,203187,82759585,0.245514764,-1.404398195,14,-0.001282609,High,1218048.072,14.01276019,276,5.620400866,16.17323358,43.90771299
Amran,2016,June,6/1/16,16,0.028068114,0.028078114,-3.572764867,0.049736093,0.564340947,0.564350947,-0.572078975,0.001305253,21.50396437,3.068237307,4,203187,82759585,0.245514764,-1.404398195,5,-0.333623134,Medium,1218048.072,14.01276019,304,5.717027701,16.17323358,43.90771299
Amran,2016,July,7/1/16,17,0.003428437,0.003438437,-5.672738271,0.053538153,0.064037267,0.064047267,-2.748133921,0.001305253,2.626645562,0.96570758,5,203187,82759585,0.245514764,-1.404398195,6,-0.296696409,Medium,1218048.072,14.01276019,248,5.513428746,16.17323358,43.90771299
Amran,2016,August,8/1/16,18,0.002471419,0.002481419,-5.998924705,0.068931574,0.035853222,0.035863222,-3.328042965,0.001305253,1.893440582,0.638395588,6,203187,82759585,0.245514764,-1.404398195,32,0.663398441,High,1218048.072,14.01276019,195,5.272999559,16.17323358,43.90771299
Amran,2016,September,9/1/16,19,0.00753455,0.00754455,-4.886929831,0.087512891,0.086096459,0.086106459,-2.452170853,0.001305253,5.772482423,1.753102217,7,203187,82759585,0.245514764,-1.404398195,17,0.109497566,High,1218048.072,14.01276019,190,5.247024072,16.17323358,43.90771299
Amran,2016,October,10/1/16,20,0.005456958,0.005466958,-5.209032942,0.10317477,0.05289043,0.05290043,-2.939343812,0.001305253,4.180766487,1.4304946,8,203187,82759585,0.245514764,-1.404398195,14,-0.001282609,High,1218048.072,14.01276019,198,5.288267031,16.17323358,43.90771299
Amran,2016,November,11/1/16,21,0.002676272,0.002686272,-5.91960092,0.11844083,0.022595857,0.022605857,-3.789546247,0.001305253,2.050385634,0.71802789,9,203187,82759585,0.245514764,-1.404398195,1,-0.481330034,Low,1218048.072,14.01276019,195,5.272999559,16.17323358,43.90771299
Amran,2016,December,12/1/16,22,0.002704108,0.002714108,-5.909291925,0.121906879,0.022181751,0.022191751,-3.808034636,0.001305253,2.071711768,0.728375207,10,203187,82759585,0.245514764,-1.404398195,7,-0.259769684,Medium,1218048.072,14.01276019,190,5.247024072,16.17323358,43.90771299
Amran,2017,January,1/1/17,23,0.00319586,0.00320586,-5.742774894,0.105757941,0.030218629,0.030228629,-3.498965824,0.001305253,2.448460184,0.895459331,11,126266,82759585,0.152569639,-1.880134138,6,-0.296696409,Medium,1247697.293,14.03681024,190,5.247024072,16.17323358,43.90771299
Amran,2017,February,2/1/17,24,0.003523141,0.003533141,-5.645568002,0.097153603,0.036263617,0.036273617,-3.316664606,0.001305253,2.699201611,0.99295603,12,126266,82759585,0.152569639,-1.880134138,1,-0.481330034,Low,1247697.293,14.03681024,223,5.407171771,16.17323358,43.90771299
Amran,2017,March,3/1/17,25,0.004440978,0.004450978,-5.414631432,0.110412653,0.04022164,0.04023164,-3.213101528,0.001305253,3.402388656,1.224477731,13,126266,82759585,0.152569639,-1.880134138,2,-0.444403309,Low,1247697.293,14.03681024,234,5.455321115,16.17323358,43.90771299
Amran,2017,April,4/1/17,26,0.007134862,0.007144862,-4.941361782,0.080328908,0.088820602,0.088830602,-2.421024071,0.001305253,5.466267459,1.698596018,14,126266,82759585,0.152569639,-1.880134138,6,-0.296696409,Medium,1247697.293,14.03681024,233,5.451038454,16.17323358,43.90771299
Amran,2017,May,5/1/17,27,0.020725983,0.020735983,-3.875884779,0.063940904,0.324142791,0.324152791,-1.126540297,0.001305253,15.87890087,2.764991239,15,126266,82759585,0.152569639,-1.880134138,3,-0.407476584,Low,1247697.293,14.03681024,231,5.442417711,16.17323358,43.90771299
Amran,2017,June,6/1/17,28,0.023460655,0.023470655,-3.752004362,0.049736093,0.47170281,0.47171281,-0.751384932,0.001305253,17.97402879,2.888927871,16,126266,82759585,0.152569639,-1.880134138,0,-0.518256759,None,1247697.293,14.03681024,238,5.472270674,16.17323358,43.90771299
Amran,2017,July,7/1/17,29,0.010792103,0.010802103,-4.528014442,0.053538153,0.201577798,0.201587798,-1.60153027,0.001305253,8.268207773,2.112417771,17,126266,82759585,0.152569639,-1.880134138,19,0.183351016,High,1247697.293,14.03681024,243,5.493061443,16.17323358,43.90771299
Amran,2017,August,8/1/17,30,0.013534325,0.013544325,-4.301787639,0.068931574,0.196344349,0.196354349,-1.627834349,0.001305253,10.36912001,2.338832159,18,126266,82759585,0.152569639,-1.880134138,1,-0.481330034,Low,1247697.293,14.03681024,238,5.472270674,16.17323358,43.90771299
Amran,2017,September,9/1/17,31,0.011767156,0.011777156,-4.441593556,0.087512891,0.134461973,0.134471973,-2.006399481,0.001305253,9.015229998,2.198915369,19,126266,82759585,0.152569639,-1.880134138,4,-0.370549859,Low,1247697.293,14.03681024,239,5.476463552,16.17323358,43.90771299
Amran,2017,October,10/1/17,32,0.017470397,0.017480397,-4.046675197,0.10317477,0.169328189,0.169338189,-1.775857445,0.001305253,13.38468251,2.594110957,20,126266,82759585,0.152569639,-1.880134138,2,-0.444403309,Low,1247697.293,14.03681024,267.5,5.589119566,16.17323358,43.90771299
Amran,2017,November,11/1/17,33,0.009446178,0.009456178,-4.661086994,0.11844083,0.079754406,0.079764406,-2.528677914,0.001305253,7.23704753,1.979213324,21,126266,82759585,0.152569639,-1.880134138,1,-0.481330034,Low,1247697.293,14.03681024,431.25,6.066687968,16.17323358,43.90771299
Amran,2017,December,12/1/17,34,0.008203328,0.008213328,-4.801997078,0.121906879,0.067291757,0.067301757,-2.698568936,0.001305253,6.284856652,1.838143034,22,126266,82759585,0.152569639,-1.880134138,15,0.035644116,High,1247697.293,14.03681024,408.75,6.013103722,16.17323358,43.90771299
Amran,2018,January,1/1/18,35,0.008125325,0.008135325,-4.811539588,0.105757941,0.076829455,0.076839455,-2.566037034,0.001305253,6.225095824,1.828588836,23,212642,82759585,0.256939423,-1.35891493,6,-0.296696409,Medium,1277211.554,14.06018979,337.5,5.82156551,16.17323358,43.90771299
Amran,2018,February,2/1/18,36,0.009872595,0.009882595,-4.61698015,0.097153603,0.101618414,0.101628414,-2.286432118,0.001305253,7.563740516,2.023365845,24,212642,82759585,0.256939423,-1.35891493,5,-0.333623134,Medium,1277211.554,14.06018979,337.5,5.82156551,16.17323358,43.90771299
Amran,2018,March,3/1/18,37,0.010245795,0.010255795,-4.579912367,0.110412653,0.092795479,0.092805479,-2.3772496,0.001305253,7.849662096,2.060470486,25,212642,82759585,0.256939423,-1.35891493,8,-0.222842959,Medium,1277211.554,14.06018979,378.75,5.936876357,16.17323358,43.90771299
Amran,2018,April,4/1/18,38,0.010967472,0.010977472,-4.511910106,0.080328908,0.136532068,0.136542068,-1.991122521,0.001305253,8.402564101,2.128536909,26,212642,82759585,0.256939423,-1.35891493,6,-0.296696409,Medium,1277211.554,14.06018979,352.5,5.865050622,16.17323358,43.90771299
Amran,2018,May,5/1/18,39,0.023380142,0.023390142,-3.755440627,0.063940904,0.365652355,0.365662355,-1.006044899,0.001305253,17.91234496,2.885490138,27,212642,82759585,0.256939423,-1.35891493,3,-0.407476584,Low,1277211.554,14.06018979,350,5.857933154,16.17323358,43.90771299
Amran,2018,June,6/1/18,40,0.02383471,0.02384471,-3.736192889,0.049736093,0.479223606,0.479233606,-0.735567105,0.001305253,18.26060542,2.90474603,28,212642,82759585,0.256939423,-1.35891493,4,-0.370549859,Low,1277211.554,14.06018979,380,5.940171253,16.17323358,43.90771299
Amran,2018,July,7/1/18,41,0.01091346,0.01092346,-4.516842509,0.053538153,0.203844537,0.203854537,-1.590348593,0.001305253,8.361183617,2.123599998,29,212642,82759585,0.256939423,-1.35891493,5,-0.333623134,Medium,1277211.554,14.06018979,385,5.953243334,16.17323358,43.90771299
Amran,2018,August,8/1/18,42,0.013180763,0.013190763,-4.328238467,0.068931574,0.191215175,0.191225175,-1.654303619,0.001305253,10.09824379,2.312361527,30,212642,82759585,0.256939423,-1.35891493,7,-0.259769684,Medium,1277211.554,14.06018979,412.5,6.022236206,16.17323358,43.90771299
Amran,2018,September,9/1/18,43,0.011803714,0.011813714,-4.438494219,0.087512891,0.134879717,0.134889717,-2.003297746,0.001305253,9.043238361,2.202017336,31,212642,82759585,0.256939423,-1.35891493,1,-0.481330034,Low,1277211.554,14.06018979,535,6.282266747,16.17323358,43.90771299
Amran,2018,October,10/1/18,44,0.013174198,0.013184198,-4.328736288,0.10317477,0.127688174,0.127698174,-2.058085815,0.001305253,10.09321411,2.311863328,32,212642,82759585,0.256939423,-1.35891493,1,-0.481330034,Low,1277211.554,14.06018979,595,6.388561406,16.17323358,43.90771299
Amran,2018,November,11/1/18,45,0.008054616,0.008064616,-4.820269182,0.11844083,0.0680054,0.0680154,-2.688021129,0.001305253,6.170923185,1.819848452,33,212642,82759585,0.256939423,-1.35891493,1,-0.481330034,Low,1277211.554,14.06018979,567.5,6.341240749,16.17323358,43.90771299
Amran,2018,December,12/1/18,46,0.008321847,0.008331847,-4.787670119,0.121906879,0.068263966,0.068273966,-2.684226756,0.001305253,6.375658206,1.852487334,34,212642,82759585,0.256939423,-1.35891493,0,-0.518256759,None,1277211.554,14.06018979,455,6.120297419,16.17323358,43.90771299
Amran,2019,January,1/1/19,47,0.008283931,0.008293931,-4.792231236,0.105757941,0.078329163,0.078339163,-2.546707635,0.001305253,6.346609431,1.847920722,35,401459,82759585,0.485090639,-0.723419521,5,-0.333623134,Medium,1306684.47,14.08300355,391.25,5.969346742,16.17323358,43.90771299
Amran,2019,February,2/1/19,48,0.01074623,0.01075623,-4.532270157,0.097153603,0.110610721,0.110620721,-2.201647857,0.001305253,8.233062862,2.108158104,36,401459,82759585,0.485090639,-0.723419521,8,-0.222842959,Medium,1306684.47,14.08300355,330,5.799092654,16.17323358,43.90771299
Amran,2019,March,3/1/19,49,0.010093604,0.010103604,-4.594863087,0.110412653,0.091417095,0.091427095,-2.3922134,0.001305253,7.733063245,2.045505064,37,401459,82759585,0.485090639,-0.723419521,1,-0.481330034,Low,1306684.47,14.08300355,405,6.003887067,16.17323358,43.90771299
Amran,2019,April,4/1/19,50,0.011081643,0.011091643,-4.501563337,0.080328908,0.137953362,0.137963362,-1.980767122,0.001305253,8.490034499,2.138893064,38,401459,82759585,0.485090639,-0.723419521,0,-0.518256759,None,1306684.47,14.08300355,497.5,6.209595557,16.17323358,43.90771299
Amran,2019,May,5/1/19,51,0.034355652,0.034365652,-3.370697702,0.063940904,0.537303198,0.537313198,-0.621174118,0.001305253,26.32106726,3.270369655,39,401459,82759585,0.485090639,-0.723419521,7,-0.259769684,Medium,1306684.47,14.08300355,430,6.063785209,16.17323358,43.90771299
Amran,2019,June,6/1/19,52,0.015433128,0.015443128,-4.170591164,0.049736093,0.310300367,0.310310367,-1.170182298,0.001305253,11.82385944,2.470119476,40,401459,82759585,0.485090639,-0.723419521,3,-0.407476584,Low,1306684.47,14.08300355,430,6.063785209,16.17323358,43.90771299
Amran,2019,July,7/1/19,53,0.010129226,0.010139226,-4.591343615,0.053538153,0.189196404,0.189206404,-1.664916775,0.001305253,7.760354506,2.049028017,41,401459,82759585,0.485090639,-0.723419521,2,-0.444403309,Low,1306684.47,14.08300355,433.75,6.072468331,16.17323358,43.90771299
Amran,2019,August,8/1/19,54,0.010996743,0.011006743,-4.509247194,0.068931574,0.159531291,0.159541291,-1.835452513,0.001305253,8.424989638,2.131202246,42,401459,82759585,0.485090639,-0.723419521,4,-0.370549859,Low,1306684.47,14.08300355,430,6.063785209,16.17323358,43.90771299
Amran,2019,September,9/1/19,55,0.011253057,0.011263057,-4.486227201,0.087512891,0.128587421,0.128597421,-2.051068522,0.001305253,8.621360763,2.154242933,43,401459,82759585,0.485090639,-0.723419521,5,-0.333623134,Medium,1306684.47,14.08300355,502.5,6.21959564,16.17323358,43.90771299
Amran,2019,October,10/1/19,56,0.013218929,0.013228929,-4.325349257,0.10317477,0.12812172,0.12813172,-2.054696482,0.001305253,10.1274841,2.315252926,44,401459,82759585,0.485090639,-0.723419521,0,-0.518256759,None,1306684.47,14.08300355,430,6.063785209,16.17323358,43.90771299
Amran,2019,November,11/1/19,57,0.012311492,0.012321492,-4.396410224,0.11844083,0.103946351,0.103956351,-2.26378417,0.001305253,9.432264856,2.244136243,45,401459,82759585,0.485090639,-0.723419521,1,-0.481330034,Low,1306684.47,14.08300355,400,5.991464547,16.17323358,43.90771299
Amran,2019,December,12/1/19,58,0.010715029,0.010725029,-4.53517511,0.121906879,0.087895196,0.087905196,-2.431496363,0.001305253,8.209158684,2.105250444,46,401459,82759585,0.485090639,-0.723419521,0,-0.518256759,None,1306684.47,14.08300355,420,6.040254711,16.17323358,43.90771299
Amran,2020,January,1/1/20,59,0.011557462,0.011567462,-4.459559122,0.105757941,0.109282214,0.109292214,-2.213730121,0.001305253,8.854576086,2.180934397,47,440033,82759585,0.531700346,-0.631675208,1,-0.481330034,Low,1336180.173,14.10532548,430,6.063785209,16.17323358,43.90771299
Amran,2020,February,2/1/20,60,0.012269891,0.012279891,-4.399792233,0.097153603,0.126293732,0.126303732,-2.069065701,0.001305253,9.400392874,2.240751484,48,440033,82759585,0.531700346,-0.631675208,0,-0.518256759,None,1336180.173,14.10532548,430,6.063785209,16.17323358,43.90771299
Amran,2020,March,3/1/20,61,0.014976599,0.014986599,-4.200598877,0.110412653,0.135642053,0.135652053,-1.997662105,0.001305253,11.47409659,2.440092024,49,440033,82759585,0.531700346,-0.631675208,4,-0.370549859,Low,1336180.173,14.10532548,430,6.063785209,16.17323358,43.90771299
Amran,2020,April,4/1/20,62,0.014227759,0.014237759,-4.251857759,0.080328908,0.177118789,0.177128789,-1.73087819,0.001305253,10.90038406,2.388798023,50,440033,82759585,0.531700346,-0.631675208,6,-0.296696409,Medium,1336180.173,14.10532548,345,5.843544417,16.17323358,43.90771299
Amran,2020,May,5/1/20,63,0.028634945,0.028644945,-3.552778291,0.063940904,0.447834537,0.447844537,-0.803309122,0.001305253,21.93823343,3.088230933,51,440033,82759585,0.531700346,-0.631675208,0,-0.518256759,None,1336180.173,14.10532548,338.75,5.825262372,16.17323358,43.90771299
Amran,2020,June,6/1/20,64,0.011145899,0.011155899,-4.495786863,0.049736093,0.224100814,0.224110814,-1.495614644,0.001305253,8.539263269,2.144674736,52,440033,82759585,0.531700346,-0.631675208,9,-0.185916234,Medium,1336180.173,14.10532548,338.75,5.825262372,16.17323358,43.90771299
Amran,2020,July,7/1/20,65,0.012968125,0.012978125,-4.344490031,0.053538153,0.242222121,0.242232121,-1.417858835,0.001305253,9.935334376,2.296097532,53,440033,82759585,0.531700346,-0.631675208,5,-0.333623134,Medium,1336180.173,14.10532548,620,6.429719478,16.17323358,43.90771299
Amran,2020,August,8/1/20,66,0.015565964,0.015575964,-4.162026322,0.068931574,0.22581762,0.22582762,-1.487983314,0.001305253,11.92562974,2.478689844,54,440033,82759585,0.531700346,-0.631675208,1,-0.481330034,Low,1336180.173,14.10532548,637.5,6.457554277,16.17323358,43.90771299
Amran,2020,September,9/1/20,67,0.014867501,0.014877501,-4.207905207,0.087512891,0.169889268,0.169899268,-1.772549559,0.001305253,11.3905128,2.432780798,55,440033,82759585,0.531700346,-0.631675208,6,-0.296696409,Medium,1336180.173,14.10532548,431.25,6.066687968,16.17323358,43.90771299
Amran,2020,October,10/1/20,68,0.020858034,0.020868034,-3.869536765,0.10317477,0.202162157,0.202172157,-1.598635682,0.001305253,15.98006976,2.771342306,56,440033,82759585,0.531700346,-0.631675208,2,-0.444403309,Low,1336180.173,14.10532548,500,6.214608098,16.17323358,43.90771299
Amran,2020,November,11/1/20,69,0.018088924,0.018098924,-4.01190279,0.11844083,0.152725408,0.152735408,-1.879048214,0.001305253,13.85855769,2.628902926,57,440033,82759585,0.531700346,-0.631675208,7,-0.259769684,Medium,1336180.173,14.10532548,375,5.926926026,16.17323358,43.90771299
Amran,2020,December,12/1/20,70,0.018949558,0.018959558,-3.965447095,0.121906879,0.155442894,0.155452894,-1.861412526,0.001305253,14.51791951,2.675383715,58,440033,82759585,0.531700346,-0.631675208,1,-0.481330034,Low,1336180.173,14.10532548,406.25,6.006968734,16.17323358,43.90771299
Amran,2021,January,1/1/21,71,0.016859074,0.016869074,-4.082273274,0.105757941,0.159411897,0.159421897,-1.836201151,0.001305253,12.91632657,2.558492137,59,339696,82759585,0.410461217,-0.890473832,1,-0.481330034,Low,1365705.311,14.12718156,675,6.514712691,16.17323358,43.90771299
Amran,2021,February,2/1/21,72,0.016385856,0.016395856,-4.110726659,0.097153603,0.168659273,0.168669273,-1.779815446,0.001305253,12.5537777,2.530021632,60,339696,82759585,0.410461217,-0.890473832,0,-0.518256759,None,1365705.311,14.12718156,812.5,6.700115914,16.17323358,43.90771299
Amran,2021,March,3/1/21,73,0.018725949,0.018735949,-3.977311194,0.110412653,0.169599665,0.169609665,-1.77425557,0.001305253,14.34660483,2.663513317,61,339696,82759585,0.410461217,-0.890473832,3,-0.407476584,Low,1365705.311,14.12718156,800,6.684611728,16.17323358,43.90771299
Amran,2021,April,4/1/21,74,0.036105044,0.036115044,-3.321045769,0.080328908,0.44946514,0.44947514,-0.799674732,0.001305253,27.66133769,3.320035687,62,339696,82759585,0.410461217,-0.890473832,0,-0.518256759,None,1365705.311,14.12718156,800,6.684611728,16.17323358,43.90771299
Amran,2021,May,5/1/21,75,0.028675207,0.028685207,-3.551373725,0.063940904,0.448464212,0.448474212,-0.801904097,0.001305253,21.96907956,3.08963599,63,339696,82759585,0.410461217,-0.890473832,0,-0.518256759,None,1365705.311,14.12718156,730,6.593044534,16.17323358,43.90771299
Amran,2021,June,6/1/21,76,0.019040928,0.019050928,-3.960639465,0.049736093,0.382839237,0.382849237,-0.960114004,0.001305253,14.58792127,2.680193876,64,339696,82759585,0.410461217,-0.890473832,0,-0.518256759,None,1365705.311,14.12718156,637.5,6.457554277,16.17323358,43.90771299
Amran,2021,July,7/1/21,77,0.023255027,0.023265027,-3.760804033,0.053538153,0.43436364,0.43437364,-0.833850194,0.001305253,17.81648998,2.880124432,65,339696,82759585,0.410461217,-0.890473832,0,-0.518256759,None,1365705.311,14.12718156,625,6.43775165,16.17323358,43.90771299
Amran,2021,August,8/1/21,78,0.020759348,0.020769348,-3.874277033,0.068931574,0.301158769,0.301168769,-1.200084477,0.001305253,15.90446297,2.76659976,66,339696,82759585,0.410461217,-0.890473832,0,-0.518256759,None,1365705.311,14.12718156,540,6.29156914,16.17323358,43.90771299
Amran,2021,September,9/1/21,79,0.026939891,0.026949891,-3.613776026,0.087512891,0.307839116,0.307849116,-1.178145499,0.001305253,20.63959324,3.027211233,67,339696,82759585,0.410461217,-0.890473832,0,-0.518256759,None,1365705.311,14.12718156,596,6.390240667,16.17323358,43.90771299
Amran,2021,October,10/1/21,80,0.031750449,0.031760449,-3.449533505,0.10317477,0.307734623,0.307744623,-1.178484986,0.001305253,24.32513007,3.191509975,68,339696,82759585,0.410461217,-0.890473832,0,-0.518256759,None,1365705.311,14.12718156,650,6.476972363,16.17323358,43.90771299
Amran,2021,November,11/1/21,81,0.024857641,0.024867641,-3.694187879,0.11844083,0.209873918,0.209883918,-1.561200673,0.001305253,19.04430865,2.946768298,69,339696,82759585,0.410461217,-0.890473832,3,-0.407476584,Low,1365705.311,14.12718156,650,6.476972363,16.17323358,43.90771299
Amran,2021,December,12/1/21,82,0.0199948,0.0200048,-3.911783034,0.121906879,0.164016996,0.164026996,-1.807724255,0.001305253,15.31871599,2.729075348,70,339696,82759585,0.410461217,-0.890473832,2,-0.444403309,Low,1365705.311,14.12718156,650,6.476972363,16.17323358,43.90771299
Amran,2022,January,1/1/22,83,0.014664587,0.014674587,-4.221638057,0.105757941,0.138661805,0.138671805,-1.975645253,0.001305253,11.23505328,2.419038648,71,545490,82759585,0.65912607,-0.416840458,10,-0.148989509,Medium,1395230.449,14.14857016,1200,7.090076836,16.17323358,43.90771299
Amran,2022,February,2/1/22,84,0.017230889,0.017240889,-4.060471449,0.097153603,0.17735718,0.17736718,-1.729533232,0.001305253,13.20118705,2.580306754,72,545490,82759585,0.65912607,-0.416840458,1,-0.481330034,Low,1395230.449,14.14857016,1275,7.150701458,16.17323358,43.90771299
Amran,2022,March,3/1/22,85,0.0200026,0.0200126,-3.911393204,0.110412653,0.181162207,0.181172207,-1.70830728,0.001305253,15.32469184,2.729465373,73,545490,82759585,0.65912607,-0.416840458,3,-0.407476584,Low,1395230.449,14.14857016,1357,7.21303166,16.17323358,43.90771299
Dhamar,2015,March,3/1/15,1,0.070275574,0.070285574,-2.655188707,0.105361572,0.666994355,0.667004355,-0.404958704,NA,NA,NA,NA,1025458,78900711,1.299681571,0.262119289,2,-0.444403309,Low,1792361.675,14.39904468,NA,NA,14.5986209,44.20069582
Dhamar,2015,April,4/1/15,2,0.020148827,0.020158827,-3.904113022,0.069235085,0.291020472,0.291030472,-1.234327303,NA,NA,NA,NA,1025458,78900711,1.299681571,0.262119289,1,-0.481330034,Low,1792361.675,14.39904468,NA,NA,14.5986209,44.20069582
Dhamar,2015,May,5/1/15,3,0.001420122,0.001430122,-6.549995524,0.053292265,0.026647807,0.026657807,-3.624673226,NA,NA,NA,NA,1025458,78900711,1.299681571,0.262119289,17,0.109497566,High,1792361.675,14.39904468,NA,NA,14.5986209,44.20069582
Dhamar,2015,June,6/1/15,4,0.003219124,0.003229124,-5.735544386,0.061033115,0.052743892,0.052753892,-2.942117727,NA,NA,NA,NA,1025458,78900711,1.299681571,0.262119289,10,-0.148989509,Medium,1792361.675,14.39904468,NA,NA,14.5986209,44.20069582
Dhamar,2015,July,7/1/15,5,0.009952297,0.009962297,-4.608947611,0.088803395,0.112071132,0.112081132,-2.188532277,NA,NA,NA,NA,1025458,78900711,1.299681571,0.262119289,8,-0.222842959,Medium,1792361.675,14.39904468,NA,NA,14.5986209,44.20069582
Dhamar,2015,August,8/1/15,6,0.001957097,0.001967097,-6.231196427,0.079094505,0.02474378,0.02475378,-3.698777074,NA,NA,NA,NA,1025458,78900711,1.299681571,0.262119289,5,-0.333623134,Medium,1792361.675,14.39904468,NA,NA,14.5986209,44.20069582
Dhamar,2015,September,9/1/15,7,0.005364298,0.005374298,-5.226127318,0.077070001,0.069602931,0.069612931,-2.664804939,NA,NA,NA,NA,1025458,78900711,1.299681571,0.262119289,17,0.109497566,High,1792361.675,14.39904468,NA,NA,14.5986209,44.20069582
Dhamar,2015,October,10/1/15,8,0.003535505,0.003545505,-5.642074675,0.100656798,0.035124354,0.035134354,-3.348575881,NA,NA,NA,NA,1025458,78900711,1.299681571,0.262119289,6,-0.296696409,Medium,1792361.675,14.39904468,NA,NA,14.5986209,44.20069582
Dhamar,2015,November,11/1/15,9,0.002543135,0.002553135,-5.970433263,0.11311233,0.02248327,0.02249327,-3.794539126,NA,NA,NA,NA,1025458,78900711,1.299681571,0.262119289,3,-0.407476584,Low,1792361.675,14.39904468,NA,NA,14.5986209,44.20069582
Dhamar,2015,December,12/1/15,10,0.002101562,0.002111562,-6.160327321,0.114543914,0.018347217,0.018357217,-3.997732485,NA,NA,NA,NA,1025458,78900711,1.299681571,0.262119289,5,-0.333623134,Medium,1792361.675,14.39904468,NA,NA,14.5986209,44.20069582
Dhamar,2016,January,1/1/16,11,0.002041595,0.002051595,-6.18913774,0.097069125,0.021032383,0.021042383,-3.861216637,NA,NA,NA,NA,687665,78900711,0.871557419,-0.137473531,12,-0.075136059,Medium,1836601.915,14.42342764,NA,NA,14.5986209,44.20069582
Dhamar,2016,February,2/1/16,12,0.003268188,0.003278188,-5.720464448,0.104453894,0.031288331,0.031298331,-3.464190506,0.002071579,1.577631362,0.455924584,1,687665,78900711,0.871557419,-0.137473531,5,-0.333623134,Medium,1836601.915,14.42342764,NA,NA,14.5986209,44.20069582
Dhamar,2016,March,3/1/16,13,0.003178238,0.003188238,-5.748286866,0.105361572,0.030165059,0.030175059,-3.500739557,0.002071579,1.534210378,0.428015837,2,687665,78900711,0.871557419,-0.137473531,8,-0.222842959,Medium,1836601.915,14.42342764,NA,NA,14.5986209,44.20069582
Dhamar,2016,April,4/1/16,14,0.002965628,0.002975628,-5.81730017,0.069235085,0.042834179,0.042844179,-3.150185489,0.002071579,1.431578521,0.358777696,3,687665,78900711,0.871557419,-0.137473531,0,-0.518256759,None,1836601.915,14.42342764,NA,NA,14.5986209,44.20069582
Dhamar,2016,May,5/1/16,15,0.005440619,0.005450619,-5.212026099,0.053292265,0.102090218,0.102100218,-2.281800419,0.002071579,2.626314999,0.965581723,4,687665,78900711,0.871557419,-0.137473531,2,-0.444403309,Low,1836601.915,14.42342764,NA,NA,14.5986209,44.20069582
Dhamar,2016,June,6/1/16,16,0.029481833,0.029491833,-3.523641901,0.061033115,0.483046507,0.483056507,-0.72762164,0.002071579,14.23157553,2.655463125,5,687665,78900711,0.871557419,-0.137473531,0,-0.518256759,None,1836601.915,14.42342764,243.75,5.49614311,14.5986209,44.20069582
Dhamar,2016,July,7/1/16,17,0.00864884,0.00865884,-4.749174515,0.088803395,0.097393123,0.097403123,-2.328897005,0.002071579,4.174998878,1.42911409,6,687665,78900711,0.871557419,-0.137473531,0,-0.518256759,None,1836601.915,14.42342764,223,5.407171771,14.5986209,44.20069582
Dhamar,2016,August,8/1/16,18,0.006239267,0.006249267,-5.075291102,0.079094505,0.078883698,0.078893698,-2.539653928,0.002071579,3.011841209,1.102551589,7,687665,78900711,0.871557419,-0.137473531,6,-0.296696409,Medium,1836601.915,14.42342764,198,5.288267031,14.5986209,44.20069582
Dhamar,2016,September,9/1/16,19,0.007539455,0.007549455,-4.886279904,0.077070001,0.097826066,0.097836066,-2.324461997,0.002071579,3.639472596,1.29183878,8,687665,78900711,0.871557419,-0.137473531,4,-0.370549859,Low,1836601.915,14.42342764,180,5.192956851,14.5986209,44.20069582
Dhamar,2016,October,10/1/16,20,0.009038624,0.009048624,-4.705142577,0.100656798,0.089796458,0.089806458,-2.410098391,0.002071579,4.3631568,1.473195832,9,687665,78900711,0.871557419,-0.137473531,8,-0.222842959,Medium,1836601.915,14.42342764,185,5.220355825,14.5986209,44.20069582
Dhamar,2016,November,11/1/16,21,0.005279799,0.005289799,-5.24197503,0.11311233,0.046677484,0.046687484,-3.064279159,0.002071579,2.548683396,0.935576911,10,687665,78900711,0.871557419,-0.137473531,6,-0.296696409,Medium,1836601.915,14.42342764,190,5.247024072,14.5986209,44.20069582
Dhamar,2016,December,12/1/16,22,0.004813694,0.004823694,-5.334215254,0.114543914,0.042024878,0.042034878,-3.169255577,0.002071579,2.323683528,0.843153654,11,687665,78900711,0.871557419,-0.137473531,1,-0.481330034,Low,1836601.915,14.42342764,193,5.262690189,14.5986209,44.20069582
Dhamar,2017,January,1/1/17,23,0.005015401,0.005025401,-5.293250027,0.097069125,0.051668344,0.051678344,-2.962716463,0.002071579,2.42105225,0.88420226,12,529257,78900711,0.670788632,-0.399301196,2,-0.444403309,Low,1880532.171,14.44706536,195,5.272999559,14.5986209,44.20069582
Dhamar,2017,February,2/1/17,24,0.006808951,0.006818951,-4.988049631,0.104453894,0.065186186,0.065196186,-2.730354309,0.002071579,3.2868411,1.189926952,13,529257,78900711,0.670788632,-0.399301196,10,-0.148989509,Medium,1880532.171,14.44706536,230,5.438079309,14.5986209,44.20069582
Dhamar,2017,March,3/1/17,25,0.006277428,0.006287428,-5.069203195,0.105361572,0.059579863,0.059589863,-2.820269803,0.002071579,3.030262423,1.108649224,14,529257,78900711,0.670788632,-0.399301196,3,-0.407476584,Low,1880532.171,14.44706536,238,5.472270674,14.5986209,44.20069582
Dhamar,2017,April,4/1/17,26,0.008632486,0.008642486,-4.751065006,0.069235085,0.124683692,0.124693692,-2.081895013,0.002071579,4.167104416,1.42722141,15,529257,78900711,0.670788632,-0.399301196,2,-0.444403309,Low,1880532.171,14.44706536,220,5.393627546,14.5986209,44.20069582
Dhamar,2017,May,5/1/17,27,0.015752174,0.015762174,-4.15014226,0.053292265,0.295580867,0.295590867,-1.218778987,0.002071579,7.603945589,2.028667269,16,529257,78900711,0.670788632,-0.399301196,3,-0.407476584,Low,1880532.171,14.44706536,213,5.361292166,14.5986209,44.20069582
Dhamar,2017,June,6/1/17,28,0.028222531,0.028232531,-3.567280384,0.061033115,0.462413413,0.462423413,-0.771274329,0.002071579,13.62368078,2.611809512,17,529257,78900711,0.670788632,-0.399301196,6,-0.296696409,Medium,1880532.171,14.44706536,240,5.480638923,14.5986209,44.20069582
Dhamar,2017,July,7/1/17,29,0.013661515,0.013671515,-4.292440808,0.088803395,0.153840008,0.153850008,-1.871777125,0.002071579,6.594735224,1.886271637,18,529257,78900711,0.670788632,-0.399301196,1,-0.481330034,Low,1880532.171,14.44706536,240,5.480638923,14.5986209,44.20069582
Dhamar,2017,August,8/1/17,30,0.013890479,0.013900479,-4.275831979,0.079094505,0.175618762,0.175628762,-1.739382818,0.002071579,6.705261542,1.902892523,19,529257,78900711,0.670788632,-0.399301196,0,-0.518256759,None,1880532.171,14.44706536,240,5.480638923,14.5986209,44.20069582
Dhamar,2017,September,9/1/17,31,0.009935399,0.009945399,-4.610645247,0.077070001,0.128913959,0.128923959,-2.048532514,0.002071579,4.796051225,1.567792918,20,529257,78900711,0.670788632,-0.399301196,0,-0.518256759,None,1880532.171,14.44706536,251,5.525452939,14.5986209,44.20069582
Dhamar,2017,October,10/1/17,32,0.012892585,0.012902585,-4.3503276,0.100656798,0.128084593,0.128094593,-2.05498628,0.002071579,6.223554593,1.828341221,21,529257,78900711,0.670788632,-0.399301196,2,-0.444403309,Low,1880532.171,14.44706536,260,5.560681631,14.5986209,44.20069582
Dhamar,2017,November,11/1/17,33,0.007367732,0.007377732,-4.909289005,0.11311233,0.065136418,0.065146418,-2.731117958,0.002071579,3.556577857,1.268798806,22,529257,78900711,0.670788632,-0.399301196,0,-0.518256759,None,1880532.171,14.44706536,467.5,6.147399349,14.5986209,44.20069582
Dhamar,2017,December,12/1/17,34,0.006912719,0.006922719,-4.972946667,0.114543914,0.060349946,0.060359946,-2.80742954,0.002071579,3.336932359,1.20505193,23,529257,78900711,0.670788632,-0.399301196,1,-0.481330034,Low,1880532.171,14.44706536,385,5.953243334,14.5986209,44.20069582
Dhamar,2018,January,1/1/18,35,0.005696841,0.005706841,-5.166089648,0.097069125,0.058688496,0.058698496,-2.835341174,0.002071579,2.749999397,1.011600692,24,742266,78900711,0.940759583,-0.061067663,5,-0.333623134,Medium,1924222.834,14.47003272,340,5.828945618,14.5986209,44.20069582
Dhamar,2018,February,2/1/18,36,0.008389893,0.008399893,-4.779536311,0.104453894,0.080321496,0.080331496,-2.521593506,0.002071579,4.049999059,1.398716649,25,742266,78900711,0.940759583,-0.061067663,2,-0.444403309,Low,1924222.834,14.47003272,340,5.828945618,14.5986209,44.20069582
Dhamar,2018,March,3/1/18,37,0.007185106,0.007195106,-4.934354206,0.105361572,0.068194749,0.068204749,-2.685241083,0.002071579,3.468419983,1.243699154,26,742266,78900711,0.940759583,-0.061067663,2,-0.444403309,Low,1924222.834,14.47003272,355,5.872117789,14.5986209,44.20069582
Dhamar,2018,April,4/1/18,38,0.007310491,0.007320491,-4.917077877,0.069235085,0.105589399,0.105599399,-2.248102599,0.002071579,3.528946277,1.260999321,27,742266,78900711,0.940759583,-0.061067663,0,-0.518256759,None,1924222.834,14.47003272,371.25,5.91687569,14.5986209,44.20069582
Dhamar,2018,May,5/1/18,39,0.016376373,0.016386373,-4.111305204,0.053292265,0.307293618,0.307303618,-1.179919036,0.002071579,7.905261156,2.067528507,28,742266,78900711,0.940759583,-0.061067663,0,-0.518256759,None,1924222.834,14.47003272,375,5.926926026,14.5986209,44.20069582
Dhamar,2018,June,6/1/18,40,0.021615286,0.021625286,-3.833892001,0.061033115,0.35415669,0.35416669,-1.037987601,0.002071579,10.43420792,2.345089632,29,742266,78900711,0.940759583,-0.061067663,0,-0.518256759,None,1924222.834,14.47003272,375,5.926926026,14.5986209,44.20069582
Dhamar,2018,July,7/1/18,41,0.011571172,0.011581172,-4.458374603,0.088803395,0.130301009,0.130311009,-2.037831309,0.002071579,5.585677399,1.720205714,30,742266,78900711,0.940759583,-0.061067663,1,-0.481330034,Low,1924222.834,14.47003272,375,5.926926026,14.5986209,44.20069582
Dhamar,2018,August,8/1/18,42,0.020181536,0.020191536,-3.902491772,0.079094505,0.255157246,0.255167246,-1.365836082,0.002071579,9.742103005,2.276457009,31,742266,78900711,0.940759583,-0.061067663,0,-0.518256759,None,1924222.834,14.47003272,393.75,5.97571619,14.5986209,44.20069582
Dhamar,2018,September,9/1/18,43,0.009373893,0.009383893,-4.66876057,0.077070001,0.121628297,0.121638297,-2.106703417,0.002071579,4.524999047,1.509617367,32,742266,78900711,0.940759583,-0.061067663,0,-0.518256759,None,1924222.834,14.47003272,556.25,6.321217833,14.5986209,44.20069582
Dhamar,2018,October,10/1/18,44,0.008749693,0.008759693,-4.73759442,0.100656798,0.086926001,0.086936001,-2.442583052,0.002071579,4.223682997,1.440707496,33,742266,78900711,0.940759583,-0.061067663,0,-0.518256759,None,1924222.834,14.47003272,576.25,6.356541594,14.5986209,44.20069582
Dhamar,2018,November,11/1/18,45,0.007343201,0.007353201,-4.91261955,0.11311233,0.064919545,0.064929545,-2.73445252,0.002071579,3.544736165,1.265463733,34,742266,78900711,0.940759583,-0.061067663,0,-0.518256759,None,1924222.834,14.47003272,537.5,6.28692876,14.5986209,44.20069582
Dhamar,2018,December,12/1/18,46,0.006698291,0.006708291,-5.004411055,0.114543914,0.05847793,0.05848793,-2.838934871,0.002071579,3.233422911,1.173541301,35,742266,78900711,0.940759583,-0.061067663,2,-0.444403309,Low,1924222.834,14.47003272,467.5,6.147399349,14.5986209,44.20069582
Dhamar,2019,January,1/1/19,47,0.007048818,0.007058818,-4.953477664,0.097069125,0.072616478,0.072626478,-2.622425713,0.002071579,3.402630554,1.224548825,36,1724406,78900711,2.185539241,0.78186259,4,-0.370549859,Low,1967815.855,14.49243478,425,6.052089169,14.5986209,44.20069582
Dhamar,2019,February,2/1/19,48,0.008725162,0.008735162,-4.740398789,0.104453894,0.083531228,0.083541228,-2.48241502,0.002071579,4.211841306,1.437899917,37,1724406,78900711,2.185539241,0.78186259,3,-0.407476584,Low,1967815.855,14.49243478,375,5.926926026,14.5986209,44.20069582
Dhamar,2019,March,3/1/19,49,0.008695178,0.008705178,-4.743837258,0.105361572,0.082527033,0.082537033,-2.494508202,0.002071579,4.197367322,1.434457501,38,1724406,78900711,2.185539241,0.78186259,0,-0.518256759,None,1967815.855,14.49243478,426.25,6.055026029,14.5986209,44.20069582
Dhamar,2019,April,4/1/19,50,0.009469294,0.009479294,-4.658645438,0.069235085,0.136770166,0.136780166,-1.98938027,0.002071579,4.571051357,1.519743235,39,1724406,78900711,2.185539241,0.78186259,3,-0.407476584,Low,1967815.855,14.49243478,578.75,6.360870605,14.5986209,44.20069582
Dhamar,2019,May,5/1/19,51,0.037994385,0.038004385,-3.270053731,0.053292265,0.712943703,0.712953703,-0.338338793,0.002071579,18.34078498,2.909127267,40,1724406,78900711,2.185539241,0.78186259,1,-0.481330034,Low,1967815.855,14.49243478,430,6.063785209,14.5986209,44.20069582
Dhamar,2019,June,6/1/19,52,0.016229182,0.016239182,-4.120328315,0.061033115,0.265907811,0.265917811,-1.324567999,0.002071579,7.834208592,2.058499861,41,1724406,78900711,2.185539241,0.78186259,1,-0.481330034,Low,1967815.855,14.49243478,430,6.063785209,14.5986209,44.20069582
Dhamar,2019,July,7/1/19,53,0.037189136,0.037199136,-3.291469744,0.088803395,0.418780566,0.418790566,-0.870384327,0.002071579,17.95207231,2.887705557,42,1724406,78900711,2.185539241,0.78186259,0,-0.518256759,None,1967815.855,14.49243478,432.5,6.069582326,14.5986209,44.20069582
Dhamar,2019,August,8/1/19,54,0.011006624,0.011016624,-4.508349874,0.079094505,0.139157885,0.139167885,-1.972074269,0.002071579,5.313156776,1.670186155,43,1724406,78900711,2.185539241,0.78186259,3,-0.407476584,Low,1967815.855,14.49243478,415,6.02827852,14.5986209,44.20069582
Dhamar,2019,September,9/1/19,55,0.008877804,0.008887804,-4.723075279,0.077070001,0.115191434,0.115201434,-2.161073083,0.002071579,4.285525196,1.455243111,44,1724406,78900711,2.185539241,0.78186259,0,-0.518256759,None,1967815.855,14.49243478,782.5,6.662493922,14.5986209,44.20069582
Dhamar,2019,October,10/1/19,56,0.010840352,0.010850352,-4.523557757,0.100656798,0.107696173,0.107706173,-2.22834838,0.002071579,5.232893363,1.654964349,45,1724406,78900711,2.185539241,0.78186259,0,-0.518256759,None,1967815.855,14.49243478,425,6.052089169,14.5986209,44.20069582
Dhamar,2019,November,11/1/19,57,0.013230845,0.013240845,-4.324448909,0.11311233,0.116970847,0.116980847,-2.145745058,0.002071579,6.386840666,1.854239728,46,1724406,78900711,2.185539241,0.78186259,0,-0.518256759,None,1967815.855,14.49243478,425,6.052089169,14.5986209,44.20069582
Dhamar,2019,December,12/1/19,58,0.012295909,0.012305909,-4.397675725,0.114543914,0.107346681,0.107356681,-2.231598521,0.002071579,5.935525027,1.780955487,47,1724406,78900711,2.185539241,0.78186259,0,-0.518256759,None,1967815.855,14.49243478,425,6.052089169,14.5986209,44.20069582
Dhamar,2020,January,1/1/20,59,0.012287731,0.012297731,-4.398340505,0.097069125,0.126587429,0.126597429,-2.066743078,0.002071579,5.931577314,1.780290167,48,2061779,78900711,2.613131078,0.960549149,0,-0.518256759,None,2011409.45,14.51434625,425,6.052089169,14.5986209,44.20069582
Dhamar,2020,February,2/1/20,60,0.014154878,0.014164878,-4.256989759,0.104453894,0.135513167,0.135523167,-1.998612679,0.002071579,6.83289317,1.921748181,49,2061779,78900711,2.613131078,0.960549149,0,-0.518256759,None,2011409.45,14.51434625,425,6.052089169,14.5986209,44.20069582
Dhamar,2020,March,3/1/20,61,0.014934445,0.014944445,-4.20341562,0.105361572,0.141744705,0.141754705,-1.953657145,0.002071579,7.209208531,1.975359171,50,2061779,78900711,2.613131078,0.960549149,0,-0.518256759,None,2011409.45,14.51434625,425,6.052089169,14.5986209,44.20069582
Dhamar,2020,April,4/1/20,62,0.014040396,0.014050396,-4.265104699,0.069235085,0.202793079,0.202803079,-1.595519825,0.002071579,6.777630011,1.913627485,51,2061779,78900711,2.613131078,0.960549149,0,-0.518256759,None,2011409.45,14.51434625,345,5.843544417,14.5986209,44.20069582
Dhamar,2020,May,5/1/20,63,0.038882983,0.038892983,-3.24694143,0.053292265,0.729617755,0.729627755,-0.3152208,0.002071579,18.76973217,2.932245581,52,2061779,78900711,2.613131078,0.960549149,0,-0.518256759,None,2011409.45,14.51434625,345,5.843544417,14.5986209,44.20069582
Dhamar,2020,June,6/1/20,64,0.013680595,0.013690595,-4.291046178,0.061033115,0.224150365,0.224160365,-1.495393568,0.002071579,6.603945589,1.887667287,53,2061779,78900711,2.613131078,0.960549149,0,-0.518256759,None,2011409.45,14.51434625,345,5.843544417,14.5986209,44.20069582
Dhamar,2020,July,7/1/20,65,0.016543203,0.016553203,-4.101175661,0.088803395,0.186290209,0.186300209,-1.68039588,0.002071579,7.985793928,2.077664204,54,2061779,78900711,2.613131078,0.960549149,0,-0.518256759,None,2011409.45,14.51434625,647.5,6.473118794,14.5986209,44.20069582
Dhamar,2020,August,8/1/20,66,0.021086488,0.021096488,-3.858648698,0.079094505,0.266598648,0.266608648,-1.321973434,0.002071579,10.17894466,2.320321338,55,2061779,78900711,2.613131078,0.960549149,0,-0.518256759,None,2011409.45,14.51434625,447.5,6.103676538,14.5986209,44.20069582
Dhamar,2020,September,9/1/20,67,0.014413825,0.014423825,-4.238873926,0.077070001,0.187022509,0.187032509,-1.676472832,0.002071579,6.957892989,1.939876697,56,2061779,78900711,2.613131078,0.960549149,0,-0.518256759,None,2011409.45,14.51434625,536.25,6.28460047,14.5986209,44.20069582
Dhamar,2020,October,10/1/20,68,0.020533159,0.020543159,-3.885227289,0.100656798,0.203991775,0.204001775,-1.589626584,0.002071579,9.911839713,2.293729973,57,2061779,78900711,2.613131078,0.960549149,0,-0.518256759,None,2011409.45,14.51434625,437,6.079933195,14.5986209,44.20069582
Dhamar,2020,November,11/1/20,69,0.019491918,0.019501918,-3.937242459,0.11311233,0.172323548,0.172333548,-1.758323447,0.002071579,9.409208145,2.2416888,58,2061779,78900711,2.613131078,0.960549149,0,-0.518256759,None,2011409.45,14.51434625,395,5.978885765,14.5986209,44.20069582
Dhamar,2020,December,12/1/20,70,0.019254777,0.019264777,-3.949476876,0.114543914,0.16809952,0.16810952,-1.783139607,0.002071579,9.294734596,2.229448067,59,2061779,78900711,2.613131078,0.960549149,0,-0.518256759,None,2011409.45,14.51434625,408.75,6.013103722,14.5986209,44.20069582
Dhamar,2021,January,1/1/21,71,0.018486112,0.018496112,-3.990194731,0.097069125,0.190442759,0.190452759,-1.658351099,0.002071579,8.923681887,2.188708629,60,1374613,78900711,1.7422061,0.555152184,0,-0.518256759,None,2055099.325,14.53583474,408.75,6.013103722,14.5986209,44.20069582
Dhamar,2021,February,2/1/21,72,0.017303132,0.017313132,-4.05628999,0.104453894,0.165653298,0.165663298,-1.797797876,0.002071579,8.352629564,2.122576407,61,1374613,78900711,1.7422061,0.555152184,0,-0.518256759,None,2055099.325,14.53583474,662.5,6.496020558,14.5986209,44.20069582
Dhamar,2021,March,3/1/21,73,0.020740317,0.020750317,-3.875193755,0.105361572,0.19684897,0.19685897,-1.625267695,0.002071579,10.01183976,2.303768369,62,1374613,78900711,1.7422061,0.555152184,3,-0.407476584,Low,2055099.325,14.53583474,681.25,6.523929346,14.5986209,44.20069582
Dhamar,2021,April,4/1/21,74,0.043843868,0.043853868,-3.126892354,0.069235085,0.633260842,0.633270842,-0.456857078,0.002071579,21.16446826,3.05232375,63,1374613,78900711,1.7422061,0.555152184,0,-0.518256759,None,2055099.325,14.53583474,668.75,6.505410298,14.5986209,44.20069582
Dhamar,2021,May,5/1/21,75,0.025834764,0.025844764,-3.655647252,0.053292265,0.484775114,0.484785114,-0.72404955,0.002071579,12.47104938,2.523409909,64,1374613,78900711,1.7422061,0.555152184,0,-0.518256759,None,2055099.325,14.53583474,565,6.336825731,14.5986209,44.20069582
Dhamar,2021,June,6/1/21,76,0.021909668,0.021919668,-3.820370963,0.061033115,0.358980006,0.358990006,-1.024460729,0.002071579,10.57631304,2.358616882,65,1374613,78900711,1.7422061,0.555152184,0,-0.518256759,None,2055099.325,14.53583474,486.25,6.186722895,14.5986209,44.20069582
Dhamar,2021,July,7/1/21,77,0.025338676,0.025348676,-3.675028779,0.088803395,0.285334542,0.285344542,-1.25405791,0.002071579,12.23157601,2.504020806,66,1374613,78900711,1.7422061,0.555152184,0,-0.518256759,None,2055099.325,14.53583474,442,6.091309882,14.5986209,44.20069582
Dhamar,2021,August,8/1/21,78,0.018317115,0.018327115,-3.999373622,0.079094505,0.231585179,0.231595179,-1.46276435,0.002071579,8.842103053,2.17952475,67,1374613,78900711,1.7422061,0.555152184,0,-0.518256759,None,2055099.325,14.53583474,415,6.02827852,14.5986209,44.20069582
Dhamar,2021,September,9/1/21,79,0.023877668,0.023887668,-3.734392936,0.077070001,0.309817926,0.309827926,-1.171738213,0.002071579,11.52631302,2.44463251,68,1374613,78900711,1.7422061,0.555152184,0,-0.518256759,None,2055099.325,14.53583474,548,6.306275287,14.5986209,44.20069582
Dhamar,2021,October,10/1/21,80,0.040848257,0.040858257,-3.197646348,0.100656798,0.40581717,0.40582717,-0.9018279,0.002071579,19.71841624,2.981553034,69,1374613,78900711,1.7422061,0.555152184,0,-0.518256759,None,2055099.325,14.53583474,537.5,6.28692876,14.5986209,44.20069582
Dhamar,2021,November,11/1/21,81,0.029252869,0.029262869,-3.531435836,0.11311233,0.258617863,0.258627863,-1.352365073,0.002071579,14.12104921,2.647666536,70,1374613,78900711,1.7422061,0.555152184,1,-0.481330034,Low,2055099.325,14.53583474,454,6.118097198,14.5986209,44.20069582
Dhamar,2021,December,12/1/21,82,0.024024859,0.024034859,-3.728250044,0.114543914,0.209743653,0.209753653,-1.561821518,0.002071579,11.59736558,2.450777967,71,1374613,78900711,1.7422061,0.555152184,0,-0.518256759,None,2055099.325,14.53583474,459,6.12905021,14.5986209,44.20069582
Dhamar,2022,January,1/1/22,83,0.020972006,0.020982006,-3.864090066,0.097069125,0.216052282,0.216062282,-1.53218857,0.002071579,10.1236815,2.314877382,72,2216961,78900711,2.809811182,1.033117286,10,-0.148989509,Medium,2098789.201,14.55687117,560.67,6.329132497,14.5986209,44.20069582
Dhamar,2022,February,2/1/22,84,0.019039442,0.019049442,-3.960717469,0.104453894,0.182276038,0.182286038,-1.702178188,0.002071579,9.190787317,2.218201604,73,2216961,78900711,2.809811182,1.033117286,0,-0.518256759,None,2098789.201,14.55687117,515,6.244166901,14.5986209,44.20069582
Dhamar,2022,March,3/1/22,85,0.025671219,0.025681219,-3.661995332,0.105361572,0.243648784,0.243658784,-1.411986459,0.002071579,12.39210235,2.517059362,74,2216961,78900711,2.809811182,1.033117286,0,-0.518256759,None,2098789.201,14.55687117,785,6.665683718,14.5986209,44.20069582
Hadramawt,2015,March,3/1/15,1,0.12674902,0.12675902,-2.065467475,0.132653873,0.955486765,0.955496765,-0.045523901,NA,NA,NA,NA,2147043,1707026826,0.125776758,-2.073246705,0,-0.518256759,None,1344574.725,14.11158833,NA,NA,16.57752379,49.25856448
Hadramawt,2015,April,4/1/15,2,0.108159029,0.108169029,-2.224060192,0.138162827,0.782837403,0.782847403,-0.24481749,NA,NA,NA,NA,2147043,1707026826,0.125776758,-2.073246705,0,-0.518256759,None,1344574.725,14.11158833,NA,NA,16.57752379,49.25856448
Hadramawt,2015,May,5/1/15,3,0.063064079,0.063074079,-2.763445386,0.138403973,0.455652229,0.455662229,-0.78600347,NA,NA,NA,NA,2147043,1707026826,0.125776758,-2.073246705,0,-0.518256759,None,1344574.725,14.11158833,NA,NA,16.57752379,49.25856448
Hadramawt,2015,June,6/1/15,4,0.056980616,0.056990616,-2.864868656,0.150082171,0.379662792,0.379672792,-0.968445471,NA,NA,NA,NA,2147043,1707026826,0.125776758,-2.073246705,0,-0.518256759,None,1344574.725,14.11158833,NA,NA,16.57752379,49.25856448
Hadramawt,2015,July,7/1/15,5,0.053427522,0.053437522,-2.929242121,0.136029434,0.392764422,0.392774422,-0.934519822,NA,NA,NA,NA,2147043,1707026826,0.125776758,-2.073246705,2,-0.444403309,Low,1344574.725,14.11158833,NA,NA,16.57752379,49.25856448
Hadramawt,2015,August,8/1/15,6,0.054010423,0.054020423,-2.9183931,0.130145702,0.414999666,0.415009666,-0.879453467,NA,NA,NA,NA,2147043,1707026826,0.125776758,-2.073246705,0,-0.518256759,None,1344574.725,14.11158833,NA,NA,16.57752379,49.25856448
Hadramawt,2015,September,9/1/15,7,0.050160818,0.050170818,-2.992321736,0.129770084,0.386536067,0.386546067,-0.950504228,NA,NA,NA,NA,2147043,1707026826,0.125776758,-2.073246705,0,-0.518256759,None,1344574.725,14.11158833,NA,NA,16.57752379,49.25856448
Hadramawt,2015,October,10/1/15,8,0.060425513,0.060435513,-2.806178383,0.123844471,0.487914498,0.487924498,-0.717594602,0.052085621,1.160118893,0.148522494,1,2147043,1707026826,0.125776758,-2.073246705,0,-0.518256759,None,1344574.725,14.11158833,NA,NA,16.57752379,49.25856448
Hadramawt,2015,November,11/1/15,9,0.076722491,0.076732491,-2.567430049,0.121751872,0.630154506,0.630164506,-0.461774373,0.052085621,1.473007128,0.387305977,2,2147043,1707026826,0.125776758,-2.073246705,0,-0.518256759,None,1344574.725,14.11158833,NA,NA,16.57752379,49.25856448
Hadramawt,2015,December,12/1/15,10,0.090768083,0.090778083,-2.399337399,0.127553186,0.711609687,0.711619687,-0.340211658,0.052085621,1.74267065,0.555418793,3,2147043,1707026826,0.125776758,-2.073246705,0,-0.518256759,None,1344574.725,14.11158833,NA,NA,16.57752379,49.25856448
Hadramawt,2016,January,1/1/16,11,0.084991146,0.085001146,-2.46509054,0.136198161,0.624025652,0.624035652,-0.471547778,0.052085621,1.631758331,0.489658164,4,1496738,1707026826,0.087680989,-2.434050176,0,-0.518256759,None,1379868.046,14.13749843,NA,NA,16.57752379,49.25856448
Hadramawt,2016,February,2/1/16,12,0.087891269,0.087901269,-2.431541038,0.129100293,0.680798372,0.680808372,-0.384474405,0.052085621,1.687438247,0.523211549,5,1496738,1707026826,0.087680989,-2.434050176,0,-0.518256759,None,1379868.046,14.13749843,NA,NA,16.57752379,49.25856448
Hadramawt,2016,March,3/1/16,13,0.066484129,0.066494129,-2.710641621,0.132653873,0.501184982,0.501194982,-0.690760068,0.052085621,1.276439212,0.244074336,6,1496738,1707026826,0.087680989,-2.434050176,0,-0.518256759,None,1379868.046,14.13749843,NA,NA,16.57752379,49.25856448
Hadramawt,2016,April,4/1/16,14,0.063029952,0.063039952,-2.763986595,0.138162827,0.456200508,0.456210508,-0.784800936,0.052085621,1.210121926,0.19072112,7,1496738,1707026826,0.087680989,-2.434050176,5,-0.333623134,Medium,1379868.046,14.13749843,NA,NA,16.57752379,49.25856448
Hadramawt,2016,May,5/1/16,15,0.059141741,0.059151741,-2.827649255,0.138403973,0.42731245,0.42732245,-0.850216399,0.052085621,1.135471554,0.127048031,8,1496738,1707026826,0.087680989,-2.434050176,0,-0.518256759,None,1379868.046,14.13749843,NA,NA,16.57752379,49.25856448
Hadramawt,2016,June,6/1/16,16,0.057316045,0.057326045,-2.859000221,0.150082171,0.381897761,0.381907761,-0.962576163,0.052085621,1.10041973,0.09569168,9,1496738,1707026826,0.087680989,-2.434050176,0,-0.518256759,None,1379868.046,14.13749843,218.125,5.385068293,16.57752379,49.25856448
Hadramawt,2016,July,7/1/16,17,0.048913471,0.048923471,-3.017498018,0.136029434,0.359580052,0.359590052,-1.022790641,0.052085621,0.939097395,-0.062836083,10,1496738,1707026826,0.087680989,-2.434050176,0,-0.518256759,None,1379868.046,14.13749843,192,5.257495372,16.57752379,49.25856448
Hadramawt,2016,August,8/1/16,18,0.068160679,0.068170679,-2.685740733,0.130145702,0.52372593,0.52373593,-0.646767672,0.052085621,1.308627558,0.268978922,11,1496738,1707026826,0.087680989,-2.434050176,0,-0.518256759,None,1379868.046,14.13749843,160,5.075173815,16.57752379,49.25856448
Hadramawt,2016,September,9/1/16,19,0.080269009,0.080279009,-2.522247099,0.129770084,0.618547868,0.618557868,-0.48036453,0.052085621,1.541097283,0.432494684,12,1496738,1707026826,0.087680989,-2.434050176,0,-0.518256759,None,1379868.046,14.13749843,180,5.192956851,16.57752379,49.25856448
Hadramawt,2016,October,10/1/16,20,0.091425824,0.091435824,-2.39211793,0.123844471,0.738230968,0.738240968,-0.303484993,0.052085621,1.755298722,0.562639054,13,1496738,1707026826,0.087680989,-2.434050176,0,-0.518256759,None,1379868.046,14.13749843,163.5,5.09681299,16.57752379,49.25856448
Hadramawt,2016,November,11/1/16,21,0.090293471,0.090303471,-2.404579381,0.121751872,0.741618747,0.741628747,-0.298906502,0.052085621,1.7335585,0.550176232,14,1496738,1707026826,0.087680989,-2.434050176,0,-0.518256759,None,1379868.046,14.13749843,166,5.111987788,16.57752379,49.25856448
Hadramawt,2016,December,12/1/16,22,0.091370149,0.091380149,-2.392727012,0.127553186,0.716329804,0.716339804,-0.333600638,0.052085621,1.754229809,0.562029905,15,1496738,1707026826,0.087680989,-2.434050176,0,-0.518256759,None,1379868.046,14.13749843,160,5.075173815,16.57752379,49.25856448
Hadramawt,2017,January,1/1/17,23,0.093773758,0.093783758,-2.366763594,0.136198161,0.688509724,0.688519724,-0.373211313,0.052085621,1.800377075,0.587996129,16,1107538,1707026826,0.064881113,-2.735198715,0,-0.518256759,None,1415153.659,14.16274868,168,5.123963979,16.57752379,49.25856448
Hadramawt,2017,February,2/1/17,24,0.095268758,0.095278758,-2.350948389,0.129100293,0.737943781,0.737953781,-0.303874084,0.052085621,1.829079815,0.603813007,17,1107538,1707026826,0.064881113,-2.735198715,0,-0.518256759,None,1415153.659,14.16274868,175,5.164785974,16.57752379,49.25856448
Hadramawt,2017,March,3/1/17,25,0.091311817,0.091321817,-2.39336556,0.132653873,0.688346408,0.688356408,-0.37344854,0.052085621,1.753109884,0.561391287,18,1107538,1707026826,0.064881113,-2.735198715,0,-0.518256759,None,1415153.659,14.16274868,175,5.164785974,16.57752379,49.25856448
Hadramawt,2017,April,4/1/17,26,0.095667802,0.095677802,-2.346768961,0.138162827,0.692427941,0.692437941,-0.367536661,0.052085621,1.836741123,0.607992873,19,1107538,1707026826,0.064881113,-2.735198715,0,-0.518256759,None,1415153.659,14.16274868,175,5.164785974,16.57752379,49.25856448
Hadramawt,2017,May,5/1/17,27,0.075423256,0.075433256,-2.58450704,0.138403973,0.544950078,0.544960078,-0.607042738,0.052085621,1.448062912,0.370226741,20,1107538,1707026826,0.064881113,-2.735198715,0,-0.518256759,None,1415153.659,14.16274868,195,5.272999559,16.57752379,49.25856448
Hadramawt,2017,June,6/1/17,28,0.093950183,0.093960183,-2.364884172,0.150082171,0.625991632,0.626001632,-0.468402301,0.052085621,1.803764287,0.589875752,21,1107538,1707026826,0.064881113,-2.735198715,0,-0.518256759,None,1415153.659,14.16274868,192.5,5.260096154,16.57752379,49.25856448
Hadramawt,2017,July,7/1/17,29,0.080880481,0.080890481,-2.514659126,0.136029434,0.594580736,0.594590736,-0.519881949,0.052085621,1.55283703,0.4400836,22,1107538,1707026826,0.064881113,-2.735198715,0,-0.518256759,None,1415153.659,14.16274868,175,5.164785974,16.57752379,49.25856448
Hadramawt,2017,August,8/1/17,30,0.077662736,0.077672736,-2.555250971,0.130145702,0.596736847,0.596746847,-0.516262297,0.052085621,1.491059039,0.399486632,23,1107538,1707026826,0.064881113,-2.735198715,0,-0.518256759,None,1415153.659,14.16274868,179,5.187385806,16.57752379,49.25856448
Hadramawt,2017,September,9/1/17,31,0.0701384,0.0701484,-2.657142281,0.129770084,0.540482041,0.540492041,-0.615275367,0.052085621,1.346598133,0.297581511,24,1107538,1707026826,0.064881113,-2.735198715,0,-0.518256759,None,1415153.659,14.16274868,186,5.225746674,16.57752379,49.25856448
Hadramawt,2017,October,10/1/17,32,0.087660663,0.087670663,-2.434167951,0.123844471,0.707828634,0.707838634,-0.345539129,0.052085621,1.683010806,0.520584336,25,1107538,1707026826,0.064881113,-2.735198715,0,-0.518256759,None,1415153.659,14.16274868,192.75,5.261394012,16.57752379,49.25856448
Hadramawt,2017,November,11/1/17,33,0.084145419,0.084155419,-2.475089964,0.121751872,0.691122177,0.691132177,-0.36942419,0.052085621,1.615521086,0.479657559,26,1107538,1707026826,0.064881113,-2.735198715,0,-0.518256759,None,1415153.659,14.16274868,205,5.323009979,16.57752379,49.25856448
Hadramawt,2017,December,12/1/17,34,0.091846625,0.091856625,-2.387526341,0.127553186,0.720065313,0.720075313,-0.328399471,0.052085621,1.763377747,0.567231144,27,1107538,1707026826,0.064881113,-2.735198715,0,-0.518256759,None,1415153.659,14.16274868,230,5.438079309,16.57752379,49.25856448
Hadramawt,2018,January,1/1/18,35,0.096374466,0.096384466,-2.339410231,0.136198161,0.707604754,0.707614754,-0.345855466,0.052085621,1.850308476,0.615352369,28,1548853,1707026826,0.090733958,-2.399823593,0,-0.518256759,None,1450473.133,14.18740036,275.625,5.619041246,16.57752379,49.25856448
Hadramawt,2018,February,2/1/18,36,0.087197643,0.087207643,-2.439463303,0.129100293,0.675425604,0.675435604,-0.392397457,0.052085621,1.674121213,0.515288379,29,1548853,1707026826,0.090733958,-2.399823593,0,-0.518256759,None,1450473.133,14.18740036,220,5.393627546,16.57752379,49.25856448
Hadramawt,2018,March,3/1/18,37,0.085694462,0.085704462,-2.456850389,0.132653873,0.646000453,0.646010453,-0.436939594,0.052085621,1.645261405,0.49789928,30,1548853,1707026826,0.090733958,-2.399823593,0,-0.518256759,None,1450473.133,14.18740036,287.5,5.66122286,16.57752379,49.25856448
Hadramawt,2018,April,4/1/18,38,0.086156431,0.086166431,-2.451474609,0.138162827,0.623586189,0.623596189,-0.472252253,0.052085621,1.65413082,0.503275687,31,1548853,1707026826,0.090733958,-2.399823593,1,-0.481330034,Low,1450473.133,14.18740036,287.5,5.66122286,16.57752379,49.25856448
Hadramawt,2018,May,5/1/18,39,0.077200653,0.077210653,-2.561217839,0.138403973,0.557792173,0.557802173,-0.583750908,0.052085621,1.482187435,0.393518993,32,1548853,1707026826,0.090733958,-2.399823593,0,-0.518256759,None,1450473.133,14.18740036,300,5.703782475,16.57752379,49.25856448
Hadramawt,2018,June,6/1/18,40,0.07236896,0.07237896,-2.62583963,0.150082171,0.482195584,0.482205584,-0.729384733,0.052085621,1.389423004,0.328888556,33,1548853,1707026826,0.090733958,-2.399823593,0,-0.518256759,None,1450473.133,14.18740036,321.25,5.772219636,16.57752379,49.25856448
Hadramawt,2018,July,7/1/18,41,0.071502284,0.071512284,-2.63788604,0.136029434,0.525638326,0.525648326,-0.643122872,0.052085621,1.372783556,0.316840471,34,1548853,1707026826,0.090733958,-2.399823593,0,-0.518256759,None,1450473.133,14.18740036,301.25,5.707940485,16.57752379,49.25856448
Hadramawt,2018,August,8/1/18,42,0.068908259,0.068918259,-2.674834129,0.130145702,0.529470107,0.529480107,-0.635859684,0.052085621,1.322980463,0.279887118,35,1548853,1707026826,0.090733958,-2.399823593,0,-0.518256759,None,1450473.133,14.18740036,317.5,5.760477818,16.57752379,49.25856448
Hadramawt,2018,September,9/1/18,43,0.074988027,0.074998027,-2.590293472,0.129770084,0.577852957,0.577862957,-0.548418537,0.052085621,1.439706882,0.364439539,36,1548853,1707026826,0.090733958,-2.399823593,0,-0.518256759,None,1450473.133,14.18740036,438.75,6.083929775,16.57752379,49.25856448
Hadramawt,2018,October,10/1/18,44,0.075309635,0.075319635,-2.586014421,0.123844471,0.608098482,0.608108482,-0.497401989,0.052085621,1.445881484,0.368719159,37,1548853,1707026826,0.090733958,-2.399823593,0,-0.518256759,None,1450473.133,14.18740036,470,6.152732695,16.57752379,49.25856448
Hadramawt,2018,November,11/1/18,45,0.084857021,0.084867021,-2.466669706,0.121751872,0.696966867,0.696976867,-0.361003058,0.052085621,1.629183244,0.488078812,38,1548853,1707026826,0.090733958,-2.399823593,0,-0.518256759,None,1450473.133,14.18740036,386.25,5.956484828,16.57752379,49.25856448
Hadramawt,2018,December,12/1/18,46,0.094647577,0.094657577,-2.357489352,0.127553186,0.742024403,0.742034403,-0.298359672,0.052085621,1.817153663,0.597271355,39,1548853,1707026826,0.090733958,-2.399823593,0,-0.518256759,None,1450473.133,14.18740036,265,5.579729826,16.57752379,49.25856448
Hadramawt,2019,January,1/1/19,47,0.089050324,0.089060324,-2.418441341,0.136198161,0.653829123,0.653839123,-0.424893947,0.052085621,1.709691126,0.536312726,40,1622687,1707026826,0.095059256,-2.353254834,0,-0.518256759,None,1485496.59,14.21125968,260,5.560681631,16.57752379,49.25856448
Hadramawt,2019,February,2/1/19,48,0.089513471,0.089523471,-2.413254442,0.129100293,0.693363812,0.693373812,-0.366186014,0.052085621,1.718583158,0.541500206,41,1622687,1707026826,0.095059256,-2.353254834,0,-0.518256759,None,1485496.59,14.21125968,260,5.560681631,16.57752379,49.25856448
Hadramawt,2019,March,3/1/19,49,0.083382087,0.083392087,-2.484201854,0.132653873,0.628568809,0.628578809,-0.464293867,0.052085621,1.600865755,0.47054458,42,1622687,1707026826,0.095059256,-2.353254834,0,-0.518256759,None,1485496.59,14.21125968,280,5.634789603,16.57752379,49.25856448
Hadramawt,2019,April,4/1/19,50,0.076677417,0.076687417,-2.568017639,0.138162827,0.554978633,0.554988633,-0.588807647,0.052085621,1.472141745,0.38671831,43,1622687,1707026826,0.095059256,-2.353254834,0,-0.518256759,None,1485496.59,14.21125968,302.5,5.712081277,16.57752379,49.25856448
Hadramawt,2019,May,5/1/19,51,0.085225563,0.085235563,-2.462336526,0.138403973,0.615773962,0.615783962,-0.484859088,0.052085621,1.63625894,0.492412502,44,1622687,1707026826,0.095059256,-2.353254834,0,-0.518256759,None,1485496.59,14.21125968,305,5.720311777,16.57752379,49.25856448
Hadramawt,2019,June,6/1/19,52,0.071724823,0.071734823,-2.634778973,0.150082171,0.477903689,0.477913689,-0.73832513,0.052085621,1.377056117,0.319947972,45,1622687,1707026826,0.095059256,-2.353254834,0,-0.518256759,None,1485496.59,14.21125968,305,5.720311777,16.57752379,49.25856448
Hadramawt,2019,July,7/1/19,53,0.065480179,0.065490179,-2.725855087,0.136029434,0.481367724,0.481377724,-0.731103028,0.052085621,1.257164218,0.228858564,46,1622687,1707026826,0.095059256,-2.353254834,0,-0.518256759,None,1485496.59,14.21125968,305,5.720311777,16.57752379,49.25856448
Hadramawt,2019,August,8/1/19,54,0.073931346,0.073941346,-2.604483122,0.130145702,0.56806598,0.56807598,-0.565500102,0.052085621,1.419419498,0.350247984,47,1622687,1707026826,0.095059256,-2.353254834,0,-0.518256759,None,1485496.59,14.21125968,305,5.720311777,16.57752379,49.25856448
Hadramawt,2019,September,9/1/19,55,0.065486311,0.065496311,-2.725761459,0.129770084,0.504633339,0.504643339,-0.683903359,0.052085621,1.257281947,0.228952206,48,1622687,1707026826,0.095059256,-2.353254834,0,-0.518256759,None,1485496.59,14.21125968,305,5.720311777,16.57752379,49.25856448
Hadramawt,2019,October,10/1/19,56,0.07439661,0.07440661,-2.598210497,0.123844471,0.60072613,0.60073613,-0.509599492,0.052085621,1.428352174,0.356521454,49,1622687,1707026826,0.095059256,-2.353254834,0,-0.518256759,None,1485496.59,14.21125968,333.125,5.808517795,16.57752379,49.25856448
Hadramawt,2019,November,11/1/19,57,0.083580508,0.083590508,-2.481825306,0.121751872,0.686482322,0.686492322,-0.376160238,0.052085621,1.604675271,0.472921413,50,1622687,1707026826,0.095059256,-2.353254834,0,-0.518256759,None,1485496.59,14.21125968,337.5,5.82156551,16.57752379,49.25856448
Hadramawt,2019,December,12/1/19,58,0.091651101,0.091661101,-2.389657188,0.127553186,0.718532431,0.718542431,-0.33053052,0.052085621,1.759623851,0.565100065,51,1622687,1707026826,0.095059256,-2.353254834,0,-0.518256759,None,1485496.59,14.21125968,337.5,5.82156551,16.57752379,49.25856448
Hadramawt,2020,January,1/1/20,59,0.090686915,0.090696915,-2.400231936,0.136198161,0.665845372,0.665855372,-0.406682791,0.052085621,1.741112293,0.554524158,52,1820175,1707026826,0.106628377,-2.238405602,0,-0.518256759,None,1520937.189,14.23483727,337.5,5.82156551,16.57752379,49.25856448
Hadramawt,2020,February,2/1/20,60,0.083823018,0.083833018,-2.47892834,0.129100293,0.649286042,0.649296042,-0.431866515,0.052085621,1.609331259,0.475818726,53,1820175,1707026826,0.106628377,-2.238405602,0,-0.518256759,None,1520937.189,14.23483727,340,5.828945618,16.57752379,49.25856448
Hadramawt,2020,March,3/1/20,61,0.079787002,0.079797002,-2.528269344,0.132653873,0.601467565,0.601477565,-0.508366043,0.052085621,1.531843155,0.426471687,54,1820175,1707026826,0.106628377,-2.238405602,0,-0.518256759,None,1520937.189,14.23483727,311.25,5.740596448,16.57752379,49.25856448
Hadramawt,2020,April,4/1/20,62,0.072486445,0.072496445,-2.624217753,0.138162827,0.524645061,0.524655061,-0.645014259,0.052085621,1.391678617,0.330510657,55,1820175,1707026826,0.106628377,-2.238405602,0,-0.518256759,None,1520937.189,14.23483727,250,5.521460918,16.57752379,49.25856448
Hadramawt,2020,May,5/1/20,63,0.068924478,0.068934478,-2.67459882,0.138403973,0.497994937,0.498004937,-0.697145288,0.052085621,1.323291854,0.280122461,56,1820175,1707026826,0.106628377,-2.238405602,0,-0.518256759,None,1520937.189,14.23483727,228.75,5.432629704,16.57752379,49.25856448
Hadramawt,2020,June,6/1/20,64,0.059975422,0.059985422,-2.813653713,0.150082171,0.399617235,0.399627235,-0.917223079,0.052085621,1.151477526,0.141045923,57,1820175,1707026826,0.106628377,-2.238405602,0,-0.518256759,None,1520937.189,14.23483727,228.75,5.432629704,16.57752379,49.25856448
Hadramawt,2020,July,7/1/20,65,0.05978118,0.05979118,-2.816897121,0.136029434,0.439472387,0.439482387,-0.822157638,0.052085621,1.147748243,0.137801973,58,1820175,1707026826,0.106628377,-2.238405602,0,-0.518256759,None,1520937.189,14.23483727,318.75,5.764407096,16.57752379,49.25856448
Hadramawt,2020,August,8/1/20,66,0.057727336,0.057737336,-2.851851244,0.130145702,0.443559295,0.443569295,-0.812901244,0.052085621,1.10831617,0.1028419,59,1820175,1707026826,0.106628377,-2.238405602,0,-0.518256759,None,1520937.189,14.23483727,313.75,5.74859649,16.57752379,49.25856448
Hadramawt,2020,September,9/1/20,67,0.056059901,0.056069901,-2.881156134,0.129770084,0.431994025,0.432004025,-0.839320374,0.052085621,1.076302825,0.073531858,60,1820175,1707026826,0.106628377,-2.238405602,0,-0.518256759,None,1520937.189,14.23483727,317.5,5.760477818,16.57752379,49.25856448
Hadramawt,2020,October,10/1/20,68,0.066196979,0.066206979,-2.714969399,0.123844471,0.53451703,0.53452703,-0.626372979,0.052085621,1.270926174,0.239745906,61,1820175,1707026826,0.106628377,-2.238405602,0,-0.518256759,None,1520937.189,14.23483727,317.5,5.760477818,16.57752379,49.25856448
Hadramawt,2020,November,11/1/20,69,0.074962505,0.074972505,-2.590633833,0.121751872,0.615698991,0.615708991,-0.484980844,0.052085621,1.439216881,0.364099133,62,1820175,1707026826,0.106628377,-2.238405602,0,-0.518256759,None,1520937.189,14.23483727,317.5,5.760477818,16.57752379,49.25856448
Hadramawt,2020,December,12/1/20,70,0.087510587,0.087520587,-2.435881233,0.127553186,0.686071352,0.686081352,-0.376759069,0.052085621,1.680129474,0.518870858,63,1820175,1707026826,0.106628377,-2.238405602,0,-0.518256759,None,1520937.189,14.23483727,317.5,5.760477818,16.57752379,49.25856448
Hadramawt,2021,January,1/1/21,71,0.091204183,0.091214183,-2.394544879,0.136198161,0.669643279,0.669653279,-0.400995195,0.052085621,1.751043402,0.56021184,64,1788252,1707026826,0.104758283,-2.256099649,0,-0.518256759,None,1556185.311,14.25774807,317.5,5.760477818,16.57752379,49.25856448
Hadramawt,2021,February,2/1/21,72,0.086989417,0.086999417,-2.441853861,0.129100293,0.673812703,0.673822703,-0.394788255,0.052085621,1.670123449,0.512897545,65,1788252,1707026826,0.104758283,-2.256099649,0,-0.518256759,None,1556185.311,14.25774807,383.125,5.948361307,16.57752379,49.25856448
Hadramawt,2021,March,3/1/21,73,0.078358124,0.078368124,-2.546338016,0.132653873,0.590696089,0.590706089,-0.526436697,0.052085621,1.504409902,0.40840073,66,1788252,1707026826,0.104758283,-2.256099649,0,-0.518256759,None,1556185.311,14.25774807,500,6.214608098,16.57752379,49.25856448
Hadramawt,2021,April,4/1/21,74,0.082983124,0.082993124,-2.488997518,0.138162827,0.600618311,0.600628311,-0.509778987,0.052085621,1.593206002,0.46574834,67,1788252,1707026826,0.104758283,-2.256099649,0,-0.518256759,None,1556185.311,14.25774807,500,6.214608098,16.57752379,49.25856448
Hadramawt,2021,May,5/1/21,75,0.066145177,0.066155177,-2.71575213,0.138403973,0.477913859,0.477923859,-0.73830385,0.052085621,1.269931619,0.238963056,68,1788252,1707026826,0.104758283,-2.256099649,0,-0.518256759,None,1556185.311,14.25774807,500,6.214608098,16.57752379,49.25856448
Hadramawt,2021,June,6/1/21,76,0.063190146,0.063200146,-2.761448668,0.150082171,0.421036994,0.421046994,-0.865010827,0.052085621,1.213197516,0.193259449,69,1788252,1707026826,0.104758283,-2.256099649,0,-0.518256759,None,1556185.311,14.25774807,500,6.214608098,16.57752379,49.25856448
Hadramawt,2021,July,7/1/21,77,0.063136336,0.063146336,-2.762300452,0.136029434,0.464137313,0.464147313,-0.767553292,0.052085621,1.212164409,0.192407529,70,1788252,1707026826,0.104758283,-2.256099649,0,-0.518256759,None,1556185.311,14.25774807,510,6.234410726,16.57752379,49.25856448
Hadramawt,2021,August,8/1/21,78,0.058703803,0.058713803,-2.835080435,0.130145702,0.451062171,0.451072171,-0.796127928,0.052085621,1.127063513,0.119615589,71,1788252,1707026826,0.104758283,-2.256099649,0,-0.518256759,None,1556185.311,14.25774807,587.5,6.375876246,16.57752379,49.25856448
Hadramawt,2021,September,9/1/21,79,0.060484074,0.060494074,-2.805209869,0.129770084,0.46608642,0.46609642,-0.763362756,0.052085621,1.161243215,0.149491168,72,1788252,1707026826,0.104758283,-2.256099649,0,-0.518256759,None,1556185.311,14.25774807,600,6.396929655,16.57752379,49.25856448
Hadramawt,2021,October,10/1/21,80,0.068954822,0.068964822,-2.67415873,0.123844471,0.55678563,0.55679563,-0.585557018,0.052085621,1.323874434,0.280562615,73,1788252,1707026826,0.104758283,-2.256099649,0,-0.518256759,None,1556185.311,14.25774807,600,6.396929655,16.57752379,49.25856448
Hadramawt,2021,November,11/1/21,81,0.089808818,0.089818818,-2.409960771,0.121751872,0.737638085,0.737648085,-0.304288418,0.052085621,1.724253571,0.544794244,74,1788252,1707026826,0.104758283,-2.256099649,0,-0.518256759,None,1556185.311,14.25774807,845,6.739336627,16.57752379,49.25856448
Hadramawt,2021,December,12/1/21,82,0.093679342,0.093689342,-2.367770842,0.127553186,0.73443357,0.73444357,-0.308642114,0.052085621,1.798564368,0.586988773,75,1788252,1707026826,0.104758283,-2.256099649,0,-0.518256759,None,1556185.311,14.25774807,688.5,6.534515318,16.57752379,49.25856448
Hadramawt,2022,January,1/1/22,83,0.086641611,0.086651611,-2.445859671,0.136198161,0.636143767,0.636153767,-0.452314973,0.052085621,1.663445867,0.508891274,76,1786061,1707026826,0.104629932,-2.257325611,0,-0.518256759,None,1591433.432,14.2801457,646.945,6.472261283,16.57752379,49.25856448
Hadramawt,2022,February,2/1/22,84,0.085812521,0.085822521,-2.455473824,0.129100293,0.664696565,0.664706565,-0.408409591,0.052085621,1.647528038,0.499276006,77,1786061,1707026826,0.104629932,-2.257325611,0,-0.518256759,None,1591433.432,14.2801457,536.46,6.284992002,16.57752379,49.25856448
Hadramawt,2022,March,3/1/22,85,0.091122505,0.091132505,-2.395440733,0.132653873,0.686919296,0.686929296,-0.375523909,0.052085621,1.749475253,0.559315888,78,1786061,1707026826,0.104629932,-2.257325611,0,-0.518256759,None,1591433.432,14.2801457,915,6.818924065,16.57752379,49.25856448
Hajjah,2015,March,3/1/15,1,0.067758483,0.067768483,-2.691658045,0.075542989,0.896952634,0.896962634,-0.108741074,NA,NA,NA,NA,2677081,85942804,3.114956547,1.136215203,9,-0.185916234,Medium,1992830.659,14.50506663,200,5.298317367,16.08954093,43.27092064
Hajjah,2015,April,4/1/15,2,0.078853468,0.078863468,-2.540037175,0.097401829,0.809568661,0.809578661,-0.211241338,NA,NA,NA,NA,2677081,85942804,3.114956547,1.136215203,18,0.146424291,High,1992830.659,14.50506663,400,5.991464547,16.08954093,43.27092064
Hajjah,2015,May,5/1/15,3,0.038950055,0.038960055,-3.245218389,0.116775098,0.333547611,0.333557611,-1.097939682,NA,NA,NA,NA,2677081,85942804,3.114956547,1.136215203,38,0.884958791,Severe,1992830.659,14.50506663,1280,7.154615357,16.08954093,43.27092064
Hajjah,2015,June,6/1/15,4,0.025818237,0.025828237,-3.656286928,0.093453414,0.276268528,0.276278528,-1.286345763,NA,NA,NA,NA,2677081,85942804,3.114956547,1.136215203,42,1.032665691,Severe,1992830.659,14.50506663,1100,7.003065459,16.08954093,43.27092064
Hajjah,2015,July,7/1/15,5,0.045748674,0.045758674,-3.08437391,0.118538124,0.385940595,0.385950595,-0.95204591,NA,NA,NA,NA,2677081,85942804,3.114956547,1.136215203,53,1.438859666,Severe,1992830.659,14.50506663,743.75,6.611704957,16.08954093,43.27092064
Hajjah,2015,August,8/1/15,6,0.020563507,0.020573507,-3.883751099,0.084812999,0.242457021,0.242467021,-1.416889574,NA,NA,NA,NA,2677081,85942804,3.114956547,1.136215203,28,0.515691541,High,1992830.659,14.50506663,433.33,6.071499562,16.08954093,43.27092064
Hajjah,2015,September,9/1/15,7,0.038291963,0.038301963,-3.262254131,0.08976996,0.426556532,0.426566532,-0.851986929,NA,NA,NA,NA,2677081,85942804,3.114956547,1.136215203,49,1.291152766,Severe,1992830.659,14.50506663,600,6.396929655,16.08954093,43.27092064
Hajjah,2015,October,10/1/15,8,0.015941848,0.015951848,-4.138180594,0.09334401,0.170785978,0.170795978,-1.767285546,NA,NA,NA,NA,2677081,85942804,3.114956547,1.136215203,36,0.811105341,Severe,1992830.659,14.50506663,613,6.418364936,16.08954093,43.27092064
Hajjah,2015,November,11/1/15,9,0.01248874,0.01249874,-4.38212744,0.073267608,0.17045377,0.17046377,-1.769232498,NA,NA,NA,NA,2677081,85942804,3.114956547,1.136215203,35,0.774178616,High,1992830.659,14.50506663,625,6.43775165,16.08954093,43.27092064
Hajjah,2015,December,12/1/15,10,0.013864979,0.013874979,-4.277668133,0.064005939,0.216620196,0.216630196,-1.529563545,NA,NA,NA,NA,2677081,85942804,3.114956547,1.136215203,51,1.365006216,Severe,1992830.659,14.50506663,275,5.616771098,16.08954093,43.27092064
Hajjah,2016,January,1/1/16,11,0.004659193,0.004669193,-5.366769027,0.057086378,0.081616546,0.081626546,-2.505600751,NA,NA,NA,NA,1011690,85942804,1.177166619,0.163110381,26,0.441838091,High,2041924.525,14.52940332,217,5.379897354,16.08954093,43.27092064
Hajjah,2016,February,2/1/16,12,0.008207387,0.008217387,-4.801503004,0.061875063,0.132644504,0.132654504,-2.020007245,NA,NA,NA,NA,1011690,85942804,1.177166619,0.163110381,37,0.848032066,Severe,2041924.525,14.52940332,181,5.198497031,16.08954093,43.27092064
Hajjah,2016,March,3/1/16,13,0.010624562,0.010634562,-4.543646016,0.075542989,0.140642595,0.140652595,-1.961462294,0.00643329,1.651497445,0.501682419,1,1011690,85942804,1.177166619,0.163110381,17,0.109497566,High,2041924.525,14.52940332,181,5.198497031,16.08954093,43.27092064
Hajjah,2016,April,4/1/16,14,0.021071464,0.021081464,-3.859361108,0.097401829,0.216335404,0.216345404,-1.530879056,0.00643329,3.275379161,1.186433637,2,1011690,85942804,1.177166619,0.163110381,8,-0.222842959,Medium,2041924.525,14.52940332,193,5.262690189,16.08954093,43.27092064
Hajjah,2016,May,5/1/16,15,0.048733861,0.048743861,-3.021176018,0.116775098,0.417330936,0.417340936,-0.873851799,0.00643329,7.575262579,2.024888015,3,1011690,85942804,1.177166619,0.163110381,3,-0.407476584,Low,2041924.525,14.52940332,276,5.620400866,16.08954093,43.27092064
Hajjah,2016,June,6/1/16,16,0.079113703,0.079123703,-2.53674279,0.093453414,0.846557658,0.846567658,-0.166565154,0.00643329,12.29754962,2.509400025,4,1011690,85942804,1.177166619,0.163110381,4,-0.370549859,Low,2041924.525,14.52940332,230,5.438079309,16.08954093,43.27092064
Hajjah,2016,July,7/1/16,17,0.045938642,0.045948642,-3.080230984,0.118538124,0.387543185,0.387553185,-0.947902188,0.00643329,7.140769653,1.965820565,5,1011690,85942804,1.177166619,0.163110381,57,1.586566566,Severe,2041924.525,14.52940332,206,5.327876169,16.08954093,43.27092064
Hajjah,2016,August,8/1/16,18,0.021216595,0.021226595,-3.852500402,0.084812999,0.25015735,0.25016735,-1.385625185,0.00643329,3.297938535,1.193297587,6,1011690,85942804,1.177166619,0.163110381,62,1.771200191,Severe,2041924.525,14.52940332,203.5,5.315666005,16.08954093,43.27092064
Hajjah,2016,September,9/1/16,19,0.0395556,0.0395656,-3.229795225,0.08976996,0.440632923,0.440642923,-0.81952043,0.00643329,6.148580275,1.816221206,7,1011690,85942804,1.177166619,0.163110381,33,0.700325166,High,2041924.525,14.52940332,195,5.272999559,16.08954093,43.27092064
Hajjah,2016,October,10/1/16,20,0.03691072,0.03692072,-3.298982368,0.09334401,0.395426766,0.395436766,-0.927764388,0.00643329,5.737456263,1.747015952,8,1011690,85942804,1.177166619,0.163110381,27,0.478764816,High,2041924.525,14.52940332,197.75,5.287003607,16.08954093,43.27092064
Hajjah,2016,November,11/1/16,21,0.015657766,0.015667766,-4.156149798,0.073267608,0.213706526,0.213716526,-1.543104787,0.00643329,2.433866031,0.889480952,9,1011690,85942804,1.177166619,0.163110381,22,0.294131191,High,2041924.525,14.52940332,196.25,5.279389357,16.08954093,43.27092064
Hajjah,2016,December,12/1/16,22,0.009215794,0.009225794,-4.685752022,0.064005939,0.143983421,0.143993421,-1.937987668,0.00643329,1.432516488,0.359432679,10,1011690,85942804,1.177166619,0.163110381,30,0.589544991,High,2041924.525,14.52940332,192.75,5.261394012,16.08954093,43.27092064
Hajjah,2017,January,1/1/17,23,0.011893204,0.011903204,-4.430947671,0.057086378,0.208336988,0.208346988,-1.568550378,0.00643329,1.848697012,0.614481073,11,680372,85942804,0.79165674,-0.23362739,55,1.512713116,Severe,2090705.238,14.553012,197.75,5.287003607,16.08954093,43.27092064
Hajjah,2017,February,2/1/17,24,0.013136823,0.013146823,-4.331575147,0.061875063,0.212312076,0.212322076,-1.549650931,0.00643329,2.042006967,0.713933132,12,680372,85942804,0.79165674,-0.23362739,57,1.586566566,Severe,2090705.238,14.553012,230,5.438079309,16.08954093,43.27092064
Hajjah,2017,March,3/1/17,25,0.014668201,0.014678201,-4.221391811,0.075542989,0.194170249,0.194180249,-1.638968433,0.00643329,2.280046601,0.824195882,13,680372,85942804,0.79165674,-0.23362739,51,1.365006216,Severe,2090705.238,14.553012,213.875,5.365391732,16.08954093,43.27092064
Hajjah,2017,April,4/1/17,26,0.043093785,0.043103785,-3.144144467,0.097401829,0.442433018,0.442443018,-0.815443596,0.00643329,6.698560923,1.901892716,14,680372,85942804,0.79165674,-0.23362739,74,2.214320892,Severe,2090705.238,14.553012,210,5.347107531,16.08954093,43.27092064
Hajjah,2017,May,5/1/17,27,0.067593334,0.067603334,-2.694097978,0.116775098,0.57883346,0.57884346,-0.546723201,0.00643329,10.50680663,2.352023298,15,680372,85942804,0.79165674,-0.23362739,67,1.955833816,Severe,2090705.238,14.553012,197.5,5.285738584,16.08954093,43.27092064
Hajjah,2017,June,6/1/17,28,0.057334101,0.057344101,-2.8586853,0.093453414,0.61350462,0.61351462,-0.488551185,0.00643329,8.912096455,2.187409506,16,680372,85942804,0.79165674,-0.23362739,74,2.214320892,Severe,2090705.238,14.553012,197.5,5.285738584,16.08954093,43.27092064
Hajjah,2017,July,7/1/17,29,0.065956862,0.065966862,-2.718602754,0.118538124,0.556418981,0.556428981,-0.586215734,0.00643329,10.25243103,2.327514851,17,680372,85942804,0.79165674,-0.23362739,70,2.066613992,Severe,2090705.238,14.553012,227.75,5.428248536,16.08954093,43.27092064
Hajjah,2017,August,8/1/17,30,0.056773596,0.056783596,-2.868507798,0.084812999,0.669397343,0.669407343,-0.401362521,0.00643329,8.824970738,2.177585287,18,680372,85942804,0.79165674,-0.23362739,76,2.288174342,Severe,2090705.238,14.553012,231.125,5.44295869,16.08954093,43.27092064
Hajjah,2017,September,9/1/17,31,0.030339806,0.030349806,-3.494965154,0.08976996,0.337972813,0.337982813,-1.084760234,0.00643329,4.716063787,1.550974508,19,680372,85942804,0.79165674,-0.23362739,76,2.288174342,Severe,2090705.238,14.553012,235,5.459585514,16.08954093,43.27092064
Hajjah,2017,October,10/1/17,32,0.053167851,0.053177851,-2.934113304,0.09334401,0.569590389,0.569600389,-0.562820236,0.00643329,8.264488465,2.111967838,20,680372,85942804,0.79165674,-0.23362739,77,2.325101067,Severe,2090705.238,14.553012,277.5,5.625820933,16.08954093,43.27092064
Hajjah,2017,November,11/1/17,33,0.01886698,0.01887698,-3.969812089,0.073267608,0.257507793,0.257517793,-1.356666462,0.00643329,2.932710946,1.075927233,21,680372,85942804,0.79165674,-0.23362739,50,1.328079491,Severe,2090705.238,14.553012,395,5.978885765,16.08954093,43.27092064
Hajjah,2017,December,12/1/17,34,0.02242925,0.02243925,-3.796943621,0.064005939,0.350424515,0.350434515,-1.048581423,0.00643329,3.486435401,1.248879839,22,680372,85942804,0.79165674,-0.23362739,68,1.992760541,Severe,2090705.238,14.553012,443.75,6.095261341,16.08954093,43.27092064
Hajjah,2018,January,1/1/18,35,0.011783105,0.011793105,-4.44024024,0.057086378,0.206408349,0.206418349,-1.577850349,0.00643329,1.831583062,0.605180654,23,1284253,85942804,1.494311263,0.401665407,30,0.589544991,High,2139198.452,14.57594176,343.75,5.839914649,16.08954093,43.27092064
Hajjah,2018,February,2/1/18,36,0.018328996,0.018338996,-3.998725557,0.061875063,0.296225899,0.296235899,-1.216599186,0.00643329,2.849085926,1.046998215,24,1284253,85942804,1.494311263,0.401665407,70,2.066613992,Severe,2139198.452,14.57594176,346.875,5.848964485,16.08954093,43.27092064
Hajjah,2018,March,3/1/18,37,0.026531378,0.026541378,-3.62905033,0.075542989,0.351209005,0.351219005,-1.046345304,0.00643329,4.124076173,1.416842037,25,1284253,85942804,1.494311263,0.401665407,53,1.438859666,Severe,2139198.452,14.57594176,272.5,5.607638614,16.08954093,43.27092064
Hajjah,2018,April,4/1/18,38,0.039918427,0.039928427,-3.220666753,0.097401829,0.409832418,0.409842418,-0.89198254,0.00643329,6.204978635,1.825351975,26,1284253,85942804,1.494311263,0.401665407,70,2.066613992,Severe,2139198.452,14.57594176,270,5.598421959,16.08954093,43.27092064
Hajjah,2018,May,5/1/18,39,0.080119608,0.080129608,-2.524109855,0.116775098,0.686101826,0.686111826,-0.376714653,0.00643329,12.45390896,2.522034546,27,1284253,85942804,1.494311263,0.401665407,40,0.958812241,Severe,2139198.452,14.57594176,351.25,5.861498221,16.08954093,43.27092064
Hajjah,2018,June,6/1/18,40,0.048578721,0.048588721,-3.024363853,0.093453414,0.519817512,0.519827512,-0.65425823,0.00643329,7.551147391,2.021699524,28,1284253,85942804,1.494311263,0.401665407,23,0.331057916,High,2139198.452,14.57594176,363.75,5.896466818,16.08954093,43.27092064
Hajjah,2018,July,7/1/18,41,0.035509459,0.035519459,-3.337674592,0.118538124,0.299561507,0.299571507,-1.205402135,0.00643329,5.519642205,1.70831304,29,1284253,85942804,1.494311263,0.401665407,17,0.109497566,High,2139198.452,14.57594176,382.5,5.946728653,16.08954093,43.27092064
Hajjah,2018,August,8/1/18,42,0.0585552,0.0585652,-2.837614615,0.084812999,0.690403605,0.690413605,-0.370464433,0.00643329,9.101905868,2.208483828,30,1284253,85942804,1.494311263,0.401665407,30,0.589544991,High,2139198.452,14.57594176,434,6.073044534,16.08954093,43.27092064
Hajjah,2018,September,9/1/18,43,0.027269543,0.027279543,-3.601618198,0.08976996,0.303771361,0.303781361,-1.191447044,0.00643329,4.238817619,1.444284367,31,1284253,85942804,1.494311263,0.401665407,24,0.367984641,High,2139198.452,14.57594176,512.5,6.239300711,16.08954093,43.27092064
Hajjah,2018,October,10/1/18,44,0.024814834,0.024824834,-3.695910756,0.09334401,0.265842811,0.265852811,-1.324812465,0.00643329,3.857254064,1.349955548,32,1284253,85942804,1.494311263,0.401665407,19,0.183351016,High,2139198.452,14.57594176,575,6.354370041,16.08954093,43.27092064
Hajjah,2018,November,11/1/18,45,0.014813332,0.014823332,-4.211552853,0.073267608,0.202181188,0.202191188,-1.598541554,0.00643329,2.302605976,0.834041515,33,1284253,85942804,1.494311263,0.401665407,27,0.478764816,High,2139198.452,14.57594176,563.75,6.334610891,16.08954093,43.27092064
Hajjah,2018,December,12/1/18,46,0.01243369,0.01244369,-4.386541612,0.064005939,0.194258381,0.194268381,-1.638514669,0.00643329,1.932710946,0.658923653,34,1284253,85942804,1.494311263,0.401665407,23,0.331057916,High,2139198.452,14.57594176,460,6.131226489,16.08954093,43.27092064
Hajjah,2019,January,1/1/19,47,0.009528576,0.009538576,-4.652411071,0.057086378,0.166915057,0.166925057,-1.790210328,0.00643329,1.48113578,0.392809212,35,4318827,85942804,5.025233992,1.614472018,38,0.884958791,Severe,2187586.44,14.59830941,410,6.01615716,16.08954093,43.27092064
Hajjah,2019,February,2/1/19,48,0.016905215,0.016915215,-4.079541766,0.061875063,0.27321532,0.27322532,-1.297458476,0.00643329,2.627771327,0.966136083,36,4318827,85942804,5.025233992,1.614472018,51,1.365006216,Severe,2187586.44,14.59830941,368.75,5.910118908,16.08954093,43.27092064
Hajjah,2019,March,3/1/19,49,0.010767191,0.010777191,-4.530323323,0.075542989,0.142530646,0.142540646,-1.948128085,0.00643329,1.673667906,0.515017569,37,4318827,85942804,5.025233992,1.614472018,43,1.069592416,Severe,2187586.44,14.59830941,405,6.003887067,16.08954093,43.27092064
Hajjah,2019,April,4/1/19,50,0.026025923,0.026035923,-3.648278041,0.097401829,0.267201585,0.267211585,-1.319714481,0.00643329,4.045507509,1.397607008,38,4318827,85942804,5.025233992,1.614472018,18,0.146424291,High,2187586.44,14.59830941,426.25,6.055026029,16.08954093,43.27092064
Hajjah,2019,May,5/1/19,51,0.085304274,0.085314274,-2.4614135,0.116775098,0.730500556,0.730510556,-0.314011598,0.00643329,13.25982102,2.584738487,39,4318827,85942804,5.025233992,1.614472018,27,0.478764816,High,2187586.44,14.59830941,430,6.063785209,16.08954093,43.27092064
Hajjah,2019,June,6/1/19,52,0.040533981,0.040543981,-3.205367943,0.093453414,0.433734621,0.433744621,-0.835299349,0.00643329,6.300661248,1.840654588,40,4318827,85942804,5.025233992,1.614472018,25,0.404911366,High,2187586.44,14.59830941,430,6.063785209,16.08954093,43.27092064
Hajjah,2019,July,7/1/19,53,0.043506656,0.043516656,-3.134611518,0.118538124,0.367026697,0.367036697,-1.002293444,0.00643329,6.762738195,1.911427866,41,4318827,85942804,5.025233992,1.614472018,23,0.331057916,High,2187586.44,14.59830941,430,6.063785209,16.08954093,43.27092064
Hajjah,2019,August,8/1/19,54,0.023949054,0.023959054,-3.731408989,0.084812999,0.282374805,0.282384805,-1.264484581,0.00643329,3.722675956,1.314442753,42,4318827,85942804,5.025233992,1.614472018,13,-0.038209334,High,2187586.44,14.59830941,430,6.063785209,16.08954093,43.27092064
Hajjah,2019,September,9/1/19,55,0.024194275,0.024204275,-3.721226009,0.08976996,0.269514155,0.269524155,-1.311097264,0.00643329,3.760793466,1.324629963,43,4318827,85942804,5.025233992,1.614472018,40,0.958812241,Severe,2187586.44,14.59830941,665,6.499787041,16.08954093,43.27092064
Hajjah,2019,October,10/1/19,56,0.021041437,0.021051437,-3.860786455,0.09334401,0.225418182,0.225428182,-1.489753654,0.00643329,3.27071172,1.185007613,44,4318827,85942804,5.025233992,1.614472018,27,0.478764816,High,2187586.44,14.59830941,762.5,6.636602508,16.08954093,43.27092064
Hajjah,2019,November,11/1/19,57,0.031440797,0.031450797,-3.459330954,0.073267608,0.429122744,0.429132744,-0.845988981,0.00643329,4.887203437,1.586620246,45,4318827,85942804,5.025233992,1.614472018,6,-0.296696409,Medium,2187586.44,14.59830941,430,6.063785209,16.08954093,43.27092064
Hajjah,2019,December,12/1/19,58,0.015714143,0.015724143,-4.152557977,0.064005939,0.245510703,0.245520703,-1.404374005,0.00643329,2.442629354,0.893075063,46,4318827,85942804,5.025233992,1.614472018,0,-0.518256759,None,2187586.44,14.59830941,430,6.063785209,16.08954093,43.27092064
Hajjah,2020,January,1/1/20,59,0.01251126,0.01252126,-4.380327279,0.057086378,0.219163669,0.219173669,-1.517890854,0.00643329,1.94476854,0.665142967,47,1369114,85942804,1.593052514,0.465651996,1,-0.481330034,Low,2235973.998,14.62018748,430,6.063785209,16.08954093,43.27092064
Hajjah,2020,February,2/1/20,60,0.014460515,0.014470515,-4.235642148,0.061875063,0.233705057,0.233715057,-1.453652611,0.00643329,2.247763586,0.80993576,48,1369114,85942804,1.593052514,0.465651996,6,-0.296696409,Medium,2235973.998,14.62018748,430,6.063785209,16.08954093,43.27092064
Hajjah,2020,March,3/1/20,61,0.014538084,0.014548084,-4.230295978,0.075542989,0.192447826,0.192457826,-1.647878235,0.00643329,2.259821025,0.815285618,49,1369114,85942804,1.593052514,0.465651996,45,1.143445866,Severe,2235973.998,14.62018748,430,6.063785209,16.08954093,43.27092064
Hajjah,2020,April,4/1/20,62,0.017465719,0.017475719,-4.046942847,0.097401829,0.17931613,0.17932613,-1.718549176,0.00643329,2.714896888,0.998753974,50,1369114,85942804,1.593052514,0.465651996,17,0.109497566,High,2235973.998,14.62018748,345,5.843544417,16.08954093,43.27092064
Hajjah,2020,May,5/1/20,63,0.037301071,0.037311071,-3.288465187,0.116775098,0.319426587,0.319436587,-1.141196501,0.00643329,5.798132993,1.757535968,51,1369114,85942804,1.593052514,0.465651996,30,0.589544991,High,2235973.998,14.62018748,345,5.843544417,16.08954093,43.27092064
Hajjah,2020,June,6/1/20,64,0.020405865,0.020415865,-3.891442984,0.093453414,0.21835334,0.21836334,-1.521594906,0.00643329,3.171917479,1.154336288,52,1369114,85942804,1.593052514,0.465651996,34,0.737251891,High,2235973.998,14.62018748,345,5.843544417,16.08954093,43.27092064
Hajjah,2020,July,7/1/20,65,0.044358357,0.044368357,-3.115228744,0.118538124,0.374211736,0.374221736,-0.98290678,0.00643329,6.895127843,1.930815052,53,1369114,85942804,1.593052514,0.465651996,25,0.404911366,High,2235973.998,14.62018748,600,6.396929655,16.08954093,43.27092064
Hajjah,2020,August,8/1/20,66,0.03272195,0.03273195,-3.419403614,0.084812999,0.385812912,0.385822912,-0.952376792,0.00643329,5.086347732,1.626560035,54,1369114,85942804,1.593052514,0.465651996,5,-0.333623134,Medium,2235973.998,14.62018748,500,6.214608098,16.08954093,43.27092064
Hajjah,2020,September,9/1/20,67,0.017976179,0.017986179,-4.018151649,0.08976996,0.200247153,0.200257153,-1.608152973,0.00643329,2.794243536,1.027561421,55,1369114,85942804,1.593052514,0.465651996,18,0.146424291,High,2235973.998,14.62018748,543.75,6.298489582,16.08954093,43.27092064
Hajjah,2020,October,10/1/20,68,0.022317586,0.022327586,-3.801932325,0.09334401,0.239089643,0.239099643,-1.430874898,0.00643329,3.469078186,1.243888906,56,1369114,85942804,1.593052514,0.465651996,16,0.072570841,High,2235973.998,14.62018748,457,6.124683391,16.08954093,43.27092064
Hajjah,2020,November,11/1/20,69,0.019525073,0.019535073,-3.935543814,0.073267608,0.266489838,0.266499838,-1.322381643,0.00643329,3.035005883,1.110213363,57,1369114,85942804,1.593052514,0.465651996,4,-0.370549859,Low,2235973.998,14.62018748,358.75,5.882625767,16.08954093,43.27092064
Hajjah,2020,December,12/1/20,70,0.014943449,0.014953449,-4.202813303,0.064005939,0.233469727,0.233479727,-1.454660028,0.00643329,2.322831553,0.842786938,58,1369114,85942804,1.593052514,0.465651996,11,-0.112062784,Medium,2235973.998,14.62018748,383.75,5.949991299,16.08954093,43.27092064
Hajjah,2021,January,1/1/21,71,0.012038335,0.012048335,-4.418828803,0.057086378,0.210879293,0.210889293,-1.556421961,0.00643329,1.871256387,0.62661007,59,2268115,85942804,2.639098208,0.970437271,8,-0.222842959,Medium,2284472.013,14.64164549,700,6.551080335,16.08954093,43.27092064
Hajjah,2021,February,2/1/21,72,0.014538084,0.014548084,-4.230295978,0.061875063,0.234958696,0.234968696,-1.448302982,0.00643329,2.259821025,0.815285618,60,2268115,85942804,2.639098208,0.970437271,8,-0.222842959,Medium,2284472.013,14.64164549,762.5,6.636602508,16.08954093,43.27092064
Hajjah,2021,March,3/1/21,73,0.020463417,0.020473417,-3.888627966,0.075542989,0.270884397,0.270894397,-1.306026213,0.00643329,3.180863446,1.157152684,61,2268115,85942804,2.639098208,0.970437271,25,0.404911366,High,2284472.013,14.64164549,762.5,6.636602508,16.08954093,43.27092064
Hajjah,2021,April,4/1/21,74,0.0535557,0.0535657,-2.926846341,0.097401829,0.54984286,0.54985286,-0.598104564,0.00643329,8.324776281,2.119236162,62,2268115,85942804,2.639098208,0.970437271,8,-0.222842959,Medium,2284472.013,14.64164549,700,6.551080335,16.08954093,43.27092064
Hajjah,2021,May,5/1/21,75,0.054073667,0.054083667,-2.917223043,0.116775098,0.463058203,0.463068203,-0.769880929,0.00643329,8.405289828,2.128861249,63,2268115,85942804,2.639098208,0.970437271,4,-0.370549859,Low,2284472.013,14.64164549,570,6.345636361,16.08954093,43.27092064
Hajjah,2021,June,6/1/21,76,0.028235412,0.028245412,-3.566824242,0.093453414,0.302133554,0.302143554,-1.19685303,0.00643329,4.388953708,1.479090863,64,2268115,85942804,2.639098208,0.970437271,9,-0.185916234,Medium,2284472.013,14.64164549,503.75,6.222080113,16.08954093,43.27092064
Hajjah,2021,July,7/1/21,77,0.046033931,0.046043931,-3.078159316,0.118538124,0.388347053,0.388357053,-0.945830123,0.00643329,7.155581514,1.967892684,65,2268115,85942804,2.639098208,0.970437271,4,-0.370549859,Low,2284472.013,14.64164549,599,6.395261598,16.08954093,43.27092064
Hajjah,2021,August,8/1/21,78,0.035056551,0.035066551,-3.350507566,0.084812999,0.413339365,0.413349365,-0.883462124,0.00643329,5.449241523,1.695476429,66,2268115,85942804,2.639098208,0.970437271,1,-0.481330034,Low,2284472.013,14.64164549,606.25,6.407292442,16.08954093,43.27092064
Hajjah,2021,September,9/1/21,79,0.038181864,0.038191864,-3.26513277,0.08976996,0.425330075,0.425340075,-0.854866254,0.00643329,5.935044744,1.780874567,67,2268115,85942804,2.639098208,0.970437271,3,-0.407476584,Low,2284472.013,14.64164549,680,6.522092798,16.08954093,43.27092064
Hajjah,2021,October,10/1/21,80,0.04086678,0.04087678,-3.197193103,0.09334401,0.437808275,0.437818275,-0.825951352,0.00643329,6.352392011,1.848831437,68,2268115,85942804,2.639098208,0.970437271,4,-0.370549859,Low,2284472.013,14.64164549,650,6.476972363,16.08954093,43.27092064
Hajjah,2021,November,11/1/21,81,0.034185767,0.034195767,-3.375653415,0.073267608,0.466587731,0.466597731,-0.762287782,0.00643329,5.313885586,1.670323316,69,2268115,85942804,2.639098208,0.970437271,12,-0.075136059,Medium,2284472.013,14.64164549,570,6.345636361,16.08954093,43.27092064
Hajjah,2021,December,12/1/21,82,0.027625554,0.027635554,-3.588652147,0.064005939,0.431609232,0.431619232,-0.840211487,0.00643329,4.294156489,1.457255142,70,2268115,85942804,2.639098208,0.970437271,12,-0.075136059,Medium,2284472.013,14.64164549,575,6.354370041,16.08954093,43.27092064
Hajjah,2022,January,1/1/22,83,0.017072866,0.017082866,-4.069679306,0.057086378,0.299070753,0.299080753,-1.207041665,0.00643329,2.653831243,0.976004348,71,4866339,85942804,5.662299545,1.73383009,9,-0.185916234,Medium,2332970.028,14.6626527,803.33,6.688765588,16.08954093,43.27092064
Hajjah,2022,February,2/1/22,84,0.022405165,0.022415165,-3.79801754,0.061875063,0.362103311,0.362113311,-1.015798102,0.00643329,3.482691593,1.247805441,72,4866339,85942804,5.662299545,1.73383009,51,1.365006216,Severe,2332970.028,14.6626527,1200,7.090076836,16.08954093,43.27092064
Hajjah,2022,March,3/1/22,85,0.037613852,0.037623852,-3.280117068,0.075542989,0.497913208,0.497923208,-0.697309415,0.00643329,5.846752128,1.765886315,73,4866339,85942804,5.662299545,1.73383009,46,1.180372591,Severe,2332970.028,14.6626527,1400,7.244227516,16.08954093,43.27092064
Ibb,2015,March,3/1/15,1,0.117754762,0.117764762,-2.139066187,0.235802755,0.499378229,0.499388229,-0.694371472,NA,NA,NA,NA,2453093,55450614,4.423923962,1.487027076,5,-0.333623134,Medium,2859752.91,14.86624578,NA,NA,14.07580166,44.16673367
Ibb,2015,April,4/1/15,2,0.032538113,0.032548113,-3.425035884,0.163491875,0.199019755,0.199029755,-1.614300943,NA,NA,NA,NA,2453093,55450614,4.423923962,1.487027076,17,0.109497566,High,2859752.91,14.86624578,NA,NA,14.07580166,44.16673367
Ibb,2015,May,5/1/15,3,0.001613717,0.001623717,-6.423037314,0.102657375,0.015719445,0.015729445,-4.152220845,NA,NA,NA,NA,2453093,55450614,4.423923962,1.487027076,7,-0.259769684,Medium,2859752.91,14.86624578,NA,NA,14.07580166,44.16673367
Ibb,2015,June,6/1/15,4,0.006283938,0.006293938,-5.068168331,0.10871612,0.057801346,0.057811346,-2.850570225,NA,NA,NA,NA,2453093,55450614,4.423923962,1.487027076,14,-0.001282609,High,2859752.91,14.86624578,NA,NA,14.07580166,44.16673367
Ibb,2015,July,7/1/15,5,0.015561822,0.015571822,-4.16229228,0.190092288,0.081864562,0.081874562,-2.502566935,NA,NA,NA,NA,2453093,55450614,4.423923962,1.487027076,19,0.183351016,High,2859752.91,14.86624578,NA,NA,14.07580166,44.16673367
Ibb,2015,August,8/1/15,6,0.000970384,0.000980384,-6.927566226,0.191678392,0.005062563,0.005072563,-5.283909066,NA,NA,NA,NA,2453093,55450614,4.423923962,1.487027076,44,1.106519141,Severe,2859752.91,14.86624578,NA,NA,14.07580166,44.16673367
Ibb,2015,September,9/1/15,7,0.003498972,0.003508972,-5.652432162,0.124850637,0.028025263,0.028035263,-3.574292168,NA,NA,NA,NA,2453093,55450614,4.423923962,1.487027076,21,0.257204466,High,2859752.91,14.86624578,NA,NA,14.07580166,44.16673367
Ibb,2015,October,10/1/15,8,0.002630048,0.002640048,-5.93695818,0.175423771,0.014992541,0.015002541,-4.199535692,0.002234678,1.176924819,0.162904951,1,2453093,55450614,4.423923962,1.487027076,11,-0.112062784,Medium,2859752.91,14.86624578,NA,NA,14.07580166,44.16673367
Ibb,2015,November,11/1/15,9,0.003076147,0.003086147,-5.780831892,0.24498235,0.012556607,0.012566607,-4.376712221,0.002234678,1.376550447,0.319580694,2,2453093,55450614,4.423923962,1.487027076,15,0.035644116,High,2859752.91,14.86624578,NA,NA,14.07580166,44.16673367
Ibb,2015,December,12/1/15,10,0.002920982,0.002930982,-5.832417759,0.25737228,0.011349249,0.011359249,-4.477722977,0.002234678,1.307115388,0.267822715,3,2453093,55450614,4.423923962,1.487027076,0,-0.518256759,None,2859752.91,14.86624578,NA,NA,14.07580166,44.16673367
Ibb,2016,January,1/1/16,11,0.003041235,0.003051235,-5.792208852,0.229204973,0.013268626,0.013278626,-4.321599604,0.002234678,1.360927615,0.308166537,4,2046218,55450614,3.690162926,1.30567061,31,0.626471716,High,2929130.981,14.89021634,NA,NA,14.07580166,44.16673367
Ibb,2016,February,2/1/16,12,0.004069204,0.004079204,-5.501853408,0.22056588,0.018448928,0.018458928,-3.992207123,0.002234678,1.820935276,0.599350257,5,2046218,55450614,3.690162926,1.30567061,11,-0.112062784,Medium,2929130.981,14.89021634,NA,NA,14.07580166,44.16673367
Ibb,2016,March,3/1/16,13,0.00497304,0.00498304,-5.301715132,0.235802755,0.02108983,0.02109983,-3.858490295,0.002234678,2.225394442,0.799934177,6,2046218,55450614,3.690162926,1.30567061,4,-0.370549859,Low,2929130.981,14.89021634,NA,NA,14.07580166,44.16673367
Ibb,2016,April,4/1/16,14,0.004827319,0.004837319,-5.331394637,0.163491875,0.029526354,0.029536354,-3.522133435,0.002234678,2.160185494,0.770194095,7,2046218,55450614,3.690162926,1.30567061,0,-0.518256759,None,2929130.981,14.89021634,NA,NA,14.07580166,44.16673367
Ibb,2016,May,5/1/16,15,0.008040709,0.008050709,-4.821995117,0.102657375,0.078325683,0.078335683,-2.546752058,0.002234678,3.598151054,1.280420117,8,2046218,55450614,3.690162926,1.30567061,0,-0.518256759,None,2929130.981,14.89021634,NA,NA,14.07580166,44.16673367
Ibb,2016,June,6/1/16,16,0.055744136,0.055754136,-2.886803683,0.10871612,0.5127495,0.5127595,-0.667948355,0.002234678,24.94504175,3.216675075,9,2046218,55450614,3.690162926,1.30567061,0,-0.518256759,None,2929130.981,14.89021634,250,5.521460918,14.07580166,44.16673367
Ibb,2016,July,7/1/16,17,0.008973363,0.008983363,-4.712380968,0.190092288,0.047205297,0.047215297,-3.05303735,0.002234678,4.015506037,1.390163376,10,2046218,55450614,3.690162926,1.30567061,0,-0.518256759,None,2929130.981,14.89021634,229,5.433722004,14.07580166,44.16673367
Ibb,2016,August,8/1/16,18,0.007449657,0.007459657,-4.898245844,0.191678392,0.038865398,0.038875398,-3.247393671,0.002234678,3.333660151,1.204070845,11,2046218,55450614,3.690162926,1.30567061,18,0.146424291,High,2929130.981,14.89021634,225,5.416100402,14.07580166,44.16673367
Ibb,2016,September,9/1/16,19,0.009131464,0.009141464,-4.694934731,0.124850637,0.073139106,0.073149106,-2.615255373,0.002234678,4.086254932,1.407628886,12,2046218,55450614,3.690162926,1.30567061,5,-0.333623134,Medium,2929130.981,14.89021634,203,5.313205979,14.07580166,44.16673367
Ibb,2016,October,10/1/16,20,0.01172272,0.01173272,-4.445373759,0.175423771,0.066825151,0.066835151,-2.705526124,0.002234678,5.245820651,1.657431693,13,2046218,55450614,3.690162926,1.30567061,6,-0.296696409,Medium,2929130.981,14.89021634,203,5.313205979,14.07580166,44.16673367
Ibb,2016,November,11/1/16,21,0.008293572,0.008303572,-4.791069495,0.24498235,0.033853753,0.033863753,-3.38541007,0.002234678,3.711305163,1.311383611,14,2046218,55450614,3.690162926,1.30567061,6,-0.296696409,Medium,2929130.981,14.89021634,204,5.318119994,14.07580166,44.16673367
Ibb,2016,December,12/1/16,22,0.007831956,0.007841956,-4.848266986,0.25737228,0.030430457,0.030440457,-3.491982733,0.002234678,3.504735805,1.254115141,15,2046218,55450614,3.690162926,1.30567061,3,-0.407476584,Low,2929130.981,14.89021634,205,5.323009979,14.07580166,44.16673367
Ibb,2017,January,1/1/17,23,0.008825013,0.008835013,-4.729032702,0.229204973,0.038502712,0.038512712,-3.25676691,0.002234678,3.949120634,1.37349293,16,1734890,55450614,3.128711974,1.14062141,0,-0.518256759,None,2997961.217,14.91344302,236,5.463831805,14.07580166,44.16673367
Ibb,2017,February,2/1/17,24,0.009026727,0.009036727,-4.706458228,0.22056588,0.04092531,0.04093531,-3.195762263,0.002234678,4.039385988,1.396092697,17,1734890,55450614,3.128711974,1.14062141,0,-0.518256759,None,2997961.217,14.91344302,275,5.616771098,14.07580166,44.16673367
Ibb,2017,March,3/1/17,25,0.010803367,0.010813367,-4.526972225,0.235802755,0.045815271,0.045825271,-3.082919571,0.002234678,4.834417755,1.575760699,18,1734890,55450614,3.128711974,1.14062141,2,-0.444403309,Low,2997961.217,14.91344302,275,5.616771098,14.07580166,44.16673367
Ibb,2017,April,4/1/17,26,0.013076535,0.013086535,-4.33617144,0.163491875,0.079982782,0.079992782,-2.525818873,0.002234678,5.851641713,1.766722257,19,1734890,55450614,3.128711974,1.14062141,0,-0.518256759,None,2997961.217,14.91344302,275,5.616771098,14.07580166,44.16673367
Ibb,2017,May,5/1/17,27,0.022840296,0.022850296,-3.778791208,0.102657375,0.222490551,0.222500551,-1.502825701,0.002234678,10.22084435,2.324429199,20,1734890,55450614,3.128711974,1.14062141,0,-0.518256759,None,2997961.217,14.91344302,230,5.438079309,14.07580166,44.16673367
Ibb,2017,June,6/1/17,28,0.059901685,0.059911685,-2.814883718,0.10871612,0.55099175,0.55100175,-0.596017294,0.002234678,26.80551068,3.288607489,21,1734890,55450614,3.128711974,1.14062141,0,-0.518256759,None,2997961.217,14.91344302,230,5.438079309,14.07580166,44.16673367
Ibb,2017,July,7/1/17,29,0.024929717,0.024939717,-3.691293686,0.190092288,0.131145336,0.131155336,-2.031372887,0.002234678,11.15584303,2.411963399,22,1734890,55450614,3.128711974,1.14062141,0,-0.518256759,None,2997961.217,14.91344302,250,5.521460918,14.07580166,44.16673367
Ibb,2017,August,8/1/17,30,0.030189636,0.030199636,-3.499925408,0.191678392,0.157501509,0.157511509,-1.84825675,0.002234678,13.50961347,2.603401541,23,1734890,55450614,3.128711974,1.14062141,0,-0.518256759,None,2997961.217,14.91344302,258,5.552959585,14.07580166,44.16673367
Ibb,2017,September,9/1/17,31,0.018856434,0.018866434,-3.970370915,0.124850637,0.15103194,0.15104194,-1.890197732,0.002234678,8.438098912,2.132757036,24,1734890,55450614,3.128711974,1.14062141,0,-0.518256759,None,2997961.217,14.91344302,260,5.560681631,14.07580166,44.16673367
Ibb,2017,October,10/1/17,32,0.017180651,0.017190651,-4.063389589,0.175423771,0.097937987,0.097947987,-2.323318686,0.002234678,7.688199821,2.039686663,25,1734890,55450614,3.128711974,1.14062141,0,-0.518256759,None,2997961.217,14.91344302,270,5.598421959,14.07580166,44.16673367
Ibb,2017,November,11/1/17,33,0.011078785,0.011088785,-4.501821042,0.24498235,0.045222788,0.045232788,-3.095933057,0.002234678,4.957665042,1.600934872,26,1734890,55450614,3.128711974,1.14062141,0,-0.518256759,None,2997961.217,14.91344302,390,5.966146739,14.07580166,44.16673367
Ibb,2017,December,12/1/17,34,0.013026107,0.013036107,-4.34003231,0.25737228,0.050611927,0.050621927,-2.983370457,0.002234678,5.829075598,1.762858428,27,1734890,55450614,3.128711974,1.14062141,0,-0.518256759,None,2997961.217,14.91344302,422.5,6.046189447,14.07580166,44.16673367
Ibb,2018,January,1/1/18,35,0.009922805,0.009932805,-4.611912363,0.229204973,0.043292276,0.043302276,-3.139550082,0.002234678,4.440373512,1.490738497,28,2003806,55450614,3.613676848,1.284725771,0,-0.518256759,None,3066351.724,14.93599905,343.75,5.839914649,14.07580166,44.16673367
Ibb,2018,February,2/1/18,36,0.013933822,0.013943822,-4.272718736,0.22056588,0.063173062,0.063183062,-2.76171902,0.002234678,6.235270585,1.830221976,29,2003806,55450614,3.613676848,1.284725771,0,-0.518256759,None,3066351.724,14.93599905,365,5.899897354,14.07580166,44.16673367
Ibb,2018,March,3/1/18,37,0.014984282,0.014994282,-4.200086351,0.235802755,0.063545831,0.063555831,-2.755836531,0.002234678,6.705342783,1.902904639,30,2003806,55450614,3.613676848,1.284725771,2,-0.444403309,Low,3066351.724,14.93599905,350,5.857933154,14.07580166,44.16673367
Ibb,2018,April,4/1/18,38,0.014767637,0.014777637,-4.214640254,0.163491875,0.090326427,0.090336427,-2.4042145,0.002234678,6.60839593,1.888340951,31,2003806,55450614,3.613676848,1.284725771,7,-0.259769684,Medium,3066351.724,14.93599905,340,5.828945618,14.07580166,44.16673367
Ibb,2018,May,5/1/18,39,0.03630897,0.03631897,-3.315415085,0.102657375,0.353690808,0.353700808,-1.039303898,0.002234678,16.24796503,2.787967672,32,2003806,55450614,3.613676848,1.284725771,1,-0.481330034,Low,3066351.724,14.93599905,376.25,5.930253816,14.07580166,44.16673367
Ibb,2018,June,6/1/18,40,0.055382288,0.055392288,-2.893314901,0.10871612,0.509421125,0.509431125,-0.674460617,0.002234678,24.78311775,3.210162685,33,2003806,55450614,3.613676848,1.284725771,0,-0.518256759,None,3066351.724,14.93599905,372.5,5.920237038,14.07580166,44.16673367
Ibb,2018,July,7/1/18,41,0.017642452,0.017652452,-4.036880582,0.190092288,0.09280993,0.09281993,-2.377093899,0.002234678,7.894851965,2.066210897,34,2003806,55450614,3.613676848,1.284725771,0,-0.518256759,None,3066351.724,14.93599905,377.5,5.933570569,14.07580166,44.16673367
Ibb,2018,August,8/1/18,42,0.030892315,0.030902315,-3.476924179,0.191678392,0.161167436,0.161177436,-1.825249434,0.002234678,13.82405653,2.626410301,35,2003806,55450614,3.613676848,1.284725771,0,-0.518256759,None,3066351.724,14.93599905,470.62,6.154050974,14.07580166,44.16673367
Ibb,2018,September,9/1/18,43,0.01554366,0.01555366,-4.163459298,0.124850637,0.124498043,0.124508043,-2.083384963,0.002234678,6.955659831,1.939555692,36,2003806,55450614,3.613676848,1.284725771,0,-0.518256759,None,3066351.724,14.93599905,506.25,6.227030618,14.07580166,44.16673367
Ibb,2018,October,10/1/18,44,0.014888087,0.014898087,-4.206522464,0.175423771,0.084869268,0.084879268,-2.466525409,0.002234678,6.662296313,1.896464217,37,2003806,55450614,3.613676848,1.284725771,0,-0.518256759,None,3066351.724,14.93599905,577.5,6.358708442,14.07580166,44.16673367
Ibb,2018,November,11/1/18,45,0.015737616,0.015747616,-4.15106629,0.24498235,0.064239795,0.064249795,-2.744976746,0.002234678,7.042453544,1.951956624,38,2003806,55450614,3.613676848,1.284725771,1,-0.481330034,Low,3066351.724,14.93599905,553.75,6.316713321,14.07580166,44.16673367
Ibb,2018,December,12/1/18,46,0.015749253,0.015759253,-4.150327594,0.25737228,0.061192499,0.061202499,-2.793567257,0.002234678,7.047661005,1.952695789,39,2003806,55450614,3.613676848,1.284725771,0,-0.518256759,None,3066351.724,14.93599905,460,6.131226489,14.07580166,44.16673367
Ibb,2019,January,1/1/19,47,0.01594321,0.01595321,-4.138095216,0.229204973,0.069558744,0.069568744,-2.665439893,0.002234678,7.134455165,1.964935887,40,3327552,55450614,6.000929043,1.791914298,0,-0.518256759,None,3134529.967,14.95798979,403.75,6.000795875,14.07580166,44.16673367
Ibb,2019,February,2/1/19,48,0.016691881,0.016701881,-4.092233931,0.22056588,0.07567753,0.07568753,-2.581141861,0.002234678,7.469479272,2.010825287,41,3327552,55450614,6.000929043,1.791914298,0,-0.518256759,None,3134529.967,14.95798979,375,5.926926026,14.07580166,44.16673367
Ibb,2019,March,3/1/19,49,0.017797432,0.017807432,-4.028139381,0.235802755,0.075475929,0.075485929,-2.583809011,0.002234678,7.964204239,2.074957031,42,3327552,55450614,6.000929043,1.791914298,0,-0.518256759,None,3134529.967,14.95798979,375,5.926926026,14.07580166,44.16673367
Ibb,2019,April,4/1/19,50,0.019019357,0.019029357,-3.961772387,0.163491875,0.116332123,0.116342123,-2.151220092,0.002234678,8.511005612,2.141360104,43,3327552,55450614,6.000929043,1.791914298,7,-0.259769684,Medium,3134529.967,14.95798979,430,6.063785209,14.07580166,44.16673367
Ibb,2019,May,5/1/19,51,0.081231331,0.081241331,-2.510331159,0.102657375,0.791285874,0.791295874,-0.234083331,0.002234678,36.35035159,3.593203876,44,3327552,55450614,6.000929043,1.791914298,1,-0.481330034,Low,3134529.967,14.95798979,430,6.063785209,14.07580166,44.16673367
Ibb,2019,June,6/1/19,52,0.026962404,0.026972404,-3.61294101,0.10871612,0.248007417,0.248017417,-1.394256305,0.002234678,12.06545373,2.490346305,45,3327552,55450614,6.000929043,1.791914298,1,-0.481330034,Low,3134529.967,14.95798979,430,6.063785209,14.07580166,44.16673367
Ibb,2019,July,7/1/19,53,0.084154764,0.084164764,-2.474978925,0.190092288,0.442704776,0.442714776,-0.814829563,0.002234678,37.65856378,3.628560386,46,3327552,55450614,6.000929043,1.791914298,6,-0.296696409,Medium,3134529.967,14.95798979,430,6.063785209,14.07580166,44.16673367
Ibb,2019,August,8/1/19,54,0.018679348,0.018689348,-3.979801543,0.191678392,0.097451506,0.097461506,-2.328297789,0.002234678,8.358854385,2.123321382,47,3327552,55450614,6.000929043,1.791914298,0,-0.518256759,None,3134529.967,14.95798979,430,6.063785209,14.07580166,44.16673367
Ibb,2019,September,9/1/19,55,0.013712712,0.013722712,-4.288703009,0.124850637,0.109832936,0.109842936,-2.208703788,0.002234678,6.136325681,1.81422614,48,3327552,55450614,6.000929043,1.791914298,0,-0.518256759,None,3134529.967,14.95798979,438.75,6.083929775,14.07580166,44.16673367
Ibb,2019,October,10/1/19,56,0.013840723,0.013850723,-4.279417846,0.175423771,0.078898788,0.078908788,-2.539462676,0.002234678,6.193609549,1.823518043,49,3327552,55450614,6.000929043,1.791914298,0,-0.518256759,None,3134529.967,14.95798979,441.25,6.089611608,14.07580166,44.16673367
Ibb,2019,November,11/1/19,57,0.017863377,0.017873377,-4.024442992,0.24498235,0.072916996,0.072926996,-2.618296393,0.002234678,7.993714083,2.078655493,50,3327552,55450614,6.000929043,1.791914298,0,-0.518256759,None,3134529.967,14.95798979,430,6.063785209,14.07580166,44.16673367
Ibb,2019,December,12/1/19,58,0.020121029,0.020131029,-3.905492923,0.25737228,0.078178695,0.078188695,-2.548630207,0.002234678,9.003994759,2.197668341,51,3327552,55450614,6.000929043,1.791914298,0,-0.518256759,None,3134529.967,14.95798979,430,6.063785209,14.07580166,44.16673367
Ibb,2020,January,1/1/20,59,0.021552426,0.021562426,-3.836803016,0.229204973,0.094031232,0.094041232,-2.364021955,0.002234678,9.644533127,2.266391239,52,3667215,55450614,6.613479519,1.889109918,0,-0.518256759,None,3202647.638,14.97948841,430,6.063785209,14.07580166,44.16673367
Ibb,2020,February,2/1/20,60,0.020997711,0.021007711,-3.862865718,0.22056588,0.095199271,0.095209271,-2.351677957,0.002234678,9.396302734,2.240316286,53,3667215,55450614,6.613479519,1.889109918,1,-0.481330034,Low,3202647.638,14.97948841,430,6.063785209,14.07580166,44.16673367
Ibb,2020,March,3/1/20,61,0.022491175,0.022501175,-3.794187749,0.235802755,0.095381307,0.095391307,-2.349767826,0.002234678,10.06461557,2.309025864,54,3667215,55450614,6.613479519,1.889109918,0,-0.518256759,None,3202647.638,14.97948841,430,6.063785209,14.07580166,44.16673367
Ibb,2020,April,4/1/20,62,0.022518329,0.022528329,-3.792981695,0.163491875,0.137733627,0.137743627,-1.982361097,0.002234678,10.07676676,2.310232453,55,3667215,55450614,6.613479519,1.889109918,0,-0.518256759,None,3202647.638,14.97948841,345,5.843544417,14.07580166,44.16673367
Ibb,2020,May,5/1/20,63,0.076195833,0.076205833,-2.574317271,0.102657375,0.742234377,0.742244377,-0.298076741,0.002234678,34.09700771,3.52920963,56,3667215,55450614,6.613479519,1.889109918,0,-0.518256759,None,3202647.638,14.97948841,345,5.843544417,14.07580166,44.16673367
Ibb,2020,June,6/1/20,64,0.016739709,0.016749709,-4.089374394,0.10871612,0.153976329,0.153986329,-1.870891453,0.002234678,7.490881908,2.013686535,57,3667215,55450614,6.613479519,1.889109918,0,-0.518256759,None,3202647.638,14.97948841,345,5.843544417,14.07580166,44.16673367
Ibb,2020,July,7/1/20,65,0.021669192,0.021679192,-3.831402372,0.190092288,0.113993009,0.114003009,-2.171530436,0.002234678,9.696784951,2.271794382,58,3667215,55450614,6.613479519,1.889109918,0,-0.518256759,None,3202647.638,14.97948841,386.25,5.956484828,14.07580166,44.16673367
Ibb,2020,August,8/1/20,66,0.02222395,0.02223395,-3.806134879,0.191678392,0.115943951,0.115953951,-2.154562141,0.002234678,9.945034587,2.29707339,59,3667215,55450614,6.613479519,1.889109918,0,-0.518256759,None,3202647.638,14.97948841,345,5.843544417,14.07580166,44.16673367
Ibb,2020,September,9/1/20,67,0.017933201,0.017943201,-4.02054401,0.124850637,0.14363724,0.14364724,-1.940394707,0.002234678,8.024959748,2.082556653,60,3667215,55450614,6.613479519,1.889109918,0,-0.518256759,None,3202647.638,14.97948841,433.75,6.072468331,14.07580166,44.16673367
Ibb,2020,October,10/1/20,68,0.024353156,0.024363156,-3.714683288,0.175423771,0.138824721,0.138834721,-1.974471111,0.002234678,10.89783674,2.388564305,61,3667215,55450614,6.613479519,1.889109918,0,-0.518256759,None,3202647.638,14.97948841,345,5.843544417,14.07580166,44.16673367
Ibb,2020,November,11/1/20,69,0.02477598,0.02478598,-3.697477108,0.24498235,0.101133735,0.101143735,-2.291212655,0.002234678,11.08704699,2.405777489,62,3667215,55450614,6.613479519,1.889109918,0,-0.518256759,None,3202647.638,14.97948841,345,5.843544417,14.07580166,44.16673367
Ibb,2020,December,12/1/20,70,0.025063036,0.025073036,-3.685962273,0.25737228,0.097380479,0.097390479,-2.329026825,0.002234678,11.21550219,2.417296945,63,3667215,55450614,6.613479519,1.889109918,0,-0.518256759,None,3202647.638,14.97948841,345,5.843544417,14.07580166,44.16673367
Ibb,2021,January,1/1/21,71,0.025004849,0.025014849,-3.68828567,0.229204973,0.109093833,0.109103833,-2.215455254,0.002234678,11.18946399,2.41497262,64,3176434,55450614,5.728401853,1.745436583,0,-0.518256759,None,3271007.844,15.0006087,345,5.843544417,14.07580166,44.16673367
Ibb,2021,February,2/1/21,72,0.026494434,0.026504434,-3.630443239,0.22056588,0.120120274,0.120130274,-2.119178508,0.002234678,11.856041,2.472837527,65,3176434,55450614,5.728401853,1.745436583,0,-0.518256759,None,3271007.844,15.0006087,345,5.843544417,14.07580166,44.16673367
Ibb,2021,March,3/1/21,73,0.030423989,0.030433989,-3.492195236,0.235802755,0.129023043,0.129033043,-2.04768676,0.002234678,13.6144845,2.611134263,66,3176434,55450614,5.728401853,1.745436583,0,-0.518256759,None,3271007.844,15.0006087,345,5.843544417,14.07580166,44.16673367
Ibb,2021,April,4/1/21,74,0.070786299,0.070796299,-2.647948554,0.163491875,0.43296524,0.43297524,-0.837074735,0.002234678,31.6762858,3.455568319,67,3176434,55450614,5.728401853,1.745436583,0,-0.518256759,None,3271007.844,15.0006087,458.75,6.128505399,14.07580166,44.16673367
Ibb,2021,May,5/1/21,75,0.035496761,0.035506761,-3.33803215,0.102657375,0.345778965,0.345788965,-1.061926618,0.002234678,15.88450819,2.765344307,68,3176434,55450614,5.728401853,1.745436583,0,-0.518256759,None,3271007.844,15.0006087,492,6.198478716,14.07580166,44.16673367
Ibb,2021,June,6/1/21,76,0.030721248,0.030731248,-3.482475292,0.10871612,0.282582271,0.282592271,-1.263750159,0.002234678,13.74750546,2.620857387,69,3176434,55450614,5.728401853,1.745436583,0,-0.518256759,None,3271007.844,15.0006087,587.5,6.375876246,14.07580166,44.16673367
Ibb,2021,July,7/1/21,77,0.038955496,0.038965496,-3.245078742,0.190092288,0.204929386,0.204939386,-1.585041022,0.002234678,17.43226362,2.85832272,70,3176434,55450614,5.728401853,1.745436583,0,-0.518256759,None,3271007.844,15.0006087,611,6.415096959,14.07580166,44.16673367
Ibb,2021,August,8/1/21,78,0.036897047,0.036907047,-3.299352771,0.191678392,0.192494556,0.192504556,-1.647635458,0.002234678,16.51112465,2.804034375,71,3176434,55450614,5.728401853,1.745436583,0,-0.518256759,None,3271007.844,15.0006087,787.5,6.668863371,14.07580166,44.16673367
Ibb,2021,September,9/1/21,79,0.03576177,0.03577177,-3.330596244,0.124850637,0.286436423,0.286446423,-1.250203766,0.002234678,16.00309754,2.7727823,72,3176434,55450614,5.728401853,1.745436583,0,-0.518256759,None,3271007.844,15.0006087,710,6.56526497,14.07580166,44.16673367
Ibb,2021,October,10/1/21,80,0.051301447,0.051311447,-2.969841413,0.175423771,0.292442961,0.292452961,-1.229451442,0.002234678,22.95697501,3.133621812,73,3176434,55450614,5.728401853,1.745436583,0,-0.518256759,None,3271007.844,15.0006087,643.75,6.467310452,14.07580166,44.16673367
Ibb,2021,November,11/1/21,81,0.043729392,0.043739392,-3.129506164,0.24498235,0.178500173,0.178510173,-1.723109688,0.002234678,19.56854276,2.973923316,74,3176434,55450614,5.728401853,1.745436583,1,-0.481330034,Low,3271007.844,15.0006087,496,6.206575927,14.07580166,44.16673367
Ibb,2021,December,12/1/21,82,0.037592614,0.037602614,-3.28068171,0.25737228,0.146063181,0.146073181,-1.923647543,0.002234678,16.82238515,2.822710449,75,3176434,55450614,5.728401853,1.745436583,0,-0.518256759,None,3271007.844,15.0006087,580,6.363028104,14.07580166,44.16673367
Ibb,2022,January,1/1/22,83,0.033500136,0.033510136,-3.395907319,0.229204973,0.14615798,0.14616798,-1.922998771,0.002234678,14.99103495,2.707452352,76,4180209,55450614,7.538616254,2.020038644,0,-0.518256759,None,3339368.051,15.02129214,820,6.70930434,14.07580166,44.16673367
Ibb,2022,February,2/1/22,84,0.035307809,0.035317809,-3.343367938,0.22056588,0.16007829,0.16008829,-1.832029803,0.002234678,15.79995373,2.760007012,77,4180209,55450614,7.538616254,2.020038644,0,-0.518256759,None,3339368.051,15.02129214,550,6.309918278,14.07580166,44.16673367
Ibb,2022,March,3/1/22,85,0.046417627,0.046427627,-3.069860587,0.235802755,0.196849384,0.196859384,-1.625265592,0.002234678,20.77150578,3.033582133,78,4180209,55450614,7.538616254,2.020038644,0,-0.518256759,None,3339368.051,15.02129214,816,6.704414355,14.07580166,44.16673367
Lahj,2015,March,3/1/15,1,0.112332016,0.112342016,-2.186207347,0.114392834,0.981984725,0.981994725,-0.018169342,NA,NA,NA,NA,2088248,130627998,1.598622066,0.469142049,4,-0.370549859,Low,979579.7477,13.79487893,NA,NA,13.18003491,44.55294776
Lahj,2015,April,4/1/15,2,0.022560936,0.022570936,-3.791092218,0.101624398,0.222003145,0.222013145,-1.505018687,NA,NA,NA,NA,2088248,130627998,1.598622066,0.469142049,30,0.589544991,High,979579.7477,13.79487893,NA,NA,13.18003491,44.55294776
Lahj,2015,May,5/1/15,3,0.006839592,0.006849592,-4.983566191,0.099590972,0.068676827,0.068686827,-2.678197845,NA,NA,NA,NA,2088248,130627998,1.598622066,0.469142049,16,0.072570841,High,979579.7477,13.79487893,NA,NA,13.18003491,44.55294776
Lahj,2015,June,6/1/15,4,0.003068788,0.003078788,-5.783219266,0.120693255,0.025426342,0.025436342,-3.67157634,NA,NA,NA,NA,2088248,130627998,1.598622066,0.469142049,25,0.404911366,High,979579.7477,13.79487893,NA,NA,13.18003491,44.55294776
Lahj,2015,July,7/1/15,5,0.017028216,0.017038216,-4.072296458,0.14350819,0.118656754,0.118666754,-2.131436101,0.00495419,3.437134224,1.23463805,1,2088248,130627998,1.598622066,0.469142049,48,1.254226041,Severe,979579.7477,13.79487893,NA,NA,13.18003491,44.55294776
Lahj,2015,August,8/1/15,6,0.011590026,0.011600026,-4.456747939,0.108731906,0.106592687,0.106602687,-2.238646561,0.00495419,2.339439141,0.849911217,2,2088248,130627998,1.598622066,0.469142049,14,-0.001282609,High,979579.7477,13.79487893,NA,NA,13.18003491,44.55294776
Lahj,2015,September,9/1/15,7,0.038106061,0.038116061,-3.267119537,0.107925754,0.353076624,0.353086624,-1.041041858,0.00495419,7.691683403,2.040139668,3,2088248,130627998,1.598622066,0.469142049,5,-0.333623134,Medium,979579.7477,13.79487893,NA,NA,13.18003491,44.55294776
Lahj,2015,October,10/1/15,8,0.040487484,0.040497484,-3.20651543,0.11604798,0.348885729,0.348895729,-1.052982172,0.00495419,8.172372073,2.100759206,4,2088248,130627998,1.598622066,0.469142049,3,-0.407476584,Low,979579.7477,13.79487893,NA,NA,13.18003491,44.55294776
Lahj,2015,November,11/1/15,9,0.058647892,0.058657892,-2.836033152,0.117884827,0.497501618,0.497511618,-0.69813637,0.00495419,11.83803851,2.471317949,5,2088248,130627998,1.598622066,0.469142049,10,-0.148989509,Medium,979579.7477,13.79487893,365,5.899897354,13.18003491,44.55294776
Lahj,2015,December,12/1/15,10,0.054807312,0.054817312,-2.903749223,0.11383015,0.481483264,0.481493264,-0.730863037,0.00495419,11.06281996,2.403589933,6,2088248,130627998,1.598622066,0.469142049,13,-0.038209334,High,979579.7477,13.79487893,162.5,5.090678002,13.18003491,44.55294776
Lahj,2016,January,1/1/16,11,0.043664361,0.043674361,-3.130994054,0.08797681,0.496316713,0.496326713,-0.700520874,0.00495419,8.81362261,2.176298548,7,1519141,130627998,1.162952065,0.150961656,19,0.183351016,High,1004249.605,13.81975116,150,5.010635294,13.18003491,44.55294776
Lahj,2016,February,2/1/16,12,0.051259881,0.051269881,-2.970651814,0.09436059,0.543234004,0.543244004,-0.610196697,0.00495419,10.34677334,2.336674717,8,1519141,130627998,1.162952065,0.150961656,15,0.035644116,High,1004249.605,13.81975116,150,5.010635294,13.18003491,44.55294776
Lahj,2016,March,3/1/16,13,0.050316206,0.050326206,-2.989229344,0.114392834,0.439854527,0.439864527,-0.821288493,0.00495419,10.15629316,2.318093529,9,1519141,130627998,1.162952065,0.150961656,11,-0.112062784,Medium,1004249.605,13.81975116,150,5.010635294,13.18003491,44.55294776
Lahj,2016,April,4/1/16,14,0.040314559,0.040324559,-3.210794591,0.101624398,0.396701576,0.396711576,-0.924545771,0.00495419,8.137467275,2.096478986,10,1519141,130627998,1.162952065,0.150961656,17,0.109497566,High,1004249.605,13.81975116,150,5.010635294,13.18003491,44.55294776
Lahj,2016,May,5/1/16,15,0.03013094,0.03014094,-3.501870898,0.099590972,0.302546902,0.302556902,-1.195485913,0.00495419,6.081910464,1.805318868,11,1519141,130627998,1.162952065,0.150961656,4,-0.370549859,Low,1004249.605,13.81975116,200,5.298317367,13.18003491,44.55294776
Lahj,2016,June,6/1/16,16,0.043415462,0.043425462,-3.136709328,0.120693255,0.359717385,0.359727385,-1.022408798,0.00495419,8.763382511,2.170581962,12,1519141,130627998,1.162952065,0.150961656,6,-0.296696409,Medium,1004249.605,13.81975116,412.5,6.022236206,13.18003491,44.55294776
Lahj,2016,July,7/1/16,17,0.033711622,0.033721622,-3.389616045,0.14350819,0.234910787,0.234920787,-1.448506898,0.00495419,6.804668775,1.917608961,13,1519141,130627998,1.162952065,0.150961656,14,-0.001282609,High,1004249.605,13.81975116,311,5.739792912,13.18003491,44.55294776
Lahj,2016,August,8/1/16,18,0.033287216,0.033297216,-3.402281489,0.108731906,0.306140279,0.306150279,-1.18367919,0.00495419,6.719002703,1.904939736,14,1519141,130627998,1.162952065,0.150961656,5,-0.333623134,Medium,1004249.605,13.81975116,185,5.220355825,13.18003491,44.55294776
Lahj,2016,September,9/1/16,19,0.023691016,0.023701016,-3.742237363,0.107925754,0.219512165,0.219522165,-1.516302072,0.00495419,4.782016031,1.564862221,15,1519141,130627998,1.162952065,0.150961656,4,-0.370549859,Low,1004249.605,13.81975116,189,5.241747015,13.18003491,44.55294776
Lahj,2016,October,10/1/16,20,0.027910079,0.027920079,-3.578409172,0.11604798,0.240504652,0.240514652,-1.424974268,0.00495419,5.633631128,1.728754195,16,1519141,130627998,1.162952065,0.150961656,4,-0.370549859,Low,1004249.605,13.81975116,186,5.225746674,13.18003491,44.55294776
Lahj,2016,November,11/1/16,21,0.033115942,0.033125942,-3.407438557,0.117884827,0.280917765,0.280927765,-1.269657707,0.00495419,6.684431158,1.899781115,17,1519141,130627998,1.162952065,0.150961656,3,-0.407476584,Low,1004249.605,13.81975116,188,5.236441963,13.18003491,44.55294776
Lahj,2016,December,12/1/16,22,0.045391963,0.045401963,-3.092199937,0.11383015,0.398769246,0.398779246,-0.919347283,0.00495419,9.16233794,2.21510138,18,1519141,130627998,1.162952065,0.150961656,6,-0.296696409,Medium,1004249.605,13.81975116,190,5.247024072,13.18003491,44.55294776
Lahj,2017,January,1/1/17,23,0.038575428,0.038585428,-3.254880587,0.08797681,0.438472685,0.438482685,-0.824434955,0.00495419,7.786424824,2.05238181,19,1182680,130627998,0.905380177,-0.099400338,24,0.367984641,High,1028890.31,13.84399141,190,5.247024072,13.18003491,44.55294776
Lahj,2017,February,2/1/17,24,0.036470685,0.036480685,-3.310972337,0.09436059,0.38650336,0.38651336,-0.950588845,0.00495419,7.361583831,1.996275104,20,1182680,130627998,0.905380177,-0.099400338,0,-0.518256759,None,1028890.31,13.84399141,485,6.184148891,13.18003491,44.55294776
Lahj,2017,March,3/1/17,25,0.035004941,0.035014941,-3.351980423,0.114392834,0.306006414,0.306016414,-1.184116538,0.00495419,7.065724367,1.95525554,21,1182680,130627998,0.905380177,-0.099400338,9,-0.185916234,Medium,1028890.31,13.84399141,185,5.220355825,13.18003491,44.55294776
Lahj,2017,April,4/1/17,26,0.030660409,0.030670409,-3.484456965,0.101624398,0.301703228,0.301713228,-1.198278289,0.00495419,6.188783434,1.82273853,22,1182680,130627998,0.905380177,-0.099400338,18,0.146424291,High,1028890.31,13.84399141,185,5.220355825,13.18003491,44.55294776
Lahj,2017,May,5/1/17,27,0.036767733,0.036777733,-3.302862698,0.099590972,0.36918741,0.36919741,-0.996423792,0.00495419,7.421542775,2.004386957,23,1182680,130627998,0.905380177,-0.099400338,8,-0.222842959,Medium,1028890.31,13.84399141,185,5.220355825,13.18003491,44.55294776
Lahj,2017,June,6/1/17,28,0.049212728,0.049222728,-3.011399811,0.120693255,0.407750443,0.407760443,-0.897075427,0.00495419,9.933556848,2.295918606,24,1182680,130627998,0.905380177,-0.099400338,4,-0.370549859,Low,1028890.31,13.84399141,185,5.220355825,13.18003491,44.55294776
Lahj,2017,July,7/1/17,29,0.039213618,0.039223618,-3.238476214,0.14350819,0.273250035,0.273260035,-1.297331428,0.00495419,7.915243057,2.068790401,25,1182680,130627998,0.905380177,-0.099400338,2,-0.444403309,Low,1028890.31,13.84399141,185,5.220355825,13.18003491,44.55294776
Lahj,2017,August,8/1/17,30,0.04679975,0.04680975,-3.061663764,0.108731906,0.430414142,0.430424142,-0.84298418,0.00495419,9.446498822,2.245644178,26,1182680,130627998,0.905380177,-0.099400338,0,-0.518256759,None,1028890.31,13.84399141,226,5.420534999,13.18003491,44.55294776
Lahj,2017,September,9/1/17,31,0.040194012,0.040204012,-3.213788487,0.107925754,0.372422804,0.372432804,-0.987698649,0.00495419,8.113134942,2.093484346,27,1182680,130627998,0.905380177,-0.099400338,2,-0.444403309,Low,1028890.31,13.84399141,208,5.33753808,13.18003491,44.55294776
Lahj,2017,October,10/1/17,32,0.041067194,0.041077194,-3.192302202,0.11604798,0.353881163,0.353891163,-1.038765862,0.00495419,8.289386156,2.11497592,28,1182680,130627998,0.905380177,-0.099400338,2,-0.444403309,Low,1028890.31,13.84399141,203.75,5.316893752,13.18003491,44.55294776
Lahj,2017,November,11/1/17,33,0.035693347,0.035703347,-3.332510841,0.117884827,0.30278152,0.30279152,-1.194710763,0.00495419,7.204678666,1.97473063,29,1182680,130627998,0.905380177,-0.099400338,3,-0.407476584,Low,1028890.31,13.84399141,345,5.843544417,13.18003491,44.55294776
Lahj,2017,December,12/1/17,34,0.066151186,0.066161186,-2.715661302,0.11383015,0.58113941,0.58114941,-0.542747395,0.00495419,13.35257348,2.591709136,30,1182680,130627998,0.905380177,-0.099400338,3,-0.407476584,Low,1028890.31,13.84399141,325,5.783825182,13.18003491,44.55294776
Lahj,2018,January,1/1/18,35,0.065658762,0.065668762,-2.723131931,0.08797681,0.74631897,0.74632897,-0.292588797,0.00495419,13.25317802,2.584237374,31,1749359,130627998,1.339191465,0.292066048,5,-0.333623134,Medium,1053372.675,13.86750765,325,5.783825182,13.18003491,44.55294776
Lahj,2018,February,2/1/18,36,0.076859355,0.076869355,-2.565647986,0.09436059,0.814528133,0.814538133,-0.205134034,0.00495419,15.51401036,2.74174351,32,1749359,130627998,1.339191465,0.292066048,2,-0.444403309,Low,1053372.675,13.86750765,325,5.783825182,13.18003491,44.55294776
Lahj,2018,March,3/1/18,37,0.073023716,0.073033716,-2.616834081,0.114392834,0.638359181,0.638369181,-0.448838509,0.00495419,14.73978915,2.690550582,33,1749359,130627998,1.339191465,0.292066048,13,-0.038209334,High,1053372.675,13.86750765,325,5.783825182,13.18003491,44.55294776
Lahj,2018,April,4/1/18,38,0.067539526,0.067549526,-2.694894232,0.101624398,0.664599517,0.664609517,-0.408555603,0.00495419,13.632809,2.612479314,34,1749359,130627998,1.339191465,0.292066048,11,-0.112062784,Medium,1053372.675,13.86750765,305,5.720311777,13.18003491,44.55294776
Lahj,2018,May,5/1/18,39,0.067763505,0.067773505,-2.691583942,0.099590972,0.680418151,0.680428151,-0.385033045,0.00495419,13.67801901,2.615790092,35,1749359,130627998,1.339191465,0.292066048,0,-0.518256759,None,1053372.675,13.86750765,323.75,5.779971613,13.18003491,44.55294776
Lahj,2018,June,6/1/18,40,0.075748641,0.075758641,-2.580202768,0.120693255,0.627612879,0.627622879,-0.465815804,0.00495419,15.28981347,2.72718682,36,1749359,130627998,1.339191465,0.292066048,3,-0.407476584,Low,1053372.675,13.86750765,333.75,5.81039221,13.18003491,44.55294776
Lahj,2018,July,7/1/18,41,0.05110122,0.05111122,-2.973751236,0.14350819,0.356085739,0.356095739,-1.032555655,0.00495419,10.31474772,2.333574689,37,1749359,130627998,1.339191465,0.292066048,3,-0.407476584,Low,1053372.675,13.86750765,338.75,5.825262372,13.18003491,44.55294776
Lahj,2018,August,8/1/18,42,0.125427499,0.125437499,-2.07594766,0.108731906,1.153548242,1.153558242,0.142851289,0.00495419,25.31745835,3.231494211,38,1749359,130627998,1.339191465,0.292066048,0,-0.518256759,None,1053372.675,13.86750765,367.5,5.906723319,13.18003491,44.55294776
Lahj,2018,September,9/1/18,43,0.032295784,0.032305784,-3.432508994,0.107925754,0.299240753,0.299250753,-1.206473418,0.00495419,6.518882804,1.874703012,39,1749359,130627998,1.339191465,0.292066048,0,-0.518256759,None,1053372.675,13.86750765,462.5,6.136646557,13.18003491,44.55294776
Lahj,2018,October,10/1/18,44,0.058367918,0.058377918,-2.840817577,0.11604798,0.502963672,0.502973672,-0.687217452,0.00495419,11.78152594,2.466532706,40,1749359,130627998,1.339191465,0.292066048,2,-0.444403309,Low,1053372.675,13.86750765,550,6.309918278,13.18003491,44.55294776
Lahj,2018,November,11/1/18,45,0.072476944,0.072486944,-2.624348816,0.117884827,0.614811474,0.614821474,-0.486423339,0.00495419,14.62942358,2.683034814,41,1749359,130627998,1.339191465,0.292066048,1,-0.481330034,Low,1053372.675,13.86750765,462.5,6.136646557,13.18003491,44.55294776
Lahj,2018,December,12/1/18,46,0.078967391,0.078977391,-2.538593657,0.11383015,0.693730011,0.693740011,-0.365658013,0.00495419,15.93951605,2.768801312,42,1749359,130627998,1.339191465,0.292066048,0,-0.518256759,None,1053372.675,13.86750765,327.5,5.791488055,13.18003491,44.55294776
Lahj,2019,January,1/1/19,47,0.074774374,0.074784374,-2.59314632,0.08797681,0.849932774,0.849942774,-0.162586256,0.00495419,15.09315832,2.71424155,43,4643117,130627998,3.554457751,1.26820252,0,-0.518256759,None,1077870.827,13.8904982,302.5,5.712081277,13.18003491,44.55294776
Lahj,2019,February,2/1/19,48,0.069705204,0.069715204,-2.66333685,0.09436059,0.738710983,0.738720983,-0.30283499,0.00495419,14.06994968,2.644041295,44,4643117,130627998,3.554457751,1.26820252,0,-0.518256759,None,1077870.827,13.8904982,310,5.736572297,13.18003491,44.55294776
Lahj,2019,March,3/1/19,49,0.059344532,0.059354532,-2.8242268,0.114392834,0.518778404,0.518788404,-0.656259178,0.00495419,11.97865484,2.483126303,45,4643117,130627998,3.554457751,1.26820252,0,-0.518256759,None,1077870.827,13.8904982,362.5,5.893024474,13.18003491,44.55294776
Lahj,2019,April,4/1/19,50,0.053773057,0.053783057,-2.922796787,0.101624398,0.529135305,0.529145305,-0.636492206,0.00495419,10.85405626,2.384538859,46,4643117,130627998,3.554457751,1.26820252,4,-0.370549859,Low,1077870.827,13.8904982,375,5.926926026,13.18003491,44.55294776
Lahj,2019,May,5/1/19,51,0.086523386,0.086533386,-2.447224974,0.099590972,0.868787444,0.868797444,-0.140645272,0.00495419,17.46468868,2.860181053,47,4643117,130627998,3.554457751,1.26820252,0,-0.518256759,None,1077870.827,13.8904982,352.5,5.865050622,13.18003491,44.55294776
Lahj,2019,June,6/1/19,52,0.057991567,0.058001567,-2.847285252,0.120693255,0.480487225,0.480497225,-0.732933826,0.00495419,11.70555974,2.46006392,48,4643117,130627998,3.554457751,1.26820252,2,-0.444403309,Low,1077870.827,13.8904982,350,5.857933154,13.18003491,44.55294776
Lahj,2019,July,7/1/19,53,0.072298356,0.072308356,-2.626815582,0.14350819,0.503792542,0.503802542,-0.685570869,0.00495419,14.59337571,2.680567707,49,4643117,130627998,3.554457751,1.26820252,0,-0.518256759,None,1077870.827,13.8904982,360,5.886104031,13.18003491,44.55294776
Lahj,2019,August,8/1/19,54,0.044943154,0.044953154,-3.102134354,0.108731906,0.413339154,0.413349154,-0.883462634,0.00495419,9.071746138,2.205164764,50,4643117,130627998,3.554457751,1.26820252,0,-0.518256759,None,1077870.827,13.8904982,387.5,5.959715849,13.18003491,44.55294776
Lahj,2019,September,9/1/19,55,0.030066867,0.030076867,-3.503998941,0.107925754,0.278588435,0.278598435,-1.277983835,0.00495419,6.068977371,1.803190118,51,4643117,130627998,3.554457751,1.26820252,0,-0.518256759,None,1077870.827,13.8904982,382.5,5.946728653,13.18003491,44.55294776
Lahj,2019,October,10/1/19,56,0.050754282,0.050764282,-2.980562282,0.11604798,0.437356016,0.437366016,-0.826984869,0.00495419,10.24471851,2.326762305,52,4643117,130627998,3.554457751,1.26820252,0,-0.518256759,None,1077870.827,13.8904982,380,5.940171253,13.18003491,44.55294776
Lahj,2019,November,11/1/19,57,0.056638669,0.056648669,-2.870886787,0.117884827,0.480457669,0.480467669,-0.732995339,0.00495419,11.43247816,2.436458266,53,4643117,130627998,3.554457751,1.26820252,0,-0.518256759,None,1077870.827,13.8904982,380,5.940171253,13.18003491,44.55294776
Lahj,2019,December,12/1/19,58,0.056775362,0.056785362,-2.868476698,0.11383015,0.49877262,0.49878262,-0.695584909,0.00495419,11.46006956,2.438868781,54,4643117,130627998,3.554457751,1.26820252,0,-0.518256759,None,1077870.827,13.8904982,380,5.940171253,13.18003491,44.55294776
Lahj,2020,January,1/1/20,59,0.048198287,0.048208287,-3.032224343,0.08797681,0.54785218,0.54786218,-0.60173152,0.00495419,9.728792598,2.275089798,55,3710333,130627998,2.840381126,1.043938242,0,-0.518256759,None,1102409.819,13.91300909,367.5,5.906723319,13.18003491,44.55294776
Lahj,2020,February,2/1/20,60,0.051077075,0.051087075,-2.974223749,0.09436059,0.541296691,0.541306691,-0.613769264,0.00495419,10.30987407,2.333102084,56,3710333,130627998,2.840381126,1.043938242,0,-0.518256759,None,1102409.819,13.91300909,393.75,5.97571619,13.18003491,44.55294776
Lahj,2020,March,3/1/20,61,0.042579051,0.042589051,-3.156158078,0.114392834,0.372217816,0.372227816,-0.988249204,0.00495419,8.594553499,2.151128689,57,3710333,130627998,2.840381126,1.043938242,0,-0.518256759,None,1102409.819,13.91300909,370,5.913503006,13.18003491,44.55294776
Lahj,2020,April,4/1/20,62,0.044678854,0.044688854,-3.10803116,0.101624398,0.439646923,0.439656923,-0.821760577,0.00495419,9.018397357,2.199266642,58,3710333,130627998,2.840381126,1.043938242,0,-0.518256759,None,1102409.819,13.91300909,235,5.459585514,13.18003491,44.55294776
Lahj,2020,May,5/1/20,63,0.058768116,0.058778116,-2.83398567,0.099590972,0.590094813,0.590104813,-0.527455109,0.00495419,11.86230564,2.473365779,59,3710333,130627998,2.840381126,1.043938242,0,-0.518256759,None,1102409.819,13.91300909,213.75,5.364807108,13.18003491,44.55294776
Lahj,2020,June,6/1/20,64,0.036307485,0.036317485,-3.315455973,0.120693255,0.300824475,0.300834475,-1.201195082,0.00495419,7.328642018,1.991790235,60,3710333,130627998,2.840381126,1.043938242,0,-0.518256759,None,1102409.819,13.91300909,213.75,5.364807108,13.18003491,44.55294776
Lahj,2020,July,7/1/20,65,0.030503813,0.030513813,-3.489575813,0.14350819,0.212557994,0.212567994,-1.54849337,0.00495419,6.157174634,1.817618009,61,3710333,130627998,2.840381126,1.043938242,0,-0.518256759,None,1102409.819,13.91300909,355,5.872117789,13.18003491,44.55294776
Lahj,2020,August,8/1/20,66,0.037836056,0.037846056,-3.274228505,0.108731906,0.347975653,0.347985653,-1.055594027,0.00495419,7.637183071,2.033028827,62,3710333,130627998,2.840381126,1.043938242,0,-0.518256759,None,1102409.819,13.91300909,712.5,6.568779912,13.18003491,44.55294776
Lahj,2020,September,9/1/20,67,0.030524218,0.030534218,-3.488907323,0.107925754,0.28282608,0.28283608,-1.262887772,0.00495419,6.16129337,1.818286718,63,3710333,130627998,2.840381126,1.043938242,0,-0.518256759,None,1102409.819,13.91300909,420,6.040254711,13.18003491,44.55294776
Lahj,2020,October,10/1/20,68,0.036309289,0.036319289,-3.315406301,0.11604798,0.312881699,0.312891699,-1.161898158,0.00495419,7.329006154,1.991839921,64,3710333,130627998,2.840381126,1.043938242,0,-0.518256759,None,1102409.819,13.91300909,400,5.991464547,13.18003491,44.55294776
Lahj,2020,November,11/1/20,69,0.043567194,0.043577194,-3.133221339,0.117884827,0.36957423,0.36958423,-0.995376608,0.00495419,8.794009515,2.174070753,65,3710333,130627998,2.840381126,1.043938242,0,-0.518256759,None,1102409.819,13.91300909,400,5.991464547,13.18003491,44.55294776
Lahj,2020,December,12/1/20,70,0.044598156,0.044608156,-3.109838567,0.11383015,0.391795637,0.391805637,-0.936989386,0.00495419,9.002108518,2.19745883,66,3710333,130627998,2.840381126,1.043938242,0,-0.518256759,None,1102409.819,13.91300909,400,5.991464547,13.18003491,44.55294776
Lahj,2021,January,1/1/21,71,0.05708004,0.05709004,-2.863125608,0.08797681,0.648807796,0.648817796,-0.432603347,0.00495419,11.52156861,2.44422081,67,3232258,130627998,2.474399095,0.905997577,0,-0.518256759,None,1126939.914,13.93501648,385,5.953243334,13.18003491,44.55294776
Lahj,2021,February,2/1/21,72,0.040825099,0.040835099,-3.198213298,0.09436059,0.432649892,0.432659892,-0.837803328,0.00495419,8.240519439,2.109063381,68,3232258,130627998,2.474399095,0.905997577,0,-0.518256759,None,1126939.914,13.93501648,502.5,6.21959564,13.18003491,44.55294776
Lahj,2021,March,3/1/21,73,0.040508893,0.040518893,-3.20598692,0.114392834,0.354120896,0.354130896,-1.038088671,0.00495419,8.176693466,2.101287847,69,3232258,130627998,2.474399095,0.905997577,0,-0.518256759,None,1126939.914,13.93501648,662.5,6.496020558,13.18003491,44.55294776
Lahj,2021,April,4/1/21,74,0.061189065,0.061199065,-2.793623367,0.101624398,0.602109985,0.602119985,-0.507298543,0.00495419,12.35097261,2.513734814,70,3232258,130627998,2.474399095,0.905997577,0,-0.518256759,None,1126939.914,13.93501648,650,6.476972363,13.18003491,44.55294776
Lahj,2021,May,5/1/21,75,0.064622657,0.064632657,-2.73903547,0.099590972,0.648880674,0.648890674,-0.432491029,0.00495419,13.0440409,2.568331393,71,3232258,130627998,2.474399095,0.905997577,0,-0.518256759,None,1126939.914,13.93501648,590,6.380122537,13.18003491,44.55294776
Lahj,2021,June,6/1/21,76,0.043470742,0.043480742,-3.135437152,0.120693255,0.360175406,0.360185406,-1.021136363,0.00495419,8.774540742,2.171854431,72,3232258,130627998,2.474399095,0.905997577,0,-0.518256759,None,1126939.914,13.93501648,578.75,6.360870605,13.18003491,44.55294776
Lahj,2021,July,7/1/21,77,0.052272016,0.052282016,-2.951102829,0.14350819,0.36424413,0.36425413,-1.009903496,0.00495419,10.55107212,2.356227478,73,3232258,130627998,2.474399095,0.905997577,0,-0.518256759,None,1126939.914,13.93501648,598,6.393590754,13.18003491,44.55294776
Lahj,2021,August,8/1/21,78,0.054993412,0.055003412,-2.900360059,0.108731906,0.505770698,0.505780698,-0.681652107,0.00495419,11.10038412,2.406979713,74,3232258,130627998,2.474399095,0.905997577,0,-0.518256759,None,1126939.914,13.93501648,692.5,6.540308238,13.18003491,44.55294776
Lahj,2021,September,9/1/21,79,0.045831412,0.045841412,-3.082567404,0.107925754,0.42465686,0.42466686,-0.856450276,0.00495419,9.251040432,2.224736024,75,3232258,130627998,2.474399095,0.905997577,0,-0.518256759,None,1126939.914,13.93501648,771,6.647688374,13.18003491,44.55294776
Lahj,2021,October,10/1/21,80,0.048534256,0.048544256,-3.025279402,0.11604798,0.418225773,0.418235773,-0.871709955,0.00495419,9.79660772,2.282036175,76,3232258,130627998,2.474399095,0.905997577,0,-0.518256759,None,1126939.914,13.93501648,910,6.8134446,13.18003491,44.55294776
Lahj,2021,November,11/1/21,81,0.062784914,0.062794914,-2.767881196,0.117884827,0.53259538,0.53260538,-0.629974504,0.00495419,12.67309368,2.539481138,77,3232258,130627998,2.474399095,0.905997577,0,-0.518256759,None,1126939.914,13.93501648,1130,7.029972912,13.18003491,44.55294776
Lahj,2021,December,12/1/21,82,0.054728261,0.054738261,-2.905192344,0.11383015,0.480788799,0.480798799,-0.732306394,0.00495419,11.04686356,2.402146547,78,3232258,130627998,2.474399095,0.905997577,0,-0.518256759,None,1126939.914,13.93501648,996,6.903747258,13.18003491,44.55294776
Lahj,2022,January,1/1/22,83,0.040017128,0.040027128,-3.218197855,0.08797681,0.454859958,0.454869958,-0.787743707,0.00495419,8.077431023,2.089073879,79,5849752,130627998,4.478176264,1.49921588,0,-0.518256759,None,1151470.008,13.95654995,1000,6.907755279,13.18003491,44.55294776
Lahj,2022,February,2/1/22,84,0.04472332,0.04473332,-3.107036641,0.09436059,0.473961853,0.473971853,-0.746607341,0.00495419,9.027372789,2.200261383,80,5849752,130627998,4.478176264,1.49921588,0,-0.518256759,None,1151470.008,13.95654995,1112.5,7.014365014,13.18003491,44.55294776
Lahj,2022,March,3/1/22,85,0.081220356,0.081230356,-2.510466259,0.114392834,0.71001262,0.71002262,-0.34245845,0.00495419,16.39427555,2.796932222,81,5849752,130627998,4.478176264,1.49921588,0,-0.518256759,None,1151470.008,13.95654995,1463,7.288244401,13.18003491,44.55294776
Marib,2015,March,3/1/15,1,0.213183368,0.213193368,-1.545555694,0.159857778,1.333581454,1.333591454,0.287875644,NA,NA,NA,NA,175070,182539108,0.095908215,-2.344363639,10,-0.148989509,Medium,321958.1164,12.68217674,NA,NA,15.49322146,45.51577812
Marib,2015,April,4/1/15,2,0.199020278,0.199030278,-1.614298315,0.169028312,1.177437527,1.177447527,0.163348983,NA,NA,NA,NA,175070,182539108,0.095908215,-2.344363639,22,0.294131191,High,321958.1164,12.68217674,NA,NA,15.49322146,45.51577812
Marib,2015,May,5/1/15,3,0.172538317,0.172548317,-1.757077983,0.186657507,0.924357772,0.924367772,-0.078645265,NA,NA,NA,NA,175070,182539108,0.095908215,-2.344363639,17,0.109497566,High,321958.1164,12.68217674,NA,NA,15.49322146,45.51577812
Marib,2015,June,6/1/15,4,0.157749799,0.157759799,-1.846681662,0.233186586,0.676496027,0.676506027,-0.390813922,NA,NA,NA,NA,175070,182539108,0.095908215,-2.344363639,36,0.811105341,Severe,321958.1164,12.68217674,NA,NA,15.49322146,45.51577812
Marib,2015,July,7/1/15,5,0.168075123,0.168085123,-1.783284743,0.27685217,0.607093391,0.607103391,-0.499056171,NA,NA,NA,NA,175070,182539108,0.095908215,-2.344363639,50,1.328079491,Severe,321958.1164,12.68217674,NA,NA,15.49322146,45.51577812
Marib,2015,August,8/1/15,6,0.172582452,0.172592452,-1.756822232,0.237906258,0.725422077,0.725432077,-0.320987833,NA,NA,NA,NA,175070,182539108,0.095908215,-2.344363639,72,2.140467442,Severe,321958.1164,12.68217674,NA,NA,15.49322146,45.51577812
Marib,2015,September,9/1/15,7,0.157366517,0.157376517,-1.849114147,0.203418985,0.773607819,0.773617819,-0.256677301,NA,NA,NA,NA,175070,182539108,0.095908215,-2.344363639,105,3.359049367,Severe,321958.1164,12.68217674,NA,NA,15.49322146,45.51577812
Marib,2015,October,10/1/15,8,0.118495202,0.118505202,-2.132798421,0.171118429,0.692474814,0.692484814,-0.36746897,NA,NA,NA,NA,175070,182539108,0.095908215,-2.344363639,45,1.143445866,Severe,321958.1164,12.68217674,NA,NA,15.49322146,45.51577812
Marib,2015,November,11/1/15,9,0.108600363,0.108610363,-2.219988452,0.157142717,0.691093835,0.691103835,-0.369465199,NA,NA,NA,NA,175070,182539108,0.095908215,-2.344363639,56,1.549639841,Severe,321958.1164,12.68217674,NA,NA,15.49322146,45.51577812
Marib,2015,December,12/1/15,10,0.136583555,0.136593555,-1.990745515,0.144150066,0.947509486,0.947519486,-0.053907777,0.113547783,1.202872935,0.184712808,1,175070,182539108,0.095908215,-2.344363639,52,1.401932941,Severe,321958.1164,12.68217674,NA,NA,15.49322146,45.51577812
Marib,2016,January,1/1/16,11,0.121760094,0.121770094,-2.105620488,0.156192498,0.779551485,0.779561485,-0.249023716,0.113547783,1.072324715,0.069828923,2,177180,182539108,0.097064132,-2.332383364,55,1.512713116,Severe,329955.3291,12.70671256,NA,NA,15.49322146,45.51577812
Marib,2016,February,2/1/16,12,0.142882069,0.142892069,-1.945665696,0.154153345,0.926882704,0.926892704,-0.075917466,0.113547783,1.258343098,0.229795854,3,177180,182539108,0.097064132,-2.332383364,84,2.583588142,Severe,329955.3291,12.70671256,NA,NA,15.49322146,45.51577812
Marib,2016,March,3/1/16,13,0.138254883,0.138264883,-1.978583992,0.159857778,0.864861784,0.864871784,-0.14517401,0.113547783,1.217592095,0.196875216,4,177180,182539108,0.097064132,-2.332383364,61,1.734273466,Severe,329955.3291,12.70671256,NA,NA,15.49322146,45.51577812
Marib,2016,April,4/1/16,14,0.147067145,0.147077145,-1.916798034,0.169028312,0.870074031,0.870084031,-0.139165485,0.113547783,1.295200497,0.258665507,5,177180,182539108,0.097064132,-2.332383364,29,0.552618266,High,329955.3291,12.70671256,NA,NA,15.49322146,45.51577812
Marib,2016,May,5/1/16,15,0.172707748,0.172717748,-1.756096531,0.186657507,0.925265483,0.925275483,-0.077663766,0.113547783,1.521013827,0.419377104,6,177180,182539108,0.097064132,-2.332383364,13,-0.038209334,High,329955.3291,12.70671256,NA,NA,15.49322146,45.51577812
Marib,2016,June,6/1/16,16,0.175397565,0.175407565,-1.74064307,0.233186586,0.752176907,0.752186907,-0.284770439,0.113547783,1.544702683,0.434831454,7,177180,182539108,0.097064132,-2.332383364,40,0.958812241,Severe,329955.3291,12.70671256,271.25,5.603040905,15.49322146,45.51577812
Marib,2016,July,7/1/16,17,0.219225737,0.219235737,-1.517607703,0.27685217,0.791851249,0.791861249,-0.233369093,0.113547783,1.930691478,0.657878218,8,177180,182539108,0.097064132,-2.332383364,35,0.774178616,High,329955.3291,12.70671256,211,5.351858133,15.49322146,45.51577812
Marib,2016,August,8/1/16,18,0.14630529,0.14631529,-1.921991465,0.237906258,0.614970329,0.614980329,-0.486164997,0.113547783,1.288490943,0.253471722,9,177180,182539108,0.097064132,-2.332383364,12,-0.075136059,Medium,329955.3291,12.70671256,150,5.010635294,15.49322146,45.51577812
Marib,2016,September,9/1/16,19,0.173755881,0.173765881,-1.750046397,0.203418985,0.854177309,0.854187309,-0.157604778,0.113547783,1.530244593,0.425427587,10,177180,182539108,0.097064132,-2.332383364,39,0.921885516,Severe,329955.3291,12.70671256,150,5.010635294,15.49322146,45.51577812
Marib,2016,October,10/1/16,20,0.131773486,0.131783486,-2.026594961,0.171118429,0.770071856,0.770081856,-0.261258463,0.113547783,1.160511307,0.14886069,11,177180,182539108,0.097064132,-2.332383364,39,0.921885516,Severe,329955.3291,12.70671256,150,5.010635294,15.49322146,45.51577812
Marib,2016,November,11/1/16,21,0.126082907,0.126092907,-2.070736287,0.157142717,0.802346487,0.802356487,-0.220202272,0.113547783,1.110395145,0.104715938,12,177180,182539108,0.097064132,-2.332383364,27,0.478764816,High,329955.3291,12.70671256,150,5.010635294,15.49322146,45.51577812
Marib,2016,December,12/1/16,22,0.12847964,0.12848964,-2.051907,0.144150066,0.891290886,0.891300886,-0.115073214,0.113547783,1.131502849,0.123546704,13,177180,182539108,0.097064132,-2.332383364,18,0.146424291,High,329955.3291,12.70671256,150,5.010635294,15.49322146,45.51577812
Marib,2017,January,1/1/17,23,0.147793694,0.147803694,-1.911870278,0.156192498,0.946227864,0.946237864,-0.0552613,0.113547783,1.301599116,0.263593598,14,194591,182539108,0.106602362,-2.23864961,65,1.881980366,Severe,337899.3506,12.73050335,150,5.010635294,15.49322146,45.51577812
Marib,2017,February,2/1/17,24,0.175976139,0.175986139,-1.737350043,0.154153345,1.141565493,1.141575493,0.13240932,0.113547783,1.549798106,0.438124668,15,194591,182539108,0.106602362,-2.23864961,65,1.881980366,Severe,337899.3506,12.73050335,150,5.010635294,15.49322146,45.51577812
Marib,2017,March,3/1/17,25,0.143246175,0.143256175,-1.943120818,0.159857778,0.896085113,0.896095113,-0.109708719,0.113547783,1.26154973,0.23234091,16,194591,182539108,0.106602362,-2.23864961,43,1.069592416,Severe,337899.3506,12.73050335,150,5.010635294,15.49322146,45.51577812
Marib,2017,April,4/1/17,26,0.15277447,0.15278447,-1.878727044,0.169028312,0.903839528,0.903849528,-0.101092384,0.113547783,1.345464138,0.296739038,17,194591,182539108,0.106602362,-2.23864961,40,0.958812241,Severe,337899.3506,12.73050335,150,5.010635294,15.49322146,45.51577812
Marib,2017,May,5/1/17,27,0.181464847,0.181474847,-1.706638219,0.186657507,0.972180815,0.972190815,-0.028203182,0.113547783,1.598136416,0.46883821,18,194591,182539108,0.106602362,-2.23864961,38,0.884958791,Severe,337899.3506,12.73050335,210,5.347107531,15.49322146,45.51577812
Marib,2017,June,6/1/17,28,0.216753705,0.216763705,-1.528947436,0.233186586,0.929529047,0.929539047,-0.073066464,0.113547783,1.908920626,0.646537965,19,194591,182539108,0.106602362,-2.23864961,59,1.660420016,Severe,337899.3506,12.73050335,220,5.393627546,15.49322146,45.51577812
Marib,2017,July,7/1/17,29,0.199375214,0.199385214,-1.612516577,0.27685217,0.720150446,0.720160446,-0.32828125,0.113547783,1.755870601,0.562964803,20,194591,182539108,0.106602362,-2.23864961,41,0.995738966,Severe,337899.3506,12.73050335,150,5.010635294,15.49322146,45.51577812
Marib,2017,August,8/1/17,30,0.165428053,0.165438053,-1.799158456,0.237906258,0.695349732,0.695359732,-0.363325967,0.113547783,1.456902536,0.376312631,21,194591,182539108,0.106602362,-2.23864961,37,0.848032066,Severe,337899.3506,12.73050335,150,5.010635294,15.49322146,45.51577812
Marib,2017,September,9/1/17,31,0.181041637,0.181051637,-1.708973001,0.203418985,0.889993809,0.890003809,-0.116529536,0.113547783,1.594409263,0.4665033,22,194591,182539108,0.106602362,-2.23864961,28,0.515691541,High,337899.3506,12.73050335,150,5.010635294,15.49322146,45.51577812
Marib,2017,October,10/1/17,32,0.156718618,0.156728618,-1.853239517,0.171118429,0.915848861,0.915858861,-0.087893008,0.113547783,1.380199717,0.322228211,23,194591,182539108,0.106602362,-2.23864961,21,0.257204466,High,337899.3506,12.73050335,150,5.010635294,15.49322146,45.51577812
Marib,2017,November,11/1/17,33,0.163512367,0.163522367,-1.810805497,0.157142717,1.040534173,1.040544173,0.03974382,0.113547783,1.440031348,0.364664883,24,194591,182539108,0.106602362,-2.23864961,25,0.404911366,High,337899.3506,12.73050335,206.25,5.329089025,15.49322146,45.51577812
Marib,2017,December,12/1/17,34,0.16370924,0.16371924,-1.809602269,0.144150066,1.135686195,1.135696195,0.127245851,0.113547783,1.441765182,0.365868184,25,194591,182539108,0.106602362,-2.23864961,40,0.958812241,Severe,337899.3506,12.73050335,225,5.416100402,15.49322146,45.51577812
Marib,2018,January,1/1/18,35,0.154567319,0.154577319,-1.867060861,0.156192498,0.989595024,0.989605024,-0.010449381,0.113547783,1.361253517,0.308405979,26,225475,182539108,0.123521476,-2.091340243,25,0.404911366,High,345803.0303,12.75362462,400,5.991464547,15.49322146,45.51577812
Marib,2018,February,2/1/18,36,0.163380299,0.163390299,-1.811613468,0.154153345,1.059855686,1.059865686,0.058142189,0.113547783,1.438868243,0.363856862,27,225475,182539108,0.123521476,-2.091340243,15,0.035644116,High,345803.0303,12.75362462,225,5.416100402,15.49322146,45.51577812
Marib,2018,March,3/1/18,37,0.171845931,0.171855931,-1.761098764,0.159857778,1.074992616,1.075002616,0.072323095,0.113547783,1.513423921,0.414374581,28,225475,182539108,0.123521476,-2.091340243,24,0.367984641,High,345803.0303,12.75362462,387.5,5.959715849,15.49322146,45.51577812
Marib,2018,April,4/1/18,38,0.189260495,0.189270495,-1.664578097,0.169028312,1.119697005,1.119707005,0.113067048,0.113547783,1.666791636,0.510900603,29,225475,182539108,0.123521476,-2.091340243,12,-0.075136059,Medium,345803.0303,12.75362462,380,5.940171253,15.49322146,45.51577812
Marib,2018,May,5/1/18,39,0.198935481,0.198945481,-1.614724457,0.186657507,1.06577809,1.06578809,0.063714516,0.113547783,1.751997932,0.560756812,30,225475,182539108,0.123521476,-2.091340243,9,-0.185916234,Medium,345803.0303,12.75362462,225,5.416100402,15.49322146,45.51577812
Marib,2018,June,6/1/18,40,0.240275404,0.240285404,-1.425927879,0.233186586,1.030399768,1.030409768,0.029956556,0.113547783,2.116073054,0.749562038,31,225475,182539108,0.123521476,-2.091340243,3,-0.407476584,Low,345803.0303,12.75362462,225,5.416100402,15.49322146,45.51577812
Marib,2018,July,7/1/18,41,0.259741852,0.259751852,-1.348028519,0.27685217,0.938196915,0.938206915,-0.063784763,0.113547783,2.287511435,0.827464517,32,225475,182539108,0.123521476,-2.091340243,4,-0.370549859,Low,345803.0303,12.75362462,225,5.416100402,15.49322146,45.51577812
Marib,2018,August,8/1/18,42,0.186140844,0.186150844,-1.681197945,0.237906258,0.782412557,0.782422557,-0.24536033,0.113547783,1.639317291,0.494279869,33,225475,182539108,0.123521476,-2.091340243,2,-0.444403309,Low,345803.0303,12.75362462,225,5.416100402,15.49322146,45.51577812
Marib,2018,September,9/1/18,43,0.192119069,0.192129069,-1.649587898,0.203418985,0.944450044,0.944460044,-0.057141897,0.113547783,1.691966711,0.525891587,34,225475,182539108,0.123521476,-2.091340243,4,-0.370549859,Low,345803.0303,12.75362462,418.75,6.037274083,15.49322146,45.51577812
Marib,2018,October,10/1/18,44,0.189823515,0.189833515,-1.661607828,0.171118429,1.109310765,1.109320765,0.103747905,0.113547783,1.671750077,0.513871028,35,225475,182539108,0.123521476,-2.091340243,5,-0.333623134,Medium,345803.0303,12.75362462,437.5,6.081076706,15.49322146,45.51577812
Marib,2018,November,11/1/18,45,0.170343999,0.170353999,-1.76987666,0.157142717,1.084008233,1.084018233,0.080674723,0.113547783,1.500196609,0.405596172,36,225475,182539108,0.123521476,-2.091340243,0,-0.518256759,None,345803.0303,12.75362462,412.5,6.022236206,15.49322146,45.51577812
Marib,2018,December,12/1/18,46,0.18358955,0.18359955,-1.694998252,0.144150066,1.27360018,1.27361018,0.241855529,0.113547783,1.616848389,0.480478816,37,225475,182539108,0.123521476,-2.091340243,7,-0.259769684,Medium,345803.0303,12.75362462,412.5,6.022236206,15.49322146,45.51577812
Marib,2019,January,1/1/19,47,0.179994813,0.180004813,-1.71477169,0.156192498,1.152390896,1.152400896,0.141847502,0.113547783,1.585190025,0.46070429,38,291342,182539108,0.15960525,-1.8350517,6,-0.296696409,Medium,353691.1164,12.77617926,281.25,5.639243954,15.49322146,45.51577812
Marib,2019,February,2/1/19,48,0.223577121,0.223587121,-1.497954138,0.154153345,1.450355303,1.450365303,0.371815458,0.113547783,1.96901353,0.677532671,39,291342,182539108,0.15960525,-1.8350517,3,-0.407476584,Low,353691.1164,12.77617926,200,5.298317367,15.49322146,45.51577812
Marib,2019,March,3/1/19,49,0.215120295,0.215130295,-1.536511411,0.159857778,1.345698018,1.345708018,0.296920282,0.113547783,1.894535405,0.63897364,40,291342,182539108,0.15960525,-1.8350517,3,-0.407476584,Low,353691.1164,12.77617926,181.25,5.199877294,15.49322146,45.51577812
Marib,2019,April,4/1/19,50,0.199402327,0.199412327,-1.612380603,0.169028312,1.179697793,1.179707793,0.165266775,0.113547783,1.756109382,0.563100784,41,291342,182539108,0.15960525,-1.8350517,2,-0.444403309,Low,353691.1164,12.77617926,218.75,5.387929525,15.49322146,45.51577812
Marib,2019,May,5/1/19,51,0.234932218,0.234942218,-1.448415676,0.186657507,1.258627216,1.258637216,0.230029561,0.113547783,2.069016336,0.727073294,42,291342,182539108,0.15960525,-1.8350517,1,-0.481330034,Low,353691.1164,12.77617926,175,5.164785974,15.49322146,45.51577812
Marib,2019,June,6/1/19,52,0.215296656,0.215306656,-1.53569196,0.233186586,0.923280621,0.923290621,-0.079811228,0.113547783,1.896088592,0.639793128,43,291342,182539108,0.15960525,-1.8350517,0,-0.518256759,None,353691.1164,12.77617926,175,5.164785974,15.49322146,45.51577812
Marib,2019,July,7/1/19,53,0.187188222,0.187198222,-1.675587213,0.27685217,0.676130593,0.676140593,-0.391354247,0.113547783,1.648541407,0.499890901,44,291342,182539108,0.15960525,-1.8350517,5,-0.333623134,Medium,353691.1164,12.77617926,175,5.164785974,15.49322146,45.51577812
Marib,2019,August,8/1/19,54,0.279193832,0.279203832,-1.275813183,0.237906258,1.173545555,1.173555555,0.160038076,0.113547783,2.458822397,0.899682535,45,291342,182539108,0.15960525,-1.8350517,1,-0.481330034,Low,353691.1164,12.77617926,175,5.164785974,15.49322146,45.51577812
Marib,2019,September,9/1/19,55,0.238594754,0.238604754,-1.432946845,0.203418985,1.172922746,1.172932746,0.159507233,0.113547783,2.101271797,0.742542779,46,291342,182539108,0.15960525,-1.8350517,1,-0.481330034,Low,353691.1164,12.77617926,175,5.164785974,15.49322146,45.51577812
Marib,2019,October,10/1/19,56,0.231066599,0.231076599,-1.465006026,0.171118429,1.350331468,1.350341468,0.3003575,0.113547783,2.034972352,0.710482233,47,291342,182539108,0.15960525,-1.8350517,0,-0.518256759,None,353691.1164,12.77617926,412.5,6.022236206,15.49322146,45.51577812
Marib,2019,November,11/1/19,57,0.246481962,0.246491962,-1.400425895,0.157142717,1.568522975,1.568532975,0.450140772,0.113547783,2.170733373,0.77506507,48,291342,182539108,0.15960525,-1.8350517,2,-0.444403309,Low,353691.1164,12.77617926,375,5.926926026,15.49322146,45.51577812
Marib,2019,December,12/1/19,58,0.205943174,0.205953174,-1.580106447,0.144150066,1.428672076,1.428682076,0.356752394,0.113547783,1.813713738,0.595376532,49,291342,182539108,0.15960525,-1.8350517,0,-0.518256759,None,353691.1164,12.77617926,312.5,5.744604469,15.49322146,45.51577812
Marib,2020,January,1/1/20,59,0.261508442,0.261518442,-1.341250474,0.156192498,1.674270179,1.674280179,0.515383329,0.113547783,2.303069554,0.834242822,50,342779,182539108,0.187783869,-1.67246361,10,-0.148989509,Medium,361581.7571,12.79824346,175,5.164785974,15.49322146,45.51577812
Marib,2020,February,2/1/20,60,0.264048481,0.264058481,-1.331584681,0.154153345,1.712894919,1.712904919,0.538190712,0.113547783,2.325439335,0.843908982,51,342779,182539108,0.187783869,-1.67246361,26,0.441838091,High,361581.7571,12.79824346,175,5.164785974,15.49322146,45.51577812
Marib,2020,March,3/1/20,61,0.2666034,0.2666134,-1.32195561,0.159857778,1.667753695,1.667763695,0.511483624,0.113547783,2.347940162,0.853538417,52,342779,182539108,0.187783869,-1.67246361,37,0.848032066,Severe,361581.7571,12.79824346,175,5.164785974,15.49322146,45.51577812
Marib,2020,April,4/1/20,62,0.210555169,0.210565169,-1.557960082,0.169028312,1.245679887,1.245689887,0.219689503,0.113547783,1.854330956,0.61752396,53,342779,182539108,0.187783869,-1.67246361,44,1.106519141,Severe,361581.7571,12.79824346,175,5.164785974,15.49322146,45.51577812
Marib,2020,May,5/1/20,63,0.27026291,0.27027291,-1.308323053,0.186657507,1.447908069,1.447918069,0.37012671,0.113547783,2.380168973,0.867171482,54,342779,182539108,0.187783869,-1.67246361,45,1.143445866,Severe,361581.7571,12.79824346,175,5.164785974,15.49322146,45.51577812
Marib,2020,June,6/1/20,64,0.279225862,0.279235862,-1.275698471,0.233186586,1.197435353,1.197445353,0.180190415,0.113547783,2.459104481,0.899797252,55,342779,182539108,0.187783869,-1.67246361,84,2.583588142,Severe,361581.7571,12.79824346,175,5.164785974,15.49322146,45.51577812
Marib,2020,July,7/1/20,65,0.221965856,0.221975856,-1.50518666,0.27685217,0.801748658,0.801758658,-0.220947642,0.113547783,1.954823336,0.670299824,56,342779,182539108,0.187783869,-1.67246361,79,2.398954517,Severe,361581.7571,12.79824346,175,5.164785974,15.49322146,45.51577812
Marib,2020,August,8/1/20,66,0.265795833,0.265805833,-1.324989188,0.237906258,1.11722926,1.11723926,0.110860696,0.113547783,2.340828028,0.850504725,57,342779,182539108,0.187783869,-1.67246361,52,1.401932941,Severe,361581.7571,12.79824346,262.5,5.570251082,15.49322146,45.51577812
Marib,2020,September,9/1/20,67,0.205359585,0.205369585,-1.582944069,0.203418985,1.009539918,1.009549918,0.009504606,0.113547783,1.808574149,0.592538772,58,342779,182539108,0.187783869,-1.67246361,112,3.617536442,Severe,361581.7571,12.79824346,325,5.783825182,15.49322146,45.51577812
Marib,2020,October,10/1/20,68,0.211173863,0.211183863,-1.555026136,0.171118429,1.23408019,1.23409019,0.21033401,0.113547783,1.859779711,0.620458046,59,342779,182539108,0.187783869,-1.67246361,76,2.288174342,Severe,361581.7571,12.79824346,480,6.173786104,15.49322146,45.51577812
Marib,2020,November,11/1/20,69,0.21272946,0.21273946,-1.547687054,0.157142717,1.353734135,1.353744135,0.302874187,0.113547783,1.873479643,0.627797473,60,342779,182539108,0.187783869,-1.67246361,75,2.251247617,Severe,361581.7571,12.79824346,362.5,5.893024474,15.49322146,45.51577812
Marib,2020,December,12/1/20,70,0.224798104,0.224808104,-1.492508112,0.144150066,1.559472779,1.559482779,0.444354214,0.113547783,1.979766562,0.68297894,61,342779,182539108,0.187783869,-1.67246361,55,1.512713116,Severe,361581.7571,12.79824346,587.5,6.375876246,15.49322146,45.51577812
Marib,2021,January,1/1/21,71,0.202659875,0.202669875,-1.596176855,0.156192498,1.297500695,1.297510695,0.260447579,0.113547783,1.784798167,0.579305337,62,354089,182539108,0.193979802,-1.640001239,58,1.623493291,Severe,369486.2193,12.81986872,600,6.396929655,15.49322146,45.51577812
Marib,2021,February,2/1/21,72,0.212586505,0.212596505,-1.548359253,0.154153345,1.37905866,1.37906866,0.321408387,0.113547783,1.872220658,0.627125244,63,354089,182539108,0.193979802,-1.640001239,46,1.180372591,Severe,369486.2193,12.81986872,625,6.43775165,15.49322146,45.51577812
Marib,2021,March,3/1/21,73,0.226100644,0.226110644,-1.486730824,0.159857778,1.414386255,1.414396255,0.346702765,0.113547783,1.991237856,0.688756484,64,354089,182539108,0.193979802,-1.640001239,86,2.657441592,Severe,369486.2193,12.81986872,600,6.396929655,15.49322146,45.51577812
Marib,2021,April,4/1/21,74,0.302634992,0.302644992,-1.195194804,0.169028312,1.790439648,1.790449648,0.582466788,0.113547783,2.66526553,0.980303689,65,354089,182539108,0.193979802,-1.640001239,68,1.992760541,Severe,369486.2193,12.81986872,625,6.43775165,15.49322146,45.51577812
Marib,2021,May,5/1/21,75,0.249636285,0.249646285,-1.387710223,0.186657507,1.337402869,1.337412869,0.290737053,0.113547783,2.19851307,0.787781255,66,354089,182539108,0.193979802,-1.640001239,53,1.438859666,Severe,369486.2193,12.81986872,580,6.363028104,15.49322146,45.51577812
Marib,2021,June,6/1/21,76,0.295282952,0.295292952,-1.219787358,0.233186586,1.26629476,1.26630476,0.236103021,0.113547783,2.600517106,0.955710312,67,354089,182539108,0.193979802,-1.640001239,74,2.214320892,Severe,369486.2193,12.81986872,625,6.43775165,15.49322146,45.51577812
Marib,2021,July,7/1/21,77,0.257438279,0.257448279,-1.356936437,0.27685217,0.929876326,0.929886326,-0.07269293,0.113547783,2.267224178,0.818556254,68,354089,182539108,0.193979802,-1.640001239,70,2.066613992,Severe,369486.2193,12.81986872,640,6.461468176,15.49322146,45.51577812
Marib,2021,August,8/1/21,78,0.259962981,0.259972981,-1.347177573,0.237906258,1.092711822,1.092721822,0.088671668,0.113547783,2.289458888,0.828315496,69,354089,182539108,0.193979802,-1.640001239,71,2.103540717,Severe,369486.2193,12.81986872,687.5,6.53306183,15.49322146,45.51577812
Marib,2021,September,9/1/21,79,0.278898283,0.278908283,-1.276872286,0.203418985,1.371053363,1.371063363,0.315586616,0.113547783,2.456219537,0.898623394,70,354089,182539108,0.193979802,-1.640001239,89,2.768221767,Severe,369486.2193,12.81986872,740,6.606650186,15.49322146,45.51577812
Marib,2021,October,10/1/21,80,0.256644305,0.256654305,-1.360025216,0.171118429,1.499805176,1.499815176,0.405341885,0.113547783,2.260231756,0.815467355,71,354089,182539108,0.193979802,-1.640001239,91,2.842075217,Severe,369486.2193,12.81986872,862.5,6.759835149,15.49322146,45.51577812
Marib,2021,November,11/1/21,81,0.243821033,0.243831033,-1.411279781,0.157142717,1.551589776,1.551599776,0.439286512,0.113547783,2.147298931,0.764210741,72,354089,182539108,0.193979802,-1.640001239,91,2.842075217,Severe,369486.2193,12.81986872,1255,7.134890852,15.49322146,45.51577812
Marib,2021,December,12/1/21,82,0.214140854,0.214150854,-1.541074587,0.144150066,1.485541144,1.485551144,0.395785844,0.113547783,1.8859096,0.634410251,73,354089,182539108,0.193979802,-1.640001239,87,2.694368317,Severe,369486.2193,12.81986872,1242,7.124478262,15.49322146,45.51577812
Marib,2022,January,1/1/22,83,0.22199743,0.22200743,-1.505044429,0.156192498,1.421306609,1.421316609,0.351583631,0.113547783,1.955101404,0.670442061,74,460205,182539108,0.252113098,-1.377877491,145,4.836118367,Severe,377390.6815,12.84103622,1272.22,7.148518685,15.49322146,45.51577812
Marib,2022,February,2/1/22,84,0.232016127,0.232026127,-1.460905297,0.154153345,1.505099532,1.505109532,0.408865674,0.113547783,2.043334717,0.714583138,75,460205,182539108,0.252113098,-1.377877491,52,1.401932941,Severe,377390.6815,12.84103622,1283.33,7.157213541,15.49322146,45.51577812
Marib,2022,March,3/1/22,85,0.252607378,0.252617378,-1.375879275,0.159857778,1.580200733,1.580210733,0.457558213,0.113547783,2.224679085,0.799612674,76,460205,182539108,0.252113098,-1.377877491,53,1.438859666,Severe,377390.6815,12.84103622,1481,7.300472814,15.49322146,45.51577812
Raymah,2015,March,3/1/15,1,0.002086536,0.002096536,-6.16746882,0.002327948,0.896298499,0.896308499,-0.109470618,NA,NA,NA,NA,275888,19698656,1.40054225,0.336859483,0,-0.518256759,None,530413.1451,13.1814115,NA,NA,14.66037218,43.67055659
Raymah,2015,April,4/1/15,2,0.005613805,0.005623805,-5.180746798,0.00959761,0.584916994,0.584926994,-0.536268236,NA,NA,NA,NA,275888,19698656,1.40054225,0.336859483,0,-0.518256759,None,530413.1451,13.1814115,NA,NA,14.66037218,43.67055659
Raymah,2015,May,5/1/15,3,0.003628319,0.003638319,-5.616233517,0.007383857,0.491385329,0.491395329,-0.710506324,NA,NA,NA,NA,275888,19698656,1.40054225,0.336859483,4,-0.370549859,Low,530413.1451,13.1814115,NA,NA,14.66037218,43.67055659
Raymah,2015,June,6/1/15,4,0.000890208,0.000900208,-7.01288471,0.003439427,0.258824483,0.258834483,-1.351566483,NA,NA,NA,NA,275888,19698656,1.40054225,0.336859483,0,-0.518256759,None,530413.1451,13.1814115,NA,NA,14.66037218,43.67055659
Raymah,2015,July,7/1/15,5,0.000491148,0.000501148,-7.598609091,0.026420275,0.018589814,0.018599814,-3.984603698,NA,NA,NA,NA,275888,19698656,1.40054225,0.336859483,0,-0.518256759,None,530413.1451,13.1814115,NA,NA,14.66037218,43.67055659
Raymah,2015,August,8/1/15,6,0.000355831,0.000365831,-7.91333908,0.009613992,0.037011783,0.037021783,-3.29624881,NA,NA,NA,NA,275888,19698656,1.40054225,0.336859483,0,-0.518256759,None,530413.1451,13.1814115,NA,NA,14.66037218,43.67055659
Raymah,2015,September,9/1/15,7,0.004390519,0.004400519,-5.42603279,0.005625904,0.78041129,0.78042129,-0.24792139,NA,NA,NA,NA,275888,19698656,1.40054225,0.336859483,2,-0.444403309,Low,530413.1451,13.1814115,NA,NA,14.66037218,43.67055659
Raymah,2015,October,10/1/15,8,0.005682575,0.005692575,-5.168592585,0.004260401,1.333812344,1.333822344,0.288048763,NA,NA,NA,NA,275888,19698656,1.40054225,0.336859483,0,-0.518256759,None,530413.1451,13.1814115,NA,NA,14.66037218,43.67055659
Raymah,2015,November,11/1/15,9,0.002099824,0.002109824,-6.161150747,0.002615571,0.80281667,0.80282667,-0.219616441,NA,NA,NA,NA,275888,19698656,1.40054225,0.336859483,0,-0.518256759,None,530413.1451,13.1814115,NA,NA,14.66037218,43.67055659
Raymah,2015,December,12/1/15,10,0.000459669,0.000469669,-7.663482367,0.00173312,0.265226297,0.265236297,-1.327134164,NA,NA,NA,NA,275888,19698656,1.40054225,0.336859483,0,-0.518256759,None,530413.1451,13.1814115,NA,NA,14.66037218,43.67055659
Raymah,2016,January,1/1/16,11,5.46E-05,6.46E-05,-9.647296147,0.001589122,0.034358596,0.034368596,-3.370612039,NA,NA,NA,NA,176717,19698656,0.897101812,-0.108585921,0,-0.518256759,None,543400.2838,13.2056015,NA,NA,14.66037218,43.67055659
Raymah,2016,February,2/1/16,12,5.46E-05,6.46E-05,-9.647296147,0.001813019,0.030115519,0.030125519,-3.502382659,NA,NA,NA,NA,176717,19698656,0.897101812,-0.108585921,1,-0.481330034,Low,543400.2838,13.2056015,NA,NA,14.66037218,43.67055659
Raymah,2016,March,3/1/16,13,0.000273463,0.000283463,-8.168428955,0.002327948,0.117469565,0.117479565,-2.141490875,NA,NA,NA,NA,176717,19698656,0.897101812,-0.108585921,0,-0.518256759,None,543400.2838,13.2056015,NA,NA,14.66037218,43.67055659
Raymah,2016,April,4/1/16,14,0.000518194,0.000528194,-7.546046917,0.00959761,0.053991985,0.054001985,-2.918734474,NA,NA,NA,NA,176717,19698656,0.897101812,-0.108585921,0,-0.518256759,None,543400.2838,13.2056015,NA,NA,14.66037218,43.67055659
Raymah,2016,May,5/1/16,15,0.001939058,0.001949058,-6.2404091,0.007383857,0.26260774,0.26261774,-1.337055764,NA,NA,NA,NA,176717,19698656,0.897101812,-0.108585921,0,-0.518256759,None,543400.2838,13.2056015,NA,NA,14.66037218,43.67055659
Raymah,2016,June,6/1/16,16,0.006487622,0.006497622,-5.036319015,0.003439427,1.886250637,1.886260637,0.63459637,NA,NA,NA,NA,176717,19698656,0.897101812,-0.108585921,0,-0.518256759,None,543400.2838,13.2056015,225,5.416100402,14.66037218,43.67055659
Raymah,2016,July,7/1/16,17,0.009922201,0.009932201,-4.611973174,0.026420275,0.375552521,0.375562521,-0.979330321,NA,NA,NA,NA,176717,19698656,0.897101812,-0.108585921,0,-0.518256759,None,543400.2838,13.2056015,229,5.433722004,14.66037218,43.67055659
Raymah,2016,August,8/1/16,18,0.000684541,0.000694541,-7.272259362,0.009613992,0.071202574,0.071212574,-2.642085875,NA,NA,NA,NA,176717,19698656,0.897101812,-0.108585921,0,-0.518256759,None,543400.2838,13.2056015,223,5.407171771,14.66037218,43.67055659
Raymah,2016,September,9/1/16,19,0.002072305,0.002082305,-6.174279826,0.005625904,0.36835058,0.36836058,-0.998692984,NA,NA,NA,NA,176717,19698656,0.897101812,-0.108585921,0,-0.518256759,None,543400.2838,13.2056015,213,5.361292166,14.66037218,43.67055659
Raymah,2016,October,10/1/16,20,0.005672502,0.005682502,-5.17036365,0.004260401,1.331448012,1.331458012,0.286274591,NA,NA,NA,NA,176717,19698656,0.897101812,-0.108585921,0,-0.518256759,None,543400.2838,13.2056015,210,5.347107531,14.66037218,43.67055659
Raymah,2016,November,11/1/16,21,0.001016949,0.001026949,-6.881163008,0.002615571,0.388805733,0.388815733,-0.944649742,NA,NA,NA,NA,176717,19698656,0.897101812,-0.108585921,0,-0.518256759,None,543400.2838,13.2056015,204,5.318119994,14.66037218,43.67055659
Raymah,2016,December,12/1/16,22,0.000294889,0.000304889,-8.095562782,0.00173312,0.170149211,0.170159211,-1.771020745,NA,NA,NA,NA,176717,19698656,0.897101812,-0.108585921,0,-0.518256759,None,543400.2838,13.2056015,223,5.407171771,14.66037218,43.67055659
Raymah,2017,January,1/1/17,23,0.000273045,0.000283045,-8.169904662,0.001589122,0.171821295,0.171831295,-1.761242127,NA,NA,NA,NA,96859,19698656,0.491703596,-0.709879191,0,-0.518256759,None,556292.033,13.22904867,225,5.416100402,14.66037218,43.67055659
Raymah,2017,February,2/1/17,24,0.003669725,0.003679725,-5.604917258,0.001813019,2.024096552,2.024106552,0.705128394,NA,NA,NA,NA,96859,19698656,0.491703596,-0.709879191,0,-0.518256759,None,556292.033,13.22904867,256,5.545177444,14.66037218,43.67055659
Raymah,2017,March,3/1/17,25,0.001753617,0.001763617,-6.340388465,0.002327948,0.753288841,0.753298841,-0.283293263,NA,NA,NA,NA,96859,19698656,0.491703596,-0.709879191,0,-0.518256759,None,556292.033,13.22904867,253,5.533389489,14.66037218,43.67055659
Raymah,2017,April,4/1/17,26,0.001065115,0.001075115,-6.835327646,0.00959761,0.110977112,0.110987112,-2.198341193,NA,NA,NA,NA,96859,19698656,0.491703596,-0.709879191,0,-0.518256759,None,556292.033,13.22904867,240,5.480638923,14.66037218,43.67055659
Raymah,2017,May,5/1/17,27,0.010415966,0.010425966,-4.563455854,0.007383857,1.410640266,1.410650266,0.34405078,NA,NA,NA,NA,96859,19698656,0.491703596,-0.709879191,0,-0.518256759,None,556292.033,13.22904867,243,5.493061443,14.66037218,43.67055659
Raymah,2017,June,6/1/17,28,0.003577778,0.003587778,-5.63022221,0.003439427,1.040224913,1.040234913,0.039446566,NA,NA,NA,NA,96859,19698656,0.491703596,-0.709879191,0,-0.518256759,None,556292.033,13.22904867,240,5.480638923,14.66037218,43.67055659
Raymah,2017,July,7/1/17,29,0.024897541,0.024907541,-3.69258467,0.026420275,0.942364933,0.942374933,-0.059352066,NA,NA,NA,NA,96859,19698656,0.491703596,-0.709879191,0,-0.518256759,None,556292.033,13.22904867,243,5.493061443,14.66037218,43.67055659
Raymah,2017,August,8/1/17,30,0.019272937,0.019282937,-3.948534667,0.009613992,2.00467572,2.00468572,0.6954873,NA,NA,NA,NA,96859,19698656,0.491703596,-0.709879191,0,-0.518256759,None,556292.033,13.22904867,256,5.545177444,14.66037218,43.67055659
Raymah,2017,September,9/1/17,31,0.0014922,0.0015022,-6.500824579,0.005625904,0.265237373,0.265247373,-1.327092405,NA,NA,NA,NA,96859,19698656,0.491703596,-0.709879191,0,-0.518256759,None,556292.033,13.22904867,276,5.620400866,14.66037218,43.67055659
Raymah,2017,October,10/1/17,32,0.008003537,0.008013537,-4.826623042,0.004260401,1.878587867,1.878597867,0.630525683,NA,NA,NA,NA,96859,19698656,0.491703596,-0.709879191,0,-0.518256759,None,556292.033,13.22904867,313.75,5.74859649,14.66037218,43.67055659
Raymah,2017,November,11/1/17,33,0.001335815,0.001345815,-6.610755501,0.002615571,0.510716398,0.510726398,-0.671921257,NA,NA,NA,NA,96859,19698656,0.491703596,-0.709879191,0,-0.518256759,None,556292.033,13.22904867,493.75,6.202029316,14.66037218,43.67055659
Raymah,2017,December,12/1/17,34,0.000109337,0.000119337,-9.033559134,0.00173312,0.063086803,0.063096803,-2.763085176,NA,NA,NA,NA,96859,19698656,0.491703596,-0.709879191,0,-0.518256759,None,556292.033,13.22904867,537.5,6.28692876,14.66037218,43.67055659
Raymah,2018,January,1/1/18,35,0.000262123,0.000272123,-8.209256388,0.001589122,0.164948317,0.164958317,-1.802062461,NA,NA,NA,NA,99091,19698656,0.503034319,-0.687096883,0,-0.518256759,None,569107.6739,13.25182493,353.75,5.868590449,14.66037218,43.67055659
Raymah,2018,February,2/1/18,36,0.00066725,0.00067725,-7.297470077,0.001813019,0.368032598,0.368042598,-0.999556592,NA,NA,NA,NA,99091,19698656,0.503034319,-0.687096883,0,-0.518256759,None,569107.6739,13.25182493,353.75,5.868590449,14.66037218,43.67055659
Raymah,2018,March,3/1/18,37,0.001153719,0.001163719,-6.756134368,0.002327948,0.495594904,0.495604904,-0.701976234,NA,NA,NA,NA,99091,19698656,0.503034319,-0.687096883,0,-0.518256759,None,569107.6739,13.25182493,390,5.966146739,14.66037218,43.67055659
Raymah,2018,April,4/1/18,38,0.005249404,0.005259404,-5.247737567,0.00959761,0.546949103,0.546959103,-0.603381245,NA,NA,NA,NA,99091,19698656,0.503034319,-0.687096883,0,-0.518256759,None,569107.6739,13.25182493,390,5.966146739,14.66037218,43.67055659
Raymah,2018,May,5/1/18,39,0.007091958,0.007101958,-4.947384758,0.007383857,0.960467951,0.960477951,-0.040324253,NA,NA,NA,NA,99091,19698656,0.503034319,-0.687096883,0,-0.518256759,None,569107.6739,13.25182493,380,5.940171253,14.66037218,43.67055659
Raymah,2018,June,6/1/18,40,0.003129252,0.003139252,-5.763770724,0.003439427,0.909817739,0.909827739,-0.094499995,NA,NA,NA,NA,99091,19698656,0.503034319,-0.687096883,0,-0.518256759,None,569107.6739,13.25182493,405,6.003887067,14.66037218,43.67055659
Raymah,2018,July,7/1/18,41,0.001722256,0.001732256,-6.358330674,0.026420275,0.065186906,0.065196906,-2.730343265,NA,NA,NA,NA,99091,19698656,0.503034319,-0.687096883,1,-0.481330034,Low,569107.6739,13.25182493,450,6.109247583,14.66037218,43.67055659
Raymah,2018,August,8/1/18,42,0.01881585,0.01882585,-3.972524354,0.009613992,1.957131787,1.957141787,0.671485137,NA,NA,NA,NA,99091,19698656,0.503034319,-0.687096883,0,-0.518256759,None,569107.6739,13.25182493,450,6.109247583,14.66037218,43.67055659
Raymah,2018,September,9/1/18,43,0.002619021,0.002629021,-5.941143745,0.005625904,0.465528918,0.465538918,-0.764559581,NA,NA,NA,NA,99091,19698656,0.503034319,-0.687096883,0,-0.518256759,None,569107.6739,13.25182493,625,6.43775165,14.66037218,43.67055659
Raymah,2018,October,10/1/18,44,0.002263146,0.002273146,-6.086590504,0.004260401,0.531204968,0.531214968,-0.632588504,NA,NA,NA,NA,99091,19698656,0.503034319,-0.687096883,0,-0.518256759,None,569107.6739,13.25182493,662.5,6.496020558,14.66037218,43.67055659
Raymah,2018,November,11/1/18,45,0.000855451,0.000865451,-7.0522598,0.002615571,0.327060898,0.327070898,-1.117578318,NA,NA,NA,NA,99091,19698656,0.503034319,-0.687096883,0,-0.518256759,None,569107.6739,13.25182493,600,6.396929655,14.66037218,43.67055659
Raymah,2018,December,12/1/18,46,0,1.00E-05,-11.51292546,0.00173312,0,1.00E-05,-11.51292546,NA,NA,NA,NA,99091,19698656,0.503034319,-0.687096883,1,-0.481330034,Low,569107.6739,13.25182493,525,6.263398263,14.66037218,43.67055659
Raymah,2019,January,1/1/19,47,0,1.00E-05,-11.51292546,0.001589122,0,1.00E-05,-11.51292546,NA,NA,NA,NA,436931,19698656,2.218075182,0.796639785,3,-0.407476584,Low,581889.0213,13.27403502,448.75,6.10646594,14.66037218,43.67055659
Raymah,2019,February,2/1/19,48,6.55E-05,7.55E-05,-9.491377902,0.001813019,0.036127591,0.036137591,-3.320421653,0,NA,NA,NA,436931,19698656,2.218075182,0.796639785,0,-0.518256759,None,581889.0213,13.27403502,400,5.991464547,14.66037218,43.67055659
Raymah,2019,March,3/1/19,49,0,1.00E-05,-11.51292546,0.002327948,0,1.00E-05,-11.51292546,0,NA,NA,NA,436931,19698656,2.218075182,0.796639785,0,-0.518256759,None,581889.0213,13.27403502,447.5,6.103676538,14.66037218,43.67055659
Raymah,2019,April,4/1/19,50,0.00161784,0.00162784,-6.420501296,0.00959761,0.168566972,0.168576972,-1.780362826,0,NA,NA,NA,436931,19698656,2.218075182,0.796639785,0,-0.518256759,None,581889.0213,13.27403502,650,6.476972363,14.66037218,43.67055659
Raymah,2019,May,5/1/19,51,0.004319581,0.004329581,-5.442284508,0.007383857,0.585003339,0.585013339,-0.53612063,0,NA,NA,NA,436931,19698656,2.218075182,0.796639785,0,-0.518256759,None,581889.0213,13.27403502,475,6.163314804,14.66037218,43.67055659
Raymah,2019,June,6/1/19,52,0.001521715,0.001531715,-6.481367256,0.003439427,0.442432665,0.442442665,-0.815444394,0,NA,NA,NA,436931,19698656,2.218075182,0.796639785,0,-0.518256759,None,581889.0213,13.27403502,431.25,6.066687968,14.66037218,43.67055659
Raymah,2019,July,7/1/19,53,0.027555087,0.027565087,-3.591205271,0.026420275,1.042952303,1.042962303,0.042065033,0,NA,NA,NA,436931,19698656,2.218075182,0.796639785,0,-0.518256759,None,581889.0213,13.27403502,460,6.131226489,14.66037218,43.67055659
Raymah,2019,August,8/1/19,54,0.000718391,0.000728391,-7.224672566,0.009613992,0.074723484,0.074733484,-2.593827041,0,NA,NA,NA,436931,19698656,2.218075182,0.796639785,0,-0.518256759,None,581889.0213,13.27403502,475,6.163314804,14.66037218,43.67055659
Raymah,2019,September,9/1/19,55,0.002101167,0.002111167,-6.160514404,0.005625904,0.373480777,0.373490777,-0.984861968,0,NA,NA,NA,436931,19698656,2.218075182,0.796639785,0,-0.518256759,None,581889.0213,13.27403502,618.75,6.427701314,14.66037218,43.67055659
Raymah,2019,October,10/1/19,56,0.001177909,0.001187909,-6.73556066,0.004260401,0.276478456,0.276488456,-1.285586209,0,NA,NA,NA,436931,19698656,2.218075182,0.796639785,0,-0.518256759,None,581889.0213,13.27403502,712.5,6.568779912,14.66037218,43.67055659
Raymah,2019,November,11/1/19,57,0.001736836,0.001746836,-6.349949127,0.002615571,0.664037031,0.664047031,-0.409402302,0,NA,NA,NA,436931,19698656,2.218075182,0.796639785,0,-0.518256759,None,581889.0213,13.27403502,600,6.396929655,14.66037218,43.67055659
Raymah,2019,December,12/1/19,58,0.000218986,0.000228986,-8.381849692,0.00173312,0.126353628,0.126363628,-2.068591592,0,NA,NA,NA,436931,19698656,2.218075182,0.796639785,0,-0.518256759,None,581889.0213,13.27403502,475,6.163314804,14.66037218,43.67055659
Raymah,2020,January,1/1/20,59,5.46E-05,6.46E-05,-9.647296147,0.001589122,0.034358596,0.034368596,-3.370612039,0,NA,NA,NA,248892,19698656,1.263497368,0.233883565,0,-0.518256759,None,594664.6406,13.2957529,470,6.152732695,14.66037218,43.67055659
Raymah,2020,February,2/1/20,60,0,1.00E-05,-11.51292546,0.001813019,0,1.00E-05,-11.51292546,0,NA,NA,NA,248892,19698656,1.263497368,0.233883565,0,-0.518256759,None,594664.6406,13.2957529,465,6.142037406,14.66037218,43.67055659
Raymah,2020,March,3/1/20,61,0.000163827,0.000173827,-8.657450006,0.002327948,0.070374005,0.070384005,-2.653789243,0,NA,NA,NA,248892,19698656,1.263497368,0.233883565,0,-0.518256759,None,594664.6406,13.2957529,475,6.163314804,14.66037218,43.67055659
Raymah,2020,April,4/1/20,62,0,1.00E-05,-11.51292546,0.00959761,0,1.00E-05,-11.51292546,0,NA,NA,NA,248892,19698656,1.263497368,0.233883565,0,-0.518256759,None,594664.6406,13.2957529,386.25,5.956484828,14.66037218,43.67055659
Raymah,2020,May,5/1/20,63,0.00083696,0.00084696,-7.07385709,0.007383857,0.113349974,0.113359974,-2.177186913,0,NA,NA,NA,248892,19698656,1.263497368,0.233883565,0,-0.518256759,None,594664.6406,13.2957529,368.75,5.910118908,14.66037218,43.67055659
Raymah,2020,June,6/1/20,64,7.79E-05,8.79E-05,-9.339310753,0.003439427,0.022649119,0.022659119,-3.787192903,0,NA,NA,NA,248892,19698656,1.263497368,0.233883565,0,-0.518256759,None,594664.6406,13.2957529,368.75,5.910118908,14.66037218,43.67055659
Raymah,2020,July,7/1/20,65,0.039161578,0.039171578,-3.239803846,0.026420275,1.482254727,1.482264727,0.393571139,0,NA,NA,NA,248892,19698656,1.263497368,0.233883565,0,-0.518256759,None,594664.6406,13.2957529,543.75,6.298489582,14.66037218,43.67055659
Raymah,2020,August,8/1/20,66,0.00081072,0.00082072,-7.105328554,0.009613992,0.08432709,0.08433709,-2.472933534,0,NA,NA,NA,248892,19698656,1.263497368,0.233883565,0,-0.518256759,None,594664.6406,13.2957529,350,5.857933154,14.66037218,43.67055659
Raymah,2020,September,9/1/20,67,0.00156038,0.00157038,-6.456437651,0.005625904,0.277356315,0.277366315,-1.28241621,0,NA,NA,NA,248892,19698656,1.263497368,0.233883565,0,-0.518256759,None,594664.6406,13.2957529,600,6.396929655,14.66037218,43.67055659
Raymah,2020,October,10/1/20,68,0.000907883,0.000917883,-6.993440626,0.004260401,0.213098033,0.213108033,-1.545956045,0,NA,NA,NA,248892,19698656,1.263497368,0.233883565,0,-0.518256759,None,594664.6406,13.2957529,350,5.857933154,14.66037218,43.67055659
Raymah,2020,November,11/1/20,69,0.000208014,0.000218014,-8.430951277,0.002615571,0.079529097,0.079539097,-2.531506592,0,NA,NA,NA,248892,19698656,1.263497368,0.233883565,0,-0.518256759,None,594664.6406,13.2957529,350,5.857933154,14.66037218,43.67055659
Raymah,2020,December,12/1/20,70,0.000120258,0.000130258,-8.945993459,0.00173312,0.069388155,0.069398155,-2.667894997,0,NA,NA,NA,248892,19698656,1.263497368,0.233883565,0,-0.518256759,None,594664.6406,13.2957529,487.5,6.18929029,14.66037218,43.67055659
Raymah,2021,January,1/1/21,71,0,1.00E-05,-11.51292546,0.001589122,0,1.00E-05,-11.51292546,0,NA,NA,NA,277715,19698656,1.409816995,0.343459905,0,-0.518256759,None,607477.2108,13.31706994,762.5,6.636602508,14.66037218,43.67055659
Raymah,2021,February,2/1/21,72,0,1.00E-05,-11.51292546,0.001813019,0,1.00E-05,-11.51292546,0,NA,NA,NA,277715,19698656,1.409816995,0.343459905,0,-0.518256759,None,607477.2108,13.31706994,825,6.715383386,14.66037218,43.67055659
Raymah,2021,March,3/1/21,73,0.00022981,0.00023981,-8.335663615,0.002327948,0.098717855,0.098727855,-2.315388154,0,NA,NA,NA,277715,19698656,1.409816995,0.343459905,0,-0.518256759,None,607477.2108,13.31706994,800,6.684611728,14.66037218,43.67055659
Raymah,2021,April,4/1/21,74,0.001691007,0.001701007,-6.37653485,0.00959761,0.176190433,0.176200433,-1.736133108,0,NA,NA,NA,277715,19698656,1.409816995,0.343459905,0,-0.518256759,None,607477.2108,13.31706994,775,6.652863029,14.66037218,43.67055659
Raymah,2021,May,5/1/21,75,0.000854029,0.000864029,-7.053904225,0.007383857,0.115661639,0.115671639,-2.1569998,0,NA,NA,NA,277715,19698656,1.409816995,0.343459905,0,-0.518256759,None,607477.2108,13.31706994,780,6.65929392,14.66037218,43.67055659
Raymah,2021,June,6/1/21,76,0.000167243,0.000177243,-8.637988886,0.003439427,0.048625246,0.048635246,-3.023406785,0,NA,NA,NA,277715,19698656,1.409816995,0.343459905,0,-0.518256759,None,607477.2108,13.31706994,725,6.586171655,14.66037218,43.67055659
Raymah,2021,July,7/1/21,77,0.000791263,0.000801263,-7.129321325,0.026420275,0.029949082,0.029959082,-3.507922762,0,NA,NA,NA,277715,19698656,1.409816995,0.343459905,0,-0.518256759,None,607477.2108,13.31706994,700,6.551080335,14.66037218,43.67055659
Raymah,2021,August,8/1/21,78,0.000956938,0.000966938,-6.94137618,0.009613992,0.099535965,0.099545965,-2.307135782,0,NA,NA,NA,277715,19698656,1.409816995,0.343459905,0,-0.518256759,None,607477.2108,13.31706994,700,6.551080335,14.66037218,43.67055659
Raymah,2021,September,9/1/21,79,0.001607645,0.001617645,-6.426783891,0.005625904,0.285757631,0.285767631,-1.252576277,0,NA,NA,NA,277715,19698656,1.409816995,0.343459905,0,-0.518256759,None,607477.2108,13.31706994,720,6.579251212,14.66037218,43.67055659
Raymah,2021,October,10/1/21,80,0.002433604,0.002443604,-6.01428128,0.004260401,0.57121482,0.57122482,-0.559972417,0,NA,NA,NA,277715,19698656,1.409816995,0.343459905,0,-0.518256759,None,607477.2108,13.31706994,725,6.586171655,14.66037218,43.67055659
Raymah,2021,November,11/1/21,81,0.006041735,0.006051735,-5.107410271,0.002615571,2.309910532,2.309920532,0.837213122,0,NA,NA,NA,277715,19698656,1.409816995,0.343459905,0,-0.518256759,None,607477.2108,13.31706994,529,6.270988432,14.66037218,43.67055659
Raymah,2021,December,12/1/21,82,0.000174749,0.000184749,-8.596512411,0.00173312,0.100829141,0.100839141,-2.294228695,0,NA,NA,NA,277715,19698656,1.409816995,0.343459905,0,-0.518256759,None,607477.2108,13.31706994,570,6.345636361,14.66037218,43.67055659
Raymah,2022,January,1/1/22,83,5.46E-05,6.46E-05,-9.647296147,0.001589122,0.034358596,0.034368596,-3.370612039,0,NA,NA,NA,407392,19698656,2.06812079,0.726640364,0,-0.518256759,None,620289.781,13.33794204,570,6.345636361,14.66037218,43.67055659
Raymah,2022,February,2/1/22,84,0.000294889,0.000304889,-8.095562782,0.001813019,0.162650828,0.162660828,-1.816088056,0,NA,NA,NA,407392,19698656,2.06812079,0.726640364,0,-0.518256759,None,620289.781,13.33794204,922.5,6.827087376,14.66037218,43.67055659
Raymah,2022,March,3/1/22,85,0.001900393,0.001910393,-6.260446299,0.002327948,0.816338368,0.816348368,-0.202914094,0,NA,NA,NA,407392,19698656,2.06812079,0.726640364,0,-0.518256759,None,620289.781,13.33794204,2188,7.690743164,14.66037218,43.67055659
Sa'ada,2015,March,3/1/15,1,0.082072857,0.082082857,-2.500026091,0.069272363,1.184785012,1.184795012,0.169569774,NA,NA,NA,NA,521995,131202920,0.397853188,-0.921672216,43,1.069592416,Severe,937856.3097,13.75135203,225,5.416100402,17.09443009,43.90531209
Sa'ada,2015,April,4/1/15,2,0.074734702,0.074744702,-2.593676945,0.083460947,0.895445172,0.895455172,-0.110423118,NA,NA,NA,NA,521995,131202920,0.397853188,-0.921672216,104,3.322122642,Severe,937856.3097,13.75135203,520,6.253828812,17.09443009,43.90531209
Sa'ada,2015,May,5/1/15,3,0.045783923,0.045793923,-3.083603882,0.098183245,0.466310959,0.466320959,-0.762881129,NA,NA,NA,NA,521995,131202920,0.397853188,-0.921672216,139,4.614558017,Severe,937856.3097,13.75135203,1000,6.907755279,17.09443009,43.90531209
Sa'ada,2015,June,6/1/15,4,0.04713707,0.04714707,-3.054483414,0.092954391,0.507098906,0.507108906,-0.679029494,NA,NA,NA,NA,521995,131202920,0.397853188,-0.921672216,119,3.876023517,Severe,937856.3097,13.75135203,1200,7.090076836,17.09443009,43.90531209
Sa'ada,2015,July,7/1/15,5,0.059979662,0.059989662,-2.813583032,0.103208697,0.581149298,0.581159298,-0.542730381,NA,NA,NA,NA,521995,131202920,0.397853188,-0.921672216,79,2.398954517,Severe,937856.3097,13.75135203,950,6.856461985,17.09443009,43.90531209
Sa'ada,2015,August,8/1/15,6,0.041107776,0.041117776,-3.191314745,0.082075175,0.500855175,0.500865175,-0.691418326,NA,NA,NA,NA,521995,131202920,0.397853188,-0.921672216,97,3.063635567,Severe,937856.3097,13.75135203,475,6.163314804,17.09443009,43.90531209
Sa'ada,2015,September,9/1/15,7,0.053190966,0.053200966,-2.933678725,0.09360604,0.568242881,0.568252881,-0.565188746,NA,NA,NA,NA,521995,131202920,0.397853188,-0.921672216,107,3.432902817,Severe,937856.3097,13.75135203,600,6.396929655,17.09443009,43.90531209
Sa'ada,2015,October,10/1/15,8,0.025872165,0.025882165,-3.654201158,0.09117475,0.283764584,0.283774584,-1.259575074,NA,NA,NA,NA,521995,131202920,0.397853188,-0.921672216,125,4.097583867,Severe,937856.3097,13.75135203,625,6.43775165,17.09443009,43.90531209
Sa'ada,2015,November,11/1/15,9,0.016652725,0.016662725,-4.09458109,0.070441263,0.236405828,0.236415828,-1.442163041,NA,NA,NA,NA,521995,131202920,0.397853188,-0.921672216,89,2.768221767,Severe,937856.3097,13.75135203,650,6.476972363,17.09443009,43.90531209
Sa'ada,2015,December,12/1/15,10,0.018063278,0.018073278,-4.013320785,0.063123883,0.286156004,0.286166004,-1.251183203,NA,NA,NA,NA,521995,131202920,0.397853188,-0.921672216,72,2.140467442,Severe,937856.3097,13.75135203,306,5.723585102,17.09443009,43.90531209
Sa'ada,2016,January,1/1/16,11,0.006583674,0.006593674,-5.021644574,0.066702734,0.098701711,0.098711711,-2.315551687,NA,NA,NA,NA,512480,131202920,0.390601063,-0.940068539,107,3.432902817,Severe,961123.4013,13.77585809,276,5.620400866,17.09443009,43.90531209
Sa'ada,2016,February,2/1/16,12,0.009350654,0.009360654,-4.671240119,0.066742989,0.140099419,0.140109419,-1.965331597,NA,NA,NA,NA,512480,131202920,0.390601063,-0.940068539,120,3.912950242,Severe,961123.4013,13.77585809,300,5.703782475,17.09443009,43.90531209
Sa'ada,2016,March,3/1/16,13,0.016965999,0.016975999,-4.075954756,0.069272363,0.244917285,0.244927285,-1.406793908,0.007967164,2.129490368,0.755882687,1,512480,131202920,0.390601063,-0.940068539,11,-0.112062784,Medium,961123.4013,13.77585809,290,5.669880923,17.09443009,43.90531209
Sa'ada,2016,April,4/1/16,14,0.017855854,0.017865854,-4.024863986,0.083460947,0.213942624,0.213952624,-1.542000672,0.007967164,2.241180676,0.807002815,2,512480,131202920,0.390601063,-0.940068539,11,-0.112062784,Medium,961123.4013,13.77585809,291,5.673323267,17.09443009,43.90531209
Sa'ada,2016,May,5/1/16,15,0.034248553,0.034258553,-3.373819023,0.098183245,0.348822787,0.348832787,-1.053162592,0.007967164,4.298713193,1.45831572,3,512480,131202920,0.390601063,-0.940068539,11,-0.112062784,Medium,961123.4013,13.77585809,296,5.690359454,17.09443009,43.90531209
Sa'ada,2016,June,6/1/16,16,0.073081402,0.073091402,-2.616044539,0.092954391,0.786207098,0.786217098,-0.240522319,0.007967164,9.172825111,2.216245321,4,512480,131202920,0.390601063,-0.940068539,9,-0.185916234,Medium,961123.4013,13.77585809,295,5.686975356,17.09443009,43.90531209
Sa'ada,2016,July,7/1/16,17,0.04544157,0.04545157,-3.091107916,0.103208697,0.440288185,0.440298185,-0.820303088,0.007967164,5.703606704,1.74109873,5,512480,131202920,0.390601063,-0.940068539,38,0.884958791,Severe,961123.4013,13.77585809,285,5.65248918,17.09443009,43.90531209
Sa'ada,2016,August,8/1/16,18,0.032513245,0.032523245,-3.425800215,0.082075175,0.396139821,0.396149821,-0.925962803,0.007967164,4.080905702,1.40631895,6,512480,131202920,0.390601063,-0.940068539,175,5.943920117,Severe,961123.4013,13.77585809,250,5.521460918,17.09443009,43.90531209
Sa'ada,2016,September,9/1/16,19,0.037010612,0.037020612,-3.29628044,0.09360604,0.395387006,0.395397006,-0.92786494,0.007967164,4.645393518,1.535876087,7,512480,131202920,0.390601063,-0.940068539,151,5.057678717,Severe,961123.4013,13.77585809,250,5.521460918,17.09443009,43.90531209
Sa'ada,2016,October,10/1/16,20,0.027007168,0.027017168,-3.611282763,0.09117475,0.296213239,0.296223239,-1.216641923,0.007967164,3.389809473,1.220773717,8,512480,131202920,0.390601063,-0.940068539,83,2.546661417,Severe,961123.4013,13.77585809,250,5.521460918,17.09443009,43.90531209
Sa'ada,2016,November,11/1/16,21,0.011222097,0.011232097,-4.488979796,0.070441263,0.159311412,0.159321412,-1.836831658,0.007967164,1.408543492,0.342556186,9,512480,131202920,0.390601063,-0.940068539,90,2.805148492,Severe,961123.4013,13.77585809,250,5.521460918,17.09443009,43.90531209
Sa'ada,2016,December,12/1/16,22,0.008530565,0.008540565,-4.762928114,0.063123883,0.135140055,0.135150055,-2.001369599,0.007967164,1.070715376,0.068327001,10,512480,131202920,0.390601063,-0.940068539,122,3.986803692,Severe,961123.4013,13.77585809,250,5.521460918,17.09443009,43.90531209
Sa'ada,2017,January,1/1/17,23,0.009665568,0.009675568,-4.638151334,0.066702734,0.144905124,0.144915124,-1.93160706,0.007967164,1.213175479,0.193241285,11,460253,131202920,0.350794784,-1.047553887,97,3.063635567,Severe,984235.1582,13.79962013,258,5.552959585,17.09443009,43.90531209
Sa'ada,2017,February,2/1/17,24,0.015689941,0.015699941,-4.154098325,0.066742989,0.235079987,0.235089987,-1.447786915,0.007967164,1.969325722,0.677691211,12,460253,131202920,0.350794784,-1.047553887,70,2.066613992,Severe,984235.1582,13.79962013,240,5.480638923,17.09443009,43.90531209
Sa'ada,2017,March,3/1/17,25,0.014704194,0.014714194,-4.218942673,0.069272363,0.212266385,0.212276385,-1.549866151,0.007967164,1.845599513,0.612804164,13,460253,131202920,0.350794784,-1.047553887,101,3.211342467,Severe,984235.1582,13.79962013,250,5.521460918,17.09443009,43.90531209
Sa'ada,2017,April,4/1/17,26,0.024847054,0.024857054,-3.694613704,0.083460947,0.297708748,0.297718748,-1.211606037,0.007967164,3.118682382,1.137410599,14,460253,131202920,0.350794784,-1.047553887,102,3.248269192,Severe,984235.1582,13.79962013,218,5.384495063,17.09443009,43.90531209
Sa'ada,2017,May,5/1/17,27,0.073266742,0.073276742,-2.613512019,0.098183245,0.746224493,0.746234493,-0.292715394,0.007967164,9.196088094,2.218778186,15,460253,131202920,0.350794784,-1.047553887,72,2.140467442,Severe,984235.1582,13.79962013,175,5.164785974,17.09443009,43.90531209
Sa'ada,2017,June,6/1/17,28,0.050843872,0.050853872,-2.978799014,0.092954391,0.546976549,0.546986549,-0.603331067,0.007967164,6.381677596,1.853431009,16,460253,131202920,0.350794784,-1.047553887,88,2.731295042,Severe,984235.1582,13.79962013,175,5.164785974,17.09443009,43.90531209
Sa'ada,2017,July,7/1/17,29,0.058021553,0.058031553,-2.846768399,0.103208697,0.562176972,0.562186972,-0.575920794,0.007967164,7.282585497,1.98548595,17,460253,131202920,0.350794784,-1.047553887,84,2.583588142,Severe,984235.1582,13.79962013,245,5.501258211,17.09443009,43.90531209
Sa'ada,2017,August,8/1/17,30,0.067199725,0.067209725,-2.699937325,0.082075175,0.818758233,0.818768233,-0.199954223,0.007967164,8.434585381,2.13234056,18,460253,131202920,0.350794784,-1.047553887,96,3.026708842,Severe,984235.1582,13.79962013,215,5.370638028,17.09443009,43.90531209
Sa'ada,2017,September,9/1/17,31,0.035208057,0.035218057,-3.346196345,0.09360604,0.376130182,0.376140182,-0.977793381,0.007967164,4.419145508,1.485946353,19,460253,131202920,0.350794784,-1.047553887,90,2.805148492,Severe,984235.1582,13.79962013,243,5.493061443,17.09443009,43.90531209
Sa'ada,2017,October,10/1/17,32,0.040656727,0.040666727,-3.202345039,0.09117475,0.445920905,0.445930905,-0.80759126,0.007967164,5.103036287,1.629835713,20,460253,131202920,0.350794784,-1.047553887,127,4.171437317,Severe,984235.1582,13.79962013,247.5,5.511410582,17.09443009,43.90531209
Sa'ada,2017,November,11/1/17,33,0.014290869,0.014300869,-4.247434974,0.070441263,0.202876389,0.202886389,-1.595109117,0.007967164,1.793720953,0.584292207,21,460253,131202920,0.350794784,-1.047553887,100,3.174415742,Severe,984235.1582,13.79962013,325,5.783825182,17.09443009,43.90531209
Sa'ada,2017,December,12/1/17,34,0.0095934,0.0096034,-4.645638077,0.063123883,0.151977344,0.151987344,-1.883958025,0.007967164,1.204117299,0.185746767,22,460253,131202920,0.350794784,-1.047553887,149,4.983825267,Severe,984235.1582,13.79962013,450,6.109247583,17.09443009,43.90531209
Sa'ada,2018,January,1/1/18,35,0.010072332,0.010082332,-4.596970694,0.066702734,0.151003285,0.151013285,-1.890387466,0.007967164,1.264230534,0.234463664,23,955892,131202920,0.728560005,-0.316685289,139,4.614558017,Severe,1007227.039,13.82271161,220,5.393627546,17.09443009,43.90531209
Sa'ada,2018,February,2/1/18,36,0.012529318,0.012539318,-4.378886131,0.066742989,0.187724856,0.187734856,-1.672724652,0.007967164,1.572619567,0.452742743,24,955892,131202920,0.728560005,-0.316685289,119,3.876023517,Severe,1007227.039,13.82271161,356.25,5.875632732,17.09443009,43.90531209
Sa'ada,2018,March,3/1/18,37,0.019378701,0.019388701,-3.943064805,0.069272363,0.2797465,0.2797565,-1.273835697,0.007967164,2.432321087,0.888845981,25,955892,131202920,0.728560005,-0.316685289,162,5.463872692,Severe,1007227.039,13.82271161,230,5.438079309,17.09443009,43.90531209
Sa'ada,2018,April,4/1/18,38,0.028734275,0.028744275,-3.549316662,0.083460947,0.344284076,0.344294076,-1.066259115,0.007967164,3.606587614,1.282762066,26,955892,131202920,0.728560005,-0.316685289,160,5.390019242,Severe,1007227.039,13.82271161,285,5.65248918,17.09443009,43.90531209
Sa'ada,2018,May,5/1/18,39,0.051696764,0.051706764,-2.962166674,0.098183245,0.526533465,0.526543465,-0.641421396,0.007967164,6.488728486,1.870066593,27,955892,131202920,0.728560005,-0.316685289,130,4.282217492,Severe,1007227.039,13.82271161,363.75,5.896466818,17.09443009,43.90531209
Sa'ada,2018,June,6/1/18,40,0.049090522,0.049100522,-3.013885613,0.092954391,0.528114073,0.528124073,-0.638424036,0.007967164,6.16160556,1.818337386,28,955892,131202920,0.728560005,-0.316685289,86,2.657441592,Severe,1007227.039,13.82271161,373.75,5.923587125,17.09443009,43.90531209
Sa'ada,2018,July,7/1/18,41,0.038775243,0.038785243,-3.24971544,0.103208697,0.375697436,0.375707436,-0.978944534,0.007967164,4.86688149,1.582453381,29,955892,131202920,0.728560005,-0.316685289,108,3.469829542,Severe,1007227.039,13.82271161,372.5,5.920237038,17.09443009,43.90531209
Sa'ada,2018,August,8/1/18,42,0.033536716,0.033546716,-3.394816304,0.082075175,0.408609743,0.408619743,-0.894970279,0.007967164,4.209366846,1.437312244,30,955892,131202920,0.728560005,-0.316685289,101,3.211342467,Severe,1007227.039,13.82271161,412.5,6.022236206,17.09443009,43.90531209
Sa'ada,2018,September,9/1/18,43,0.028088045,0.028098045,-3.572055278,0.09360604,0.300066587,0.300076587,-1.203717547,0.007967164,3.525475941,1.260015446,31,955892,131202920,0.728560005,-0.316685289,101,3.211342467,Severe,1007227.039,13.82271161,443.75,6.095261341,17.09443009,43.90531209
Sa'ada,2018,October,10/1/18,44,0.033362857,0.033372857,-3.400012374,0.09117475,0.365922111,0.365932111,-1.005307452,0.007967164,4.187544903,1.43211462,32,955892,131202920,0.728560005,-0.316685289,55,1.512713116,Severe,1007227.039,13.82271161,580,6.363028104,17.09443009,43.90531209
Sa'ada,2018,November,11/1/18,45,0.016372255,0.016382255,-4.111556542,0.070441263,0.232424212,0.232434212,-1.459148053,0.007967164,2.054966485,0.720259539,33,955892,131202920,0.728560005,-0.316685289,81,2.472807967,Severe,1007227.039,13.82271161,580,6.363028104,17.09443009,43.90531209
Sa'ada,2018,December,12/1/18,46,0.010310158,0.010320158,-4.573656209,0.063123883,0.163332127,0.163342127,-1.811908339,0.007967164,1.294081307,0.257801028,34,955892,131202920,0.728560005,-0.316685289,64,1.845053641,Severe,1007227.039,13.82271161,420,6.040254711,17.09443009,43.90531209
Sa'ada,2019,January,1/1/19,47,0.010346242,0.010356242,-4.570165849,0.066702734,0.155109714,0.155119714,-1.863558112,0.007967164,1.298610396,0.261294767,35,1146194,131202920,0.873604033,-0.135128057,60,1.697346741,Severe,1030173.135,13.84523744,433.75,6.072468331,17.09443009,43.90531209
Sa'ada,2019,February,2/1/19,48,0.020715446,0.020725446,-3.876393058,0.066742989,0.31037636,0.31038636,-1.169937435,0.007967164,2.600102872,0.95555101,36,1146194,131202920,0.873604033,-0.135128057,46,1.180372591,Severe,1030173.135,13.84523744,380,5.940171253,17.09443009,43.90531209
Sa'ada,2019,March,3/1/19,49,0.015830996,0.015840996,-4.145154016,0.069272363,0.228532641,0.228542641,-1.476032473,0.007967164,1.987030266,0.686641195,37,1146194,131202920,0.873604033,-0.135128057,47,1.217299316,Severe,1030173.135,13.84523744,407.5,6.010040933,17.09443009,43.90531209
Sa'ada,2019,April,4/1/19,50,0.022226049,0.022236049,-3.806040478,0.083460947,0.266304778,0.266314778,-1.323076294,0.007967164,2.789706475,1.025936384,38,1146194,131202920,0.873604033,-0.135128057,18,0.146424291,High,1030173.135,13.84523744,430,6.063785209,17.09443009,43.90531209
Sa'ada,2019,May,5/1/19,51,0.075074637,0.075084637,-2.589139308,0.098183245,0.764637971,0.764647971,-0.26833972,0.007967164,9.423006355,2.243154184,39,1146194,131202920,0.873604033,-0.135128057,18,0.146424291,High,1030173.135,13.84523744,430,6.063785209,17.09443009,43.90531209
Sa'ada,2019,June,6/1/19,52,0.033684332,0.033694332,-3.390425646,0.092954391,0.362374834,0.362384834,-1.015048554,0.007967164,4.227894895,1.441704208,40,1146194,131202920,0.873604033,-0.135128057,54,1.475786391,Severe,1030173.135,13.84523744,430,6.063785209,17.09443009,43.90531209
Sa'ada,2019,July,7/1/19,53,0.041535863,0.041545863,-3.180957329,0.103208697,0.402445376,0.402455376,-0.910171055,0.007967164,5.213381198,1.651228628,41,1146194,131202920,0.873604033,-0.135128057,45,1.143445866,Severe,1030173.135,13.84523744,430,6.063785209,17.09443009,43.90531209
Sa'ada,2019,August,8/1/19,54,0.0265676,0.0265776,-3.627686523,0.082075175,0.323698367,0.323708367,-1.12791227,0.007967164,3.334637018,1.204363833,42,1146194,131202920,0.873604033,-0.135128057,45,1.143445866,Severe,1030173.135,13.84523744,430,6.063785209,17.09443009,43.90531209
Sa'ada,2019,September,9/1/19,55,0.028955699,0.028965699,-3.541642942,0.09360604,0.309335796,0.309345796,-1.173295547,0.007967164,3.634379686,1.290438446,43,1146194,131202920,0.873604033,-0.135128057,52,1.401932941,Severe,1030173.135,13.84523744,547.5,6.305362462,17.09443009,43.90531209
Sa'ada,2019,October,10/1/19,56,0.030340009,0.030350009,-3.494958465,0.09117475,0.332767669,0.332777669,-1.100280673,0.007967164,3.808131601,1.337138675,44,1146194,131202920,0.873604033,-0.135128057,41,0.995738966,Severe,1030173.135,13.84523744,613.75,6.419587679,17.09443009,43.90531209
Sa'ada,2019,November,11/1/19,57,0.023907232,0.023917232,-3.733156076,0.070441263,0.33939244,0.33940244,-1.080568737,0.007967164,3.000720457,1.098852412,45,1146194,131202920,0.873604033,-0.135128057,23,0.331057916,High,1030173.135,13.84523744,430,6.063785209,17.09443009,43.90531209
Sa'ada,2019,December,12/1/19,58,0.016982401,0.016992401,-4.074989035,0.063123883,0.269032897,0.269042897,-1.312884444,0.007967164,2.131549068,0.756848977,46,1146194,131202920,0.873604033,-0.135128057,16,0.072570841,High,1030173.135,13.84523744,430,6.063785209,17.09443009,43.90531209
Sa'ada,2020,January,1/1/20,59,0.014589382,0.014599382,-4.22677608,0.066702734,0.218722398,0.218732398,-1.519906223,0.007967164,1.831188865,0.604965409,47,1423377,131202920,1.084866861,0.081457271,9,-0.185916234,Medium,1053124.241,13.86727177,430,6.063785209,17.09443009,43.90531209
Sa'ada,2020,February,2/1/20,60,0.020379209,0.020389209,-3.892749489,0.066742989,0.305338573,0.305348573,-1.186301293,0.007967164,2.557900026,0.93918662,48,1423377,131202920,1.084866861,0.081457271,24,0.367984641,High,1053124.241,13.86727177,430,6.063785209,17.09443009,43.90531209
Sa'ada,2020,March,3/1/20,61,0.023812101,0.023822101,-3.737141516,0.069272363,0.343746049,0.343756049,-1.067823033,0.007967164,2.988780073,1.094865302,49,1423377,131202920,1.084866861,0.081457271,38,0.884958791,Severe,1053124.241,13.86727177,430,6.063785209,17.09443009,43.90531209
Sa'ada,2020,April,4/1/20,62,0.020797454,0.020807454,-3.872443991,0.083460947,0.249187851,0.249197851,-1.389508116,0.007967164,2.610396121,0.95950198,50,1423377,131202920,1.084866861,0.081457271,27,0.478764816,High,1053124.241,13.86727177,345,5.843544417,17.09443009,43.90531209
Sa'ada,2020,May,5/1/20,63,0.053261494,0.053271494,-2.932353913,0.098183245,0.542470298,0.542480298,-0.611603511,0.007967164,6.685125849,1.899885036,51,1423377,131202920,1.084866861,0.081457271,42,1.032665691,Severe,1053124.241,13.86727177,346.25,5.847161058,17.09443009,43.90531209
Sa'ada,2020,June,6/1/20,64,0.026190359,0.026200359,-3.641982166,0.092954391,0.281754942,0.281764942,-1.266682095,0.007967164,3.287287547,1.190062771,52,1423377,131202920,1.084866861,0.081457271,45,1.143445866,Severe,1053124.241,13.86727177,346.25,5.847161058,17.09443009,43.90531209
Sa'ada,2020,July,7/1/20,65,0.031739081,0.031749081,-3.449891499,0.103208697,0.307523318,0.307533318,-1.179171846,0.007967164,3.983736371,1.382220166,53,1423377,131202920,1.084866861,0.081457271,31,0.626471716,High,1053124.241,13.86727177,340,5.828945618,17.09443009,43.90531209
Sa'ada,2020,August,8/1/20,66,0.040230281,0.040240281,-3.21288677,0.082075175,0.490163818,0.490173818,-0.71299522,0.007967164,5.049510842,1.619291376,54,1423377,131202920,1.084866861,0.081457271,24,0.367984641,High,1053124.241,13.86727177,350,5.857933154,17.09443009,43.90531209
Sa'ada,2020,September,9/1/20,67,0.02333481,0.02334481,-3.757380589,0.09360604,0.249287438,0.249297438,-1.389108565,0.007967164,2.928872808,1.074617642,55,1423377,131202920,1.084866861,0.081457271,26,0.441838091,High,1053124.241,13.86727177,387.5,5.959715849,17.09443009,43.90531209
Sa'ada,2020,October,10/1/20,68,0.024218865,0.024228865,-3.720210588,0.09117475,0.265631274,0.265641274,-1.325608474,0.007967164,3.039835128,1.11180328,56,1423377,131202920,1.084866861,0.081457271,35,0.774178616,High,1053124.241,13.86727177,350,5.857933154,17.09443009,43.90531209
Sa'ada,2020,November,11/1/20,69,0.019862553,0.019872553,-3.918415746,0.070441263,0.281973267,0.281983267,-1.265907547,0.007967164,2.493051856,0.913507605,57,1423377,131202920,1.084866861,0.081457271,22,0.294131191,High,1053124.241,13.86727177,345,5.843544417,17.09443009,43.90531209
Sa'ada,2020,December,12/1/20,70,0.018647181,0.018657181,-3.981524167,0.063123883,0.295406116,0.295416116,-1.219370354,0.007967164,2.340504225,0.850366387,58,1423377,131202920,1.084866861,0.081457271,27,0.478764816,High,1053124.241,13.86727177,340,5.828945618,17.09443009,43.90531209
Sa'ada,2021,January,1/1/21,71,0.016997162,0.017007162,-4.07412073,0.066702734,0.254819569,0.254829569,-1.367160314,0.007967164,2.133401798,0.757717794,59,1431746,131202920,1.09124553,0.087319732,34,0.737251891,High,1076118.206,13.88887087,505,6.224558429,17.09443009,43.90531209
Sa'ada,2021,February,2/1/21,72,0.021271466,0.021281466,-3.849918726,0.066742989,0.318707123,0.318717123,-1.143451331,0.007967164,2.669891821,0.982037955,60,1431746,131202920,1.09124553,0.087319732,21,0.257204466,High,1076118.206,13.88887087,672.5,6.511002111,17.09443009,43.90531209
Sa'ada,2021,March,3/1/21,73,0.027850219,0.027860219,-3.58055545,0.069272363,0.402039398,0.402049398,-0.911180317,0.007967164,3.495625169,1.251512235,61,1431746,131202920,1.09124553,0.087319732,26,0.441838091,High,1076118.206,13.88887087,600,6.396929655,17.09443009,43.90531209
Sa'ada,2021,April,4/1/21,74,0.069223704,0.069233704,-2.670267483,0.083460947,0.829414313,0.829424313,-0.187023418,0.007967164,8.688625463,2.162014752,62,1431746,131202920,1.09124553,0.087319732,23,0.331057916,High,1076118.206,13.88887087,550,6.309918278,17.09443009,43.90531209
Sa'ada,2021,May,5/1/21,75,0.041770408,0.041780408,-3.175327757,0.098183245,0.42543316,0.42544316,-0.854623924,0.007967164,5.242820155,1.656859551,63,1431746,131202920,1.09124553,0.087319732,11,-0.112062784,Medium,1076118.206,13.88887087,580,6.363028104,17.09443009,43.90531209
Sa'ada,2021,June,6/1/21,76,0.03625285,0.03626285,-3.316961478,0.092954391,0.390006858,0.390016858,-0.941565315,0.007967164,4.550282886,1.515189404,64,1431746,131202920,1.09124553,0.087319732,34,0.737251891,High,1076118.206,13.88887087,593.75,6.386458355,17.09443009,43.90531209
Sa'ada,2021,July,7/1/21,77,0.048787089,0.048797089,-3.02008462,0.103208697,0.472703273,0.472713273,-0.749266262,0.007967164,6.123520113,1.812137113,65,1431746,131202920,1.09124553,0.087319732,17,0.109497566,High,1076118.206,13.88887087,575,6.354370041,17.09443009,43.90531209
Sa'ada,2021,August,8/1/21,78,0.044791616,0.044801616,-3.105511069,0.082075175,0.545738906,0.545748906,-0.605596288,0.007967164,5.622027612,1.726692384,66,1431746,131202920,1.09124553,0.087319732,23,0.331057916,High,1076118.206,13.88887087,542.5,6.296188085,17.09443009,43.90531209
Sa'ada,2021,September,9/1/21,79,0.056928931,0.056938931,-2.865775971,0.09360604,0.608175827,0.608185827,-0.497274807,0.007967164,7.145444853,1.96647507,67,1431746,131202920,1.09124553,0.087319732,29,0.552618266,High,1076118.206,13.88887087,540,6.29156914,17.09443009,43.90531209
Sa'ada,2021,October,10/1/21,80,0.054234119,0.054244119,-2.914260698,0.09117475,0.594837046,0.594847046,-0.519450972,0.007967164,6.807205048,1.917981617,68,1431746,131202920,1.09124553,0.087319732,29,0.552618266,High,1076118.206,13.88887087,555,6.318968114,17.09443009,43.90531209
Sa'ada,2021,November,11/1/21,81,0.039879283,0.039889283,-3.221647588,0.070441263,0.566135266,0.566145266,-0.56890458,0.007967164,5.005455266,1.610528371,69,1431746,131202920,1.09124553,0.087319732,33,0.700325166,High,1076118.206,13.88887087,560,6.327936784,17.09443009,43.90531209
Sa'ada,2021,December,12/1/21,82,0.030107104,0.030117104,-3.502662029,0.063123883,0.476952664,0.476962664,-0.740317064,0.007967164,3.778898489,1.329432562,70,1431746,131202920,1.09124553,0.087319732,19,0.183351016,High,1076118.206,13.88887087,560,6.327936784,17.09443009,43.90531209
Sa'ada,2022,January,1/1/22,83,0.024979908,0.024989908,-3.689283216,0.066702734,0.374496013,0.374506013,-0.98214742,0.007967164,3.135357575,1.142743227,71,1860913,131202920,1.418347244,0.349492281,31,0.626471716,High,1099112.172,13.9100133,560,6.327936784,17.09443009,43.90531209
Sa'ada,2022,February,2/1/22,84,0.030937034,0.030947034,-3.475478116,0.066742989,0.463524851,0.463534851,-0.768873706,0.007967164,3.8830673,1.356625383,72,1860913,131202920,1.418347244,0.349492281,18,0.146424291,High,1099112.172,13.9100133,420,6.040254711,17.09443009,43.90531209
Sa'ada,2022,March,3/1/22,85,0.050663452,0.050673452,-2.982353135,0.069272363,0.731366017,0.731376017,-0.312827564,0.007967164,6.359032147,1.849876188,73,1860913,131202920,1.418347244,0.349492281,29,0.552618266,High,1099112.172,13.9100133,1524,7.329093736,17.09443009,43.90531209
Sana'a,2015,March,3/1/15,1,0.177974715,0.177984715,-1.726057603,0.262397766,0.678263073,0.678273073,-0.38820531,NA,NA,NA,NA,929159,124244670,0.747846165,-0.290557984,38,0.884958791,Severe,1241513.092,14.03184143,NA,NA,15.33486795,44.34128325
Sana'a,2015,April,4/1/15,2,0.040559695,0.040569695,-3.20473392,0.222157406,0.182571879,0.182581879,-1.700556555,NA,NA,NA,NA,929159,124244670,0.747846165,-0.290557984,87,2.694368317,Severe,1241513.092,14.03184143,NA,NA,15.33486795,44.34128325
Sana'a,2015,May,5/1/15,3,0.003242567,0.003252567,-5.728310748,0.20972367,0.01546114,0.01547114,-4.168778926,NA,NA,NA,NA,929159,124244670,0.747846165,-0.290557984,44,1.106519141,Severe,1241513.092,14.03184143,NA,NA,15.33486795,44.34128325
Sana'a,2015,June,6/1/15,4,0.010222393,0.010232393,-4.582196807,0.223190257,0.045801251,0.045811251,-3.083225563,NA,NA,NA,NA,929159,124244670,0.747846165,-0.290557984,51,1.365006216,Severe,1241513.092,14.03184143,NA,NA,15.33486795,44.34128325
Sana'a,2015,July,7/1/15,5,0.02440618,0.02441618,-3.712509252,0.257576672,0.094753068,0.094763068,-2.356375524,NA,NA,NA,NA,929159,124244670,0.747846165,-0.290557984,49,1.291152766,Severe,1241513.092,14.03184143,NA,NA,15.33486795,44.34128325
Sana'a,2015,August,8/1/15,6,0.0030819,0.0030919,-5.77896949,0.2274403,0.013550369,0.013560369,-4.300603784,NA,NA,NA,NA,929159,124244670,0.747846165,-0.290557984,31,0.626471716,High,1241513.092,14.03184143,NA,NA,15.33486795,44.34128325
Sana'a,2015,September,9/1/15,7,0.005519621,0.005529621,-5.197636001,0.245714996,0.022463509,0.022473509,-3.795418041,NA,NA,NA,NA,929159,124244670,0.747846165,-0.290557984,119,3.876023517,Severe,1241513.092,14.03184143,NA,NA,15.33486795,44.34128325
Sana'a,2015,October,10/1/15,8,0.003092265,0.003102265,-5.775622789,0.248097108,0.01246393,0.01247393,-4.384114413,NA,NA,NA,NA,929159,124244670,0.747846165,-0.290557984,74,2.214320892,Severe,1241513.092,14.03184143,NA,NA,15.33486795,44.34128325
Sana'a,2015,November,11/1/15,9,0.002812094,0.002822094,-5.870276116,0.251191462,0.011195022,0.011205022,-4.491393208,NA,NA,NA,NA,929159,124244670,0.747846165,-0.290557984,40,0.958812241,Severe,1241513.092,14.03184143,NA,NA,15.33486795,44.34128325
Sana'a,2015,December,12/1/15,10,0.002761847,0.002771847,-5.888241394,0.260395312,0.010606362,0.010616362,-4.545358883,NA,NA,NA,NA,929159,124244670,0.747846165,-0.290557984,52,1.401932941,Severe,1241513.092,14.03184143,NA,NA,15.33486795,44.34128325
Sana'a,2016,January,1/1/16,11,0.002457156,0.002467156,-6.004689209,0.224425296,0.010948659,0.010958659,-4.513625359,NA,NA,NA,NA,891108,124244670,0.717220304,-0.332372228,161,5.426945967,Severe,1272422.805,14.05643336,NA,NA,15.33486795,44.34128325
Sana'a,2016,February,2/1/16,12,0.003378671,0.003388671,-5.68731747,0.242262615,0.013946316,0.013956316,-4.271823113,0.002609502,1.294757007,0.258323038,1,891108,124244670,0.717220304,-0.332372228,179,6.091627017,Severe,1272422.805,14.05643336,NA,NA,15.33486795,44.34128325
Sana'a,2016,March,3/1/16,13,0.004733266,0.004743266,-5.351029351,0.262397766,0.018038515,0.018048515,-4.014691869,0.002609502,1.81385797,0.595456052,2,891108,124244670,0.717220304,-0.332372228,93,2.915928667,Severe,1272422.805,14.05643336,NA,NA,15.33486795,44.34128325
Sana'a,2016,April,4/1/16,14,0.004594863,0.004604863,-5.38064236,0.222157406,0.020682916,0.020692916,-3.87796386,0.002609502,1.760819881,0.565779542,3,891108,124244670,0.717220304,-0.332372228,25,0.404911366,High,1272422.805,14.05643336,NA,NA,15.33486795,44.34128325
Sana'a,2016,May,5/1/16,15,0.008685969,0.008695969,-4.744895694,0.20972367,0.041416255,0.041426255,-3.18384042,0.002609502,3.328592582,1.202549567,4,891108,124244670,0.717220304,-0.332372228,20,0.220277741,High,1272422.805,14.05643336,NA,NA,15.33486795,44.34128325
Sana'a,2016,June,6/1/16,16,0.078387954,0.078397954,-2.545957449,0.223190257,0.351215841,0.351225841,-1.046325841,0.002609502,30.03943051,3.402510869,5,891108,124244670,0.717220304,-0.332372228,19,0.183351016,High,1272422.805,14.05643336,286.25,5.656865555,15.33486795,44.34128325
Sana'a,2016,July,7/1/16,17,0.013602165,0.013612165,-4.296791401,0.257576672,0.052808218,0.052818218,-2.94089911,0.002609502,5.21255205,1.651069573,6,891108,124244670,0.717220304,-0.332372228,35,0.774178616,High,1272422.805,14.05643336,238,5.472270674,15.33486795,44.34128325
Sana'a,2016,August,8/1/16,18,0.010220817,0.010230817,-4.582350839,0.2274403,0.044938461,0.044948461,-3.102238757,0.002609502,3.916769177,1.365267124,7,891108,124244670,0.717220304,-0.332372228,113,3.654463167,Severe,1272422.805,14.05643336,190,5.247024072,15.33486795,44.34128325
Sana'a,2016,September,9/1/16,19,0.015133907,0.015143907,-4.190157006,0.245714996,0.061591304,0.061601304,-2.78707224,0.002609502,5.799538379,1.757778325,8,891108,124244670,0.717220304,-0.332372228,98,3.100562292,Severe,1272422.805,14.05643336,193,5.262690189,15.33486795,44.34128325
Sana'a,2016,October,10/1/16,20,0.012693874,0.012703874,-4.365848293,0.248097108,0.051164941,0.051174941,-2.9725053,0.002609502,4.864481422,1.581960116,9,891108,124244670,0.717220304,-0.332372228,75,2.251247617,Severe,1272422.805,14.05643336,201,5.303304908,15.33486795,44.34128325
Sana'a,2016,November,11/1/16,21,0.007259811,0.007269811,-4.924024985,0.251191462,0.028901504,0.028911504,-3.543515701,0.002609502,2.782067613,1.023194397,10,891108,124244670,0.717220304,-0.332372228,42,1.032665691,Severe,1272422.805,14.05643336,190,5.247024072,15.33486795,44.34128325
Sana'a,2016,December,12/1/16,22,0.007616737,0.007626737,-4.876095179,0.260395312,0.029250669,0.029260669,-3.53151102,0.002609502,2.918846968,1.071188664,11,891108,124244670,0.717220304,-0.332372228,119,3.876023517,Severe,1272422.805,14.05643336,195,5.272999559,15.33486795,44.34128325
Sana'a,2017,January,1/1/17,23,0.009372779,0.009382779,-4.668879291,0.224425296,0.04176347,0.04177347,-3.17549383,0.002609502,3.591788395,1.278650239,12,625599,124244670,0.503521801,-0.686128269,85,2.620514867,Severe,1303132.821,14.08028179,200,5.298317367,15.33486795,44.34128325
Sana'a,2017,February,2/1/17,24,0.011173872,0.011183872,-4.493282538,0.242262615,0.046122973,0.046132973,-3.076227335,0.002609502,4.281994036,1.454418797,13,625599,124244670,0.503521801,-0.686128269,31,0.626471716,High,1303132.821,14.08028179,238,5.472270674,15.33486795,44.34128325
Sana'a,2017,March,3/1/17,25,0.011082416,0.011092416,-4.501493647,0.262397766,0.042235177,0.042245177,-3.164265086,0.002609502,4.246946735,1.446200309,14,625599,124244670,0.503521801,-0.686128269,61,1.734273466,Severe,1303132.821,14.08028179,230,5.438079309,15.33486795,44.34128325
Sana'a,2017,April,4/1/17,26,0.014623951,0.014633951,-4.224411039,0.222157406,0.065826979,0.065836979,-2.720573608,0.002609502,5.604115651,1.723501265,15,625599,124244670,0.503521801,-0.686128269,28,0.515691541,High,1303132.821,14.08028179,238,5.472270674,15.33486795,44.34128325
Sana'a,2017,May,5/1/17,27,0.045684653,0.045694653,-3.08577399,0.20972367,0.217832603,0.217842603,-1.523982482,0.002609502,17.50703889,2.862603022,16,625599,124244670,0.503521801,-0.686128269,36,0.811105341,Severe,1303132.821,14.08028179,236,5.463831805,15.33486795,44.34128325
Sana'a,2017,June,6/1/17,28,0.086471365,0.086481365,-2.447826322,0.223190257,0.387433421,0.387443421,-0.948185451,0.002609502,33.1371139,3.50065392,17,625599,124244670,0.503521801,-0.686128269,31,0.626471716,High,1303132.821,14.08028179,231,5.442417711,15.33486795,44.34128325
Sana'a,2017,July,7/1/17,29,0.027380143,0.027390143,-3.597572075,0.257576672,0.106299001,0.106309001,-2.241405322,0.002609502,10.49247826,2.350658644,18,625599,124244670,0.503521801,-0.686128269,42,1.032665691,Severe,1303132.821,14.08028179,230,5.438079309,15.33486795,44.34128325
Sana'a,2017,August,8/1/17,30,0.026378584,0.026388584,-3.634823787,0.2274403,0.115980255,0.115990255,-2.1542491,0.002609502,10.10866594,2.31339307,19,625599,124244670,0.503521801,-0.686128269,40,0.958812241,Severe,1303132.821,14.08028179,235,5.459585514,15.33486795,44.34128325
Sana'a,2017,September,9/1/17,31,0.020563796,0.020573796,-3.883737052,0.245714996,0.083689626,0.083699626,-2.48052077,0.002609502,7.88035265,2.064372655,20,625599,124244670,0.503521801,-0.686128269,42,1.032665691,Severe,1303132.821,14.08028179,235,5.459585514,15.33486795,44.34128325
Sana'a,2017,October,10/1/17,32,0.023561217,0.023571217,-3.74772893,0.248097108,0.094967721,0.094977721,-2.354112931,0.002609502,9.029008983,2.200442614,21,625599,124244670,0.503521801,-0.686128269,62,1.771200191,Severe,1303132.821,14.08028179,277.5,5.625820933,15.33486795,44.34128325
Sana'a,2017,November,11/1/17,33,0.013477967,0.013487967,-4.305957324,0.251191462,0.053656151,0.053666151,-2.924972811,0.002609502,5.164957528,1.641896879,22,625599,124244670,0.503521801,-0.686128269,42,1.032665691,Severe,1303132.821,14.08028179,331.25,5.802873377,15.33486795,44.34128325
Sana'a,2017,December,12/1/17,34,0.010366456,0.010376456,-4.568215885,0.260395312,0.039810456,0.039820456,-3.223374529,0.002609502,3.972580209,1.37941581,23,625599,124244670,0.503521801,-0.686128269,74,2.214320892,Severe,1303132.821,14.08028179,368.75,5.910118908,15.33486795,44.34128325
Sana'a,2018,January,1/1/18,35,0.011121892,0.011131892,-4.497941137,0.224425296,0.049557212,0.049567212,-3.004425712,0.002609502,4.262074526,1.44975602,24,901367,124244670,0.725477399,-0.320925359,16,0.072570841,High,1333688.279,14.1034588,361.25,5.889570239,15.33486795,44.34128325
Sana'a,2018,February,2/1/18,36,0.014593189,0.014603189,-4.226515349,0.242262615,0.060237065,0.060247065,-2.809301421,0.002609502,5.592327195,1.721395514,25,901367,124244670,0.725477399,-0.320925359,22,0.294131191,High,1333688.279,14.1034588,361.25,5.889570239,15.33486795,44.34128325
Sana'a,2018,March,3/1/18,37,0.017793594,0.017803594,-4.028354932,0.262397766,0.06781153,0.06782153,-2.690875583,0.002609502,6.818770018,1.919679106,26,901367,124244670,0.725477399,-0.320925359,32,0.663398441,High,1333688.279,14.1034588,360,5.886104031,15.33486795,44.34128325
Sana'a,2018,April,4/1/18,38,0.018796783,0.018806783,-3.973537676,0.222157406,0.084610202,0.084620202,-2.469582247,0.002609502,7.203206972,1.97452634,27,901367,124244670,0.725477399,-0.320925359,10,-0.148989509,Medium,1333688.279,14.1034588,373.75,5.923587125,15.33486795,44.34128325
Sana'a,2018,May,5/1/18,39,0.055182049,0.055192049,-2.896936376,0.20972367,0.263117887,0.263127887,-1.335115103,0.002609502,21.14658237,3.051478302,28,901367,124244670,0.725477399,-0.320925359,16,0.072570841,High,1333688.279,14.1034588,357.5,5.879135362,15.33486795,44.34128325
Sana'a,2018,June,6/1/18,40,0.07198568,0.07199568,-2.631149162,0.223190257,0.322530566,0.322540566,-1.131526365,0.002609502,27.58598384,3.317307812,29,901367,124244670,0.725477399,-0.320925359,12,-0.075136059,Medium,1333688.279,14.1034588,370,5.913503006,15.33486795,44.34128325
Sana'a,2018,July,7/1/18,41,0.025242415,0.025252415,-3.678833484,0.257576672,0.097999616,0.098009616,-2.322689683,0.002609502,9.673269076,2.269366316,30,901367,124244670,0.725477399,-0.320925359,12,-0.075136059,Medium,1333688.279,14.1034588,375,5.926926026,15.33486795,44.34128325
Sana'a,2018,August,8/1/18,42,0.03169035,0.03170035,-3.451427557,0.2274403,0.139334806,0.139344806,-1.970803799,0.002609502,12.14421372,2.496852819,31,901367,124244670,0.725477399,-0.320925359,16,0.072570841,High,1333688.279,14.1034588,425,6.052089169,15.33486795,44.34128325
Sana'a,2018,September,9/1/18,43,0.022349516,0.022359516,-3.800503277,0.245714996,0.09095707,0.09096707,-2.397257706,0.002609502,8.564667128,2.147645267,32,901367,124244670,0.725477399,-0.320925359,4,-0.370549859,Low,1333688.279,14.1034588,650,6.476972363,15.33486795,44.34128325
Sana'a,2018,October,10/1/18,44,0.023682659,0.023692659,-3.742590026,0.248097108,0.095457215,0.095467215,-2.348972389,0.002609502,9.075547365,2.205583694,33,901367,124244670,0.725477399,-0.320925359,7,-0.259769684,Medium,1333688.279,14.1034588,700,6.551080335,15.33486795,44.34128325
Sana'a,2018,November,11/1/18,45,0.017989877,0.017999877,-4.017390354,0.251191462,0.071618187,0.071628187,-2.636266609,0.002609502,6.893988585,1.930649812,34,901367,124244670,0.725477399,-0.320925359,5,-0.333623134,Medium,1333688.279,14.1034588,562.5,6.332391134,15.33486795,44.34128325
Sana'a,2018,December,12/1/18,46,0.016619884,0.016629884,-4.096553961,0.260395312,0.063825588,0.063835588,-2.751444439,0.002609502,6.368986879,1.851440411,35,901367,124244670,0.725477399,-0.320925359,21,0.257204466,High,1333688.279,14.1034588,465,6.142037406,15.33486795,44.34128325
Sana'a,2019,January,1/1/19,47,0.017547327,0.017557327,-4.042283923,0.224425296,0.078187831,0.078197831,-2.548513368,0.002609502,6.724396839,1.905742232,36,1150938,124244670,0.926347987,-0.076505319,10,-0.148989509,Medium,1364189.585,14.1260711,397.5,5.985194934,15.33486795,44.34128325
Sana'a,2019,February,2/1/19,48,0.021607666,0.021617666,-3.834244428,0.242262615,0.089191087,0.089201087,-2.416862053,0.002609502,8.280379168,2.113888761,37,1150938,124244670,0.926347987,-0.076505319,12,-0.075136059,Medium,1364189.585,14.1260711,375,5.926926026,15.33486795,44.34128325
Sana'a,2019,March,3/1/19,49,0.022489821,0.022499821,-3.794247925,0.262397766,0.085708889,0.085718889,-2.456682069,0.002609502,8.618434092,2.153903408,38,1150938,124244670,0.926347987,-0.076505319,8,-0.222842959,Medium,1364189.585,14.1260711,412.5,6.022236206,15.33486795,44.34128325
Sana'a,2019,April,4/1/19,50,0.023941783,0.023951783,-3.731712511,0.222157406,0.107769457,0.107779457,-2.227668205,0.002609502,9.174847538,2.216465777,39,1150938,124244670,0.926347987,-0.076505319,9,-0.185916234,Medium,1364189.585,14.1260711,677.5,6.518409553,15.33486795,44.34128325
Sana'a,2019,May,5/1/19,51,0.089846347,0.089856347,-2.409543028,0.20972367,0.428403465,0.428413465,-0.84766651,0.002609502,34.43045723,3.538941557,40,1150938,124244670,0.926347987,-0.076505319,9,-0.185916234,Medium,1364189.585,14.1260711,430,6.063785209,15.33486795,44.34128325
Sana'a,2019,June,6/1/19,52,0.039551694,0.039561694,-3.229893952,0.223190257,0.177210665,0.177220665,-1.730359628,0.002609502,15.15679773,2.718449126,41,1150938,124244670,0.926347987,-0.076505319,13,-0.038209334,High,1364189.585,14.1260711,430,6.063785209,15.33486795,44.34128325
Sana'a,2019,July,7/1/19,53,0.028225048,0.028235048,-3.567191236,0.257576672,0.109579209,0.109589209,-2.211016367,0.002609502,10.81625843,2.381050412,42,1150938,124244670,0.926347987,-0.076505319,7,-0.259769684,Medium,1364189.585,14.1260711,430,6.063785209,15.33486795,44.34128325
Sana'a,2019,August,8/1/19,54,0.026458482,0.026468482,-3.631800612,0.2274403,0.116331547,0.116341547,-2.151225043,0.002609502,10.13928405,2.316417389,43,1150938,124244670,0.926347987,-0.076505319,6,-0.296696409,Medium,1364189.585,14.1260711,430,6.063785209,15.33486795,44.34128325
Sana'a,2019,September,9/1/19,55,0.027854887,0.027864887,-3.580387913,0.245714996,0.113362585,0.113372585,-2.177075672,0.002609502,10.67440722,2.367849028,44,1150938,124244670,0.926347987,-0.076505319,4,-0.370549859,Low,1364189.585,14.1260711,511.25,6.236858707,15.33486795,44.34128325
Sana'a,2019,October,10/1/19,56,0.028395105,0.028405105,-3.561186396,0.248097108,0.114451576,0.114461576,-2.167516093,0.002609502,10.8814268,2.387057373,45,1150938,124244670,0.926347987,-0.076505319,4,-0.370549859,Low,1364189.585,14.1260711,983.75,6.8913718,15.33486795,44.34128325
Sana'a,2019,November,11/1/19,57,0.031416888,0.031426888,-3.460091447,0.251191462,0.12507148,0.12508148,-2.078789914,0.002609502,12.03941902,2.488186185,46,1150938,124244670,0.926347987,-0.076505319,1,-0.481330034,Low,1364189.585,14.1260711,435,6.075346031,15.33486795,44.34128325
Sana'a,2019,December,12/1/19,58,0.029612752,0.029622752,-3.519212564,0.260395312,0.113722293,0.113732293,-2.173907899,0.002609502,11.34804725,2.429045681,47,1150938,124244670,0.926347987,-0.076505319,0,-0.518256759,None,1364189.585,14.1260711,435,6.075346031,15.33486795,44.34128325
Sana'a,2020,January,1/1/20,59,0.028725635,0.028735635,-3.549617289,0.224425296,0.127996423,0.128006423,-2.055674837,0.002609502,11.00809082,2.398630532,48,1756326,124244670,1.413602692,0.346141546,28,0.515691541,High,1394700.989,14.14819061,435,6.075346031,15.33486795,44.34128325
Sana'a,2020,February,2/1/20,60,0.033686217,0.033696217,-3.390369703,0.242262615,0.13904835,0.13905835,-1.97286165,0.002609502,12.90905966,2.557929364,49,1756326,124244670,1.413602692,0.346141546,26,0.441838091,High,1394700.989,14.14819061,435,6.075346031,15.33486795,44.34128325
Sana'a,2020,March,3/1/20,61,0.03706662,0.03707662,-3.294768697,0.262397766,0.141261188,0.141271188,-1.957073917,0.002609502,14.2044804,2.653557436,50,1756326,124244670,1.413602692,0.346141546,29,0.552618266,High,1394700.989,14.14819061,435,6.075346031,15.33486795,44.34128325
Sana'a,2020,April,4/1/20,62,0.031857824,0.031867824,-3.44615843,0.222157406,0.143402034,0.143412034,-1.942033435,0.002609502,12.20839225,2.502123605,51,1756326,124244670,1.413602692,0.346141546,13,-0.038209334,High,1394700.989,14.14819061,345,5.843544417,15.33486795,44.34128325
Sana'a,2020,May,5/1/20,63,0.092903203,0.092913203,-2.376089523,0.20972367,0.442979101,0.442989101,-0.814210112,0.002609502,35.60188994,3.572398725,52,1756326,124244670,1.413602692,0.346141546,8,-0.222842959,Medium,1394700.989,14.14819061,345,5.843544417,15.33486795,44.34128325
Sana'a,2020,June,6/1/20,64,0.032532444,0.032542444,-3.425210072,0.223190257,0.14576104,0.14577104,-1.925718107,0.002609502,12.46691668,2.52307847,53,1756326,124244670,1.413602692,0.346141546,16,0.072570841,High,1394700.989,14.14819061,345,5.843544417,15.33486795,44.34128325
Sana'a,2020,July,7/1/20,65,0.051736784,0.051746784,-2.961392994,0.257576672,0.200859742,0.200869742,-1.605098631,0.002609502,19.82630556,2.98700962,54,1756326,124244670,1.413602692,0.346141546,13,-0.038209334,High,1394700.989,14.14819061,547.5,6.305362462,15.33486795,44.34128325
Sana'a,2020,August,8/1/20,66,0.038016099,0.038026099,-3.269482539,0.2274403,0.167147594,0.167157594,-1.788818235,0.002609502,14.56833488,2.67885033,55,1756326,124244670,1.413602692,0.346141546,2,-0.444403309,Low,1394700.989,14.14819061,587.5,6.375876246,15.33486795,44.34128325
Sana'a,2020,September,9/1/20,67,0.038052683,0.038062683,-3.268520926,0.245714996,0.154865123,0.154875123,-1.865136145,0.002609502,14.58235441,2.679812196,56,1756326,124244670,1.413602692,0.346141546,13,-0.038209334,High,1394700.989,14.14819061,562.5,6.332391134,15.33486795,44.34128325
Sana'a,2020,October,10/1/20,68,0.053567592,0.053577592,-2.926624358,0.248097108,0.215913811,0.215923811,-1.53282966,0.002609502,20.52789843,3.02178486,57,1756326,124244670,1.413602692,0.346141546,5,-0.333623134,Medium,1394700.989,14.14819061,476,6.165417854,15.33486795,44.34128325
Sana'a,2020,November,11/1/20,69,0.04331283,0.04332283,-3.139075531,0.251191462,0.172429547,0.172439547,-1.757708556,0.002609502,16.59812102,2.809289497,58,1756326,124244670,1.413602692,0.346141546,13,-0.038209334,High,1394700.989,14.14819061,383.75,5.949991299,15.33486795,44.34128325
Sana'a,2020,December,12/1/20,70,0.042635364,0.042645364,-3.15483671,0.260395312,0.163733224,0.163743224,-1.809455785,0.002609502,16.33850597,2.793524651,59,1756326,124244670,1.413602692,0.346141546,8,-0.222842959,Medium,1394700.989,14.14819061,345,5.843544417,15.33486795,44.34128325
Sana'a,2021,January,1/1/21,71,0.039102486,0.039112486,-3.241313528,0.224425296,0.174233862,0.174243862,-1.747299455,0.002609502,14.98465454,2.707026647,60,1274429,124244670,1.025741386,0.025415655,0,-0.518256759,None,1425262.302,14.16986643,345,5.843544417,15.33486795,44.34128325
Sana'a,2021,February,2/1/21,72,0.039227237,0.039237237,-3.23812906,0.242262615,0.161920307,0.161930307,-1.82058924,0.002609502,15.03246098,2.710211928,61,1274429,124244670,1.025741386,0.025415655,0,-0.518256759,None,1425262.302,14.16986643,345,5.843544417,15.33486795,44.34128325
Sana'a,2021,March,3/1/21,73,0.048443998,0.048453998,-3.027140426,0.262397766,0.184620467,0.184630467,-1.689398927,0.002609502,18.56446096,2.921249052,62,1274429,124244670,1.025741386,0.025415655,6,-0.296696409,Medium,1425262.302,14.16986643,497.5,6.209595557,15.33486795,44.34128325
Sana'a,2021,April,4/1/21,74,0.111394753,0.111404753,-2.194585286,0.222157406,0.501422639,0.501432639,-0.690286,0.002609502,42.68812708,3.753920827,63,1274429,124244670,1.025741386,0.025415655,0,-0.518256759,None,1425262.302,14.16986643,675,6.514712691,15.33486795,44.34128325
Sana'a,2021,May,5/1/21,75,0.061500286,0.061510286,-2.788550866,0.20972367,0.293244372,0.293254372,-1.226714883,0.002609502,23.56782482,3.159882427,64,1274429,124244670,1.025741386,0.025415655,0,-0.518256759,None,1425262.302,14.16986643,575,6.354370041,15.33486795,44.34128325
Sana'a,2021,June,6/1/21,76,0.05276934,0.05277934,-2.941635453,0.223190257,0.236432094,0.236442094,-1.442051947,0.002609502,20.22199638,3.006770942,65,1274429,124244670,1.025741386,0.025415655,0,-0.518256759,None,1425262.302,14.16986643,512.5,6.239300711,15.33486795,44.34128325
Sana'a,2021,July,7/1/21,77,0.060314873,0.060324873,-2.808010773,0.257576672,0.234162793,0.234172793,-1.451696005,0.002609502,23.11355692,3.140419325,66,1274429,124244670,1.025741386,0.025415655,0,-0.518256759,None,1425262.302,14.16986643,564,6.335054251,15.33486795,44.34128325
Sana'a,2021,August,8/1/21,78,0.04928877,0.04929877,-3.009856148,0.2274403,0.216710803,0.216720803,-1.529145376,0.002609502,18.88819016,2.938536868,67,1274429,124244670,1.025741386,0.025415655,2,-0.444403309,Low,1425262.302,14.16986643,618.75,6.427701314,15.33486795,44.34128325
Sana'a,2021,September,9/1/21,79,0.058387819,0.058397819,-2.840476736,0.245714996,0.237624158,0.237634158,-1.437022939,0.002609502,22.37508115,3.107947891,68,1274429,124244670,1.025741386,0.025415655,0,-0.518256759,None,1425262.302,14.16986643,640,6.461468176,15.33486795,44.34128325
Sana'a,2021,October,10/1/21,80,0.086263327,0.086273327,-2.450234802,0.248097108,0.34769985,0.34770985,-1.056386911,0.002609502,33.05739064,3.498245161,69,1274429,124244670,1.025741386,0.025415655,0,-0.518256759,None,1425262.302,14.16986643,643.75,6.467310452,15.33486795,44.34128325
Sana'a,2021,November,11/1/21,81,0.061864333,0.061874333,-2.782649838,0.251191462,0.246283582,0.246293582,-1.401231032,0.002609502,23.70733305,3.165784412,70,1274429,124244670,1.025741386,0.025415655,4,-0.370549859,Low,1425262.302,14.16986643,581,6.364750757,15.33486795,44.34128325
Sana'a,2021,December,12/1/21,82,0.051868665,0.051878665,-2.958847652,0.260395312,0.199192007,0.199202007,-1.613435859,0.002609502,19.87684432,2.989555452,71,1274429,124244670,1.025741386,0.025415655,7,-0.259769684,Medium,1425262.302,14.16986643,570,6.345636361,15.33486795,44.34128325
Sana'a,2022,January,1/1/22,83,0.04319501,0.04320501,-3.141798818,0.224425296,0.192469436,0.192479436,-1.647765957,0.002609502,16.55297064,2.806565581,72,2152079,124244670,1.732129837,0.549351771,17,0.109497566,High,1455823.615,14.19108236,1133.33,7.032915481,15.33486795,44.34128325
Sana'a,2022,February,2/1/22,84,0.045745473,0.045755473,-3.084443866,0.242262615,0.188825969,0.188835969,-1.66687653,0.002609502,17.53034602,2.863933437,73,2152079,124244670,1.732129837,0.549351771,16,0.072570841,High,1455823.615,14.19108236,1187.5,7.079605536,15.33486795,44.34128325
Sana'a,2022,March,3/1/22,85,0.054244278,0.054254278,-2.914073433,0.262397766,0.206725381,0.206735381,-1.576315656,0.002609502,20.78721457,3.034338114,74,2152079,124244670,1.732129837,0.549351771,3,-0.407476584,Low,1455823.615,14.19108236,1413,7.253470383,15.33486795,44.34128325
Sana'a City,2015,March,3/1/15,1,12.51400738,12.51401738,2.526849406,17.35002632,0.721267343,0.721277343,-0.326731551,NA,NA,NA,NA,960810,4072288,23.59386173,3.160986582,36,0.811105341,Severe,2225280.909,14.61539372,180,5.192956851,15.46264926,44.23777522
Sana'a City,2015,April,4/1/15,2,2.620853078,2.620863078,0.963503683,14.73006844,0.177925384,0.177935384,-1.726334806,NA,NA,NA,NA,960810,4072288,23.59386173,3.160986582,86,2.657441592,Severe,2225280.909,14.61539372,450,6.109247583,15.46264926,44.23777522
Sana'a City,2015,May,5/1/15,3,0.345708268,0.345718268,-1.06213109,12.65337898,0.027321419,0.027331419,-3.599718359,NA,NA,NA,NA,960810,4072288,23.59386173,3.160986582,78,2.362027792,Severe,2225280.909,14.61539372,285,5.65248918,15.46264926,44.23777522
Sana'a City,2015,June,6/1/15,4,0.931174302,0.931184302,-0.07129806,12.85732841,0.072423623,0.072433623,-2.625084681,NA,NA,NA,NA,960810,4072288,23.59386173,3.160986582,68,1.992760541,Severe,2225280.909,14.61539372,294,5.683579767,15.46264926,44.23777522
Sana'a City,2015,July,7/1/15,5,1.746866772,1.746876772,0.557829492,14.23673863,0.12270133,0.12271133,-2.097920592,NA,NA,NA,NA,960810,4072288,23.59386173,3.160986582,89,2.768221767,Severe,2225280.909,14.61539372,337.5,5.82156551,15.46264926,44.23777522
Sana'a City,2015,August,8/1/15,6,0.366666666,0.366676666,-1.003274838,15.00628402,0.024434208,0.024444208,-3.711361983,NA,NA,NA,NA,960810,4072288,23.59386173,3.160986582,15,0.035644116,High,2225280.909,14.61539372,450,6.109247583,15.46264926,44.23777522
Sana'a City,2015,September,9/1/15,7,0.353291207,0.353301207,-1.040434308,15.31188344,0.023073008,0.023083008,-3.768658517,NA,NA,NA,NA,960810,4072288,23.59386173,3.160986582,217,7.494842568,Severe,2225280.909,14.61539372,600,6.396929655,15.46264926,44.23777522
Sana'a City,2015,October,10/1/15,8,0.316482361,0.316492361,-1.150456174,16.90825643,0.018717623,0.018727623,-3.977755679,NA,NA,NA,NA,960810,4072288,23.59386173,3.160986582,60,1.697346741,Severe,2225280.909,14.61539372,600,6.396929655,15.46264926,44.23777522
Sana'a City,2015,November,11/1/15,9,0.3433386,0.3433486,-1.069009021,17.84026778,0.019245148,0.019255148,-3.949976825,NA,NA,NA,NA,960810,4072288,23.59386173,3.160986582,7,-0.259769684,Medium,2225280.909,14.61539372,600,6.396929655,15.46264926,44.23777522
Sana'a City,2015,December,12/1/15,10,0.354870986,0.354880986,-1.035972796,18.66391224,0.019013751,0.019023751,-3.962067028,0.329910481,1.075658418,0.072932956,1,960810,4072288,23.59386173,3.160986582,23,0.331057916,High,2225280.909,14.61539372,368,5.908082938,15.46264926,44.23777522
Sana'a City,2016,January,1/1/16,11,0.342917325,0.342927325,-1.070236735,15.33230145,0.022365679,0.022375679,-3.799780669,0.329910481,1.039425374,0.038668035,2,1078607,4072288,26.48651078,3.276635576,157,5.279239067,Severe,2286852.489,14.64268697,260,5.560681631,15.46264926,44.23777522
Sana'a City,2016,February,2/1/16,12,0.418167458,0.418177458,-0.871849396,15.90366771,0.026293775,0.026303775,-3.638042814,0.329910481,1.267517954,0.237060621,3,1078607,4072288,26.48651078,3.276635576,56,1.549639841,Severe,2286852.489,14.64268697,200,5.298317367,15.46264926,44.23777522
Sana'a City,2016,March,3/1/16,13,0.502053712,0.502063712,-0.689028251,17.35002632,0.028936769,0.028946769,-3.542296687,0.329910481,1.5217877,0.419885762,4,1078607,4072288,26.48651078,3.276635576,14,-0.001282609,High,2286852.489,14.64268697,180,5.192956851,15.46264926,44.23777522
Sana'a City,2016,April,4/1/16,14,0.466087415,0.466097415,-0.763360622,14.73006844,0.031641904,0.031651904,-3.452956974,0.329910481,1.412769348,0.345551855,5,1078607,4072288,26.48651078,3.276635576,2,-0.444403309,Low,2286852.489,14.64268697,163,5.093750201,15.46264926,44.23777522
Sana'a City,2016,May,5/1/16,15,0.593575569,0.593585569,-0.521573898,12.65337898,0.04691044,0.04692044,-3.059301878,0.329910481,1.799201914,0.587343185,6,1078607,4072288,26.48651078,3.276635576,3,-0.407476584,Low,2286852.489,14.64268697,269,5.59471138,15.46264926,44.23777522
Sana'a City,2016,June,6/1/16,16,4.086413906,4.086423906,1.407670237,12.85732841,0.317827606,0.317837606,-1.1462147,0.329910481,12.38643251,2.516601721,7,1078607,4072288,26.48651078,3.276635576,0,-0.518256759,None,2286852.489,14.64268697,304,5.717027701,15.46264926,44.23777522
Sana'a City,2016,July,7/1/16,17,0.862611901,0.862621901,-0.147778806,14.23673863,0.060590555,0.060600555,-2.803451228,0.329910481,2.614684742,0.961143533,8,1078607,4072288,26.48651078,3.276635576,0,-0.518256759,None,2286852.489,14.64268697,246,5.505331536,15.46264926,44.23777522
Sana'a City,2016,August,8/1/16,18,0.741337547,0.741347547,-0.299285739,15.00628402,0.049401807,0.049411807,-3.007565875,0.329910481,2.247086982,0.809634703,9,1078607,4072288,26.48651078,3.276635576,54,1.475786391,Severe,2286852.489,14.64268697,190,5.247024072,15.46264926,44.23777522
Sana'a City,2016,September,9/1/16,19,0.900842549,0.900852549,-0.104413687,15.31188344,0.058832903,0.058842903,-2.832884047,0.329910481,2.730566626,1.004509143,10,1078607,4072288,26.48651078,3.276635576,47,1.217299316,Severe,2286852.489,14.64268697,183,5.209486153,15.46264926,44.23777522
Sana'a City,2016,October,10/1/16,20,0.799578725,0.799588725,-0.223657777,16.90825643,0.047289248,0.047299248,-3.051260882,0.329910481,2.423623289,0.885263647,11,1078607,4072288,26.48651078,3.276635576,59,1.660420016,Severe,2286852.489,14.64268697,196,5.278114659,15.46264926,44.23777522
Sana'a City,2016,November,11/1/16,21,0.660979463,0.660989463,-0.41401738,17.84026778,0.037049862,0.037059862,-3.295220782,0.329910481,2.003511562,0.694901422,12,1078607,4072288,26.48651078,3.276635576,14,-0.001282609,High,2286852.489,14.64268697,198,5.288267031,15.46264926,44.23777522
Sana'a City,2016,December,12/1/16,22,0.699894682,0.699904682,-0.356811122,18.66391224,0.037499891,0.037509891,-3.283150621,0.329910481,2.121468466,0.752108522,13,1078607,4072288,26.48651078,3.276635576,18,0.146424291,High,2286852.489,14.64268697,186,5.225746674,15.46264926,44.23777522
Sana'a City,2017,January,1/1/17,23,0.756924697,0.756934697,-0.278478295,15.33230145,0.049367976,0.049377976,-3.008250784,0.329910481,2.294333586,0.830442425,14,750330,4072288,18.42526855,2.913723013,13,-0.038209334,High,2348379.803,14.6692362,190,5.247024072,15.46264926,44.23777522
Sana'a City,2017,February,2/1/17,24,0.829331226,0.829341226,-0.187123597,15.90366771,0.052147168,0.052157168,-2.953493657,0.329910481,2.513806847,0.921798276,15,750330,4072288,18.42526855,2.913723013,6,-0.296696409,Medium,2348379.803,14.6692362,221,5.398162702,15.46264926,44.23777522
Sana'a City,2017,March,3/1/17,25,0.852448657,0.852458657,-0.159630567,17.35002632,0.049132413,0.049142413,-3.013032808,0.329910481,2.583878676,0.949291633,16,750330,4072288,18.42526855,2.913723013,10,-0.148989509,Medium,2348379.803,14.6692362,200,5.298317367,15.46264926,44.23777522
Sana'a City,2017,April,4/1/17,26,0.969088995,0.969098995,-0.03138851,14.73006844,0.06578985,0.06579985,-2.72113772,0.329910481,2.937430154,1.077535102,17,750330,4072288,18.42526855,2.913723013,21,0.257204466,High,2348379.803,14.6692362,225,5.416100402,15.46264926,44.23777522
Sana'a City,2017,May,5/1/17,27,1.761137439,1.761147439,0.565965551,12.65337898,0.139183173,0.139193173,-1.971892577,0.329910481,5.338228218,1.674893804,18,750330,4072288,18.42526855,2.913723013,3,-0.407476584,Low,2348379.803,14.6692362,245,5.501258211,15.46264926,44.23777522
Sana'a City,2017,June,6/1/17,28,4.989784102,4.989794102,1.607394647,12.85732841,0.388088718,0.388098718,-0.946495544,0.329910481,15.12466075,2.716326574,19,750330,4072288,18.42526855,2.913723013,9,-0.185916234,Medium,2348379.803,14.6692362,250,5.521460918,15.46264926,44.23777522
Sana'a City,2017,July,7/1/17,29,1.139125856,1.139135856,0.130269954,14.23673863,0.080013119,0.080023119,-2.525439699,0.329910481,3.452833182,1.239195106,20,750330,4072288,18.42526855,2.913723013,14,-0.001282609,High,2348379.803,14.6692362,235,5.459585514,15.46264926,44.23777522
Sana'a City,2017,August,8/1/17,30,1.137493418,1.137503418,0.128835877,15.00628402,0.075801139,0.075811139,-2.579510045,0.329910481,3.447885058,1.237761016,21,750330,4072288,18.42526855,2.913723013,5,-0.333623134,Medium,2348379.803,14.6692362,235,5.459585514,15.46264926,44.23777522
Sana'a City,2017,September,9/1/17,31,1.160768824,1.160778824,0.14909118,15.31188344,0.075808363,0.075818363,-2.57941476,0.329910481,3.51843573,1.258016496,22,750330,4072288,18.42526855,2.913723013,6,-0.296696409,Medium,2348379.803,14.6692362,235,5.459585514,15.46264926,44.23777522
Sana'a City,2017,October,10/1/17,32,1.180200108,1.180210108,0.16569248,16.90825643,0.069800225,0.069810225,-2.66197479,0.329910481,3.577334386,1.274617938,23,750330,4072288,18.42526855,2.913723013,2,-0.444403309,Low,2348379.803,14.6692362,260,5.560681631,15.46264926,44.23777522
Sana'a City,2017,November,11/1/17,33,0.959978933,0.959988933,-0.040833523,17.84026778,0.053809671,0.053819671,-2.922116247,0.329910481,2.909816415,1.068089992,24,750330,4072288,18.42526855,2.913723013,25,0.404911366,High,2348379.803,14.6692362,420,6.040254711,15.46264926,44.23777522
Sana'a City,2017,December,12/1/17,34,0.784992101,0.785002101,-0.242068885,18.66391224,0.042059354,0.042069354,-3.168435737,0.329910481,2.379409404,0.866852307,25,750330,4072288,18.42526855,2.913723013,45,1.143445866,Severe,2348379.803,14.6692362,377.5,5.933570569,15.46264926,44.23777522
Sana'a City,2018,January,1/1/18,35,0.812848867,0.812858867,-0.20719778,15.33230145,0.05301545,0.05302545,-2.936983292,0.329910481,2.463846752,0.901723849,26,1118097,4072288,27.4562359,3.312593315,8,-0.222842959,Medium,2409946.97,14.6951153,356.25,5.875632732,15.46264926,44.23777522
Sana'a City,2018,February,2/1/18,36,0.952975248,0.952985248,-0.048155855,15.90366771,0.059921728,0.059931728,-2.814549231,0.329910481,2.888587368,1.060767583,27,1118097,4072288,27.4562359,3.312593315,5,-0.333623134,Medium,2409946.97,14.6951153,326.25,5.787663959,15.46264926,44.23777522
Sana'a City,2018,March,3/1/18,37,1.081937863,1.081947863,0.078762993,17.35002632,0.062359436,0.062369436,-2.774679931,0.329910481,3.279489211,1.187687682,28,1118097,4072288,27.4562359,3.312593315,6,-0.296696409,Medium,2409946.97,14.6951153,357.5,5.879135362,15.46264926,44.23777522
Sana'a City,2018,April,4/1/18,38,1.174881517,1.174891517,0.161175817,14.73006844,0.079760764,0.079770764,-2.528598208,0.329910481,3.56121307,1.270101237,29,1118097,4072288,27.4562359,3.312593315,15,0.035644116,High,2409946.97,14.6951153,353.75,5.868590449,15.46264926,44.23777522
Sana'a City,2018,May,5/1/18,39,3.059926282,3.059936282,1.118394093,12.65337898,0.241826811,0.241836811,-1.419492115,0.329910481,9.275019917,2.227324756,30,1118097,4072288,27.4562359,3.312593315,12,-0.075136059,Medium,2409946.97,14.6951153,352.5,5.865050622,15.46264926,44.23777522
Sana'a City,2018,June,6/1/18,40,3.820115848,3.820125848,1.340283367,12.85732841,0.297115834,0.297125834,-1.213599546,0.329910481,11.57924973,2.44921468,31,1118097,4072288,27.4562359,3.312593315,3,-0.407476584,Low,2409946.97,14.6951153,361.25,5.889570239,15.46264926,44.23777522
Sana'a City,2018,July,7/1/18,41,1.172827805,1.172837805,0.159426286,14.23673863,0.082380371,0.082390371,-2.496286706,0.329910481,3.554988012,1.268351691,32,1118097,4072288,27.4562359,3.312593315,5,-0.333623134,Medium,2409946.97,14.6951153,362.5,5.893024474,15.46264926,44.23777522
Sana'a City,2018,August,8/1/18,42,1.372248553,1.372258553,0.316457961,15.00628402,0.091444927,0.091454927,-2.391909029,0.329910481,4.159457283,1.425384605,33,1118097,4072288,27.4562359,3.312593315,8,-0.222842959,Medium,2409946.97,14.6951153,400,5.991464547,15.46264926,44.23777522
Sana'a City,2018,September,9/1/18,43,1.295997893,1.296007893,0.259288688,15.31188344,0.084640005,0.084650005,-2.469230111,0.329910481,3.92833198,1.368214903,34,1118097,4072288,27.4562359,3.312593315,3,-0.407476584,Low,2409946.97,14.6951153,593.75,6.386458355,15.46264926,44.23777522
Sana'a City,2018,October,10/1/18,44,1.269826226,1.269836226,0.238887936,16.90825643,0.075100956,0.075110956,-2.588788845,0.329910481,3.849002378,1.347813992,35,1118097,4072288,27.4562359,3.312593315,2,-0.444403309,Low,2409946.97,14.6951153,595,6.388561406,15.46264926,44.23777522
Sana'a City,2018,November,11/1/18,45,1.110953134,1.110963134,0.105227327,17.84026778,0.062272223,0.062282223,-2.776079239,0.329910481,3.367438132,1.214152257,36,1118097,4072288,27.4562359,3.312593315,3,-0.407476584,Low,2409946.97,14.6951153,565,6.336825731,15.46264926,44.23777522
Sana'a City,2018,December,12/1/18,46,1.146024225,1.146034225,0.136307483,18.66391224,0.061403215,0.061413215,-2.790130239,0.329910481,3.473743003,1.245232688,37,1118097,4072288,27.4562359,3.312593315,3,-0.407476584,Low,2409946.97,14.6951153,437.5,6.081076706,15.46264926,44.23777522
Sana'a City,2019,January,1/1/19,47,1.216061084,1.216071084,0.195625239,15.33230145,0.079313669,0.079323669,-2.534218721,0.329910481,3.686033497,1.304550947,38,971210,4072288,23.84924642,3.17175262,9,-0.185916234,Medium,2471728.406,14.72042822,350,5.857933154,15.46264926,44.23777522
Sana'a City,2019,February,2/1/19,48,1.432701421,1.432711421,0.359568748,15.90366771,0.090086227,0.090096227,-2.406876991,0.329910481,4.3426975,1.468495699,39,971210,4072288,23.84924642,3.17175262,2,-0.444403309,Low,2471728.406,14.72042822,375,5.926926026,15.46264926,44.23777522
Sana'a City,2019,March,3/1/19,49,1.524697209,1.524707209,0.421802398,17.35002632,0.087878668,0.087888668,-2.431684402,0.329910481,4.621548259,1.53072977,40,971210,4072288,23.84924642,3.17175262,2,-0.444403309,Low,2471728.406,14.72042822,393.75,5.97571619,15.46264926,44.23777522
Sana'a City,2019,April,4/1/19,50,1.489046865,1.489056865,0.398142943,14.73006844,0.10108893,0.10109893,-2.291655737,0.329910481,4.5134876,1.507070158,41,971210,4072288,23.84924642,3.17175262,3,-0.407476584,Low,2471728.406,14.72042822,638.75,6.459513142,15.46264926,44.23777522
Sana'a City,2019,May,5/1/19,51,5.121695626,5.121705626,1.633487514,12.65337898,0.404769006,0.404779006,-0.904414025,0.329910481,15.5245011,2.742419492,42,971210,4072288,23.84924642,3.17175262,9,-0.185916234,Medium,2471728.406,14.72042822,430,6.063785209,15.46264926,44.23777522
Sana'a City,2019,June,6/1/19,52,1.992259085,1.992269085,0.689274233,12.85732841,0.154951248,0.154961248,-1.864580206,0.329910481,6.038786882,1.798203144,43,971210,4072288,23.84924642,3.17175262,8,-0.222842959,Medium,2471728.406,14.72042822,430,6.063785209,15.46264926,44.23777522
Sana'a City,2019,July,7/1/19,53,1.82190627,1.82191627,0.599888843,14.23673863,0.127972165,0.127982165,-2.055864361,0.329910481,5.522426158,1.708817285,44,971210,4072288,23.84924642,3.17175262,4,-0.370549859,Low,2471728.406,14.72042822,430,6.063785209,15.46264926,44.23777522
Sana'a City,2019,August,8/1/19,54,1.88062138,1.88063138,0.631607561,15.00628402,0.125322257,0.125332257,-2.076787012,0.329910481,5.700399012,1.740536174,45,971210,4072288,23.84924642,3.17175262,2,-0.444403309,Low,2471728.406,14.72042822,430,6.063785209,15.46264926,44.23777522
Sana'a City,2019,September,9/1/19,55,1.740179043,1.740189043,0.553993753,15.31188344,0.113648922,0.113658922,-2.174553228,0.329910481,5.274700694,1.662921937,46,971210,4072288,23.84924642,3.17175262,0,-0.518256759,None,2471728.406,14.72042822,510,6.234410726,15.46264926,44.23777522
Sana'a City,2019,October,10/1/19,56,1.855028962,1.855038962,0.6179057,16.90825643,0.109711428,0.109721428,-2.209810598,0.329910481,5.622825187,1.72683424,47,971210,4072288,23.84924642,3.17175262,0,-0.518256759,None,2471728.406,14.72042822,622.5,6.433743628,15.46264926,44.23777522
Sana'a City,2019,November,11/1/19,57,2.335281726,2.335291726,0.84813682,17.84026778,0.130899477,0.130909477,-2.03324921,0.329910481,7.078531482,1.957066468,48,971210,4072288,23.84924642,3.17175262,0,-0.518256759,None,2471728.406,14.72042822,395,5.978885765,15.46264926,44.23777522
Sana'a City,2019,December,12/1/19,58,2.025171143,2.025181143,0.70565915,18.66391224,0.108507322,0.108517322,-2.220845469,0.329910481,6.138547453,1.814588143,49,971210,4072288,23.84924642,3.17175262,0,-0.518256759,None,2471728.406,14.72042822,395,5.978885765,15.46264926,44.23777522
Sana'a City,2020,January,1/1/20,59,2.091521855,2.091531855,0.737896742,15.33230145,0.136412779,0.136422779,-1.991996546,0.329910481,6.339664774,1.846825892,50,1261316,4072288,30.97315318,3.433120803,0,-0.518256759,None,2533849.972,14.74525043,403.75,6.000795875,15.46264926,44.23777522
Sana'a City,2020,February,2/1/20,60,2.244286468,2.244296468,0.808392095,15.90366771,0.14111754,0.14112754,-1.958091258,0.329910481,6.802713455,1.91732157,51,1261316,4072288,30.97315318,3.433120803,2,-0.444403309,Low,2533849.972,14.74525043,430,6.063785209,15.46264926,44.23777522
Sana'a City,2020,March,3/1/20,61,2.402001052,2.402011052,0.876306325,17.35002632,0.138443655,0.138453655,-1.97721963,0.329910481,7.280766118,1.985236093,52,1261316,4072288,30.97315318,3.433120803,6,-0.296696409,Medium,2533849.972,14.74525043,430,6.063785209,15.46264926,44.23777522
Sana'a City,2020,April,4/1/20,62,2.290205369,2.290215369,0.828645861,14.73006844,0.155478257,0.155488257,-1.861185068,0.329910481,6.941899397,1.937575425,53,1261316,4072288,30.97315318,3.433120803,1,-0.481330034,Low,2533849.972,14.74525043,345,5.843544417,15.46264926,44.23777522
Sana'a City,2020,May,5/1/20,63,6.412427592,6.412437592,1.858239478,12.65337898,0.506775906,0.506785906,-0.679666641,0.329910481,19.4368714,2.96717185,54,1261316,4072288,30.97315318,3.433120803,0,-0.518256759,None,2533849.972,14.74525043,345,5.843544417,15.46264926,44.23777522
Sana'a City,2020,June,6/1/20,64,2.19210111,2.19211111,0.784865057,12.85732841,0.170494292,0.170504292,-1.76899481,0.329910481,6.644533097,1.893794426,55,1261316,4072288,30.97315318,3.433120803,3,-0.407476584,Low,2533849.972,14.74525043,345,5.843544417,15.46264926,44.23777522
Sana'a City,2020,July,7/1/20,65,2.027066877,2.027076877,0.706594793,14.23673863,0.142382812,0.142392812,-1.949165759,0.329910481,6.144293661,1.815523791,56,1261316,4072288,30.97315318,3.433120803,13,-0.038209334,High,2533849.972,14.74525043,737.5,6.603266088,15.46264926,44.23777522
Sana'a City,2020,August,8/1/20,66,2.272827806,2.272837806,0.821029186,15.00628402,0.151458403,0.151468403,-1.887378237,0.329910481,6.889225826,1.929958717,57,1261316,4072288,30.97315318,3.433120803,1,-0.481330034,Low,2533849.972,14.74525043,497.5,6.209595557,15.46264926,44.23777522
Sana'a City,2020,September,9/1/20,67,2.509531334,2.509541334,0.920100001,15.31188344,0.16389436,0.16390436,-1.808472192,0.329910481,7.606703874,2.029029947,58,1261316,4072288,30.97315318,3.433120803,7,-0.259769684,Medium,2533849.972,14.74525043,536.25,6.28460047,15.46264926,44.23777522
Sana'a City,2020,October,10/1/20,68,3.74433913,3.74434913,1.320247805,16.90825643,0.22145034,0.22146034,-1.507511757,0.329910481,11.349561,2.429179065,59,1261316,4072288,30.97315318,3.433120803,0,-0.518256759,None,2533849.972,14.74525043,658,6.489204931,15.46264926,44.23777522
Sana'a City,2020,November,11/1/20,69,3.056398109,3.056408109,1.117240406,17.84026778,0.171320192,0.171330192,-1.764162637,0.329910481,9.264325582,2.226171065,60,1261316,4072288,30.97315318,3.433120803,6,-0.296696409,Medium,2533849.972,14.74525043,597.5,6.392754284,15.46264926,44.23777522
Sana'a City,2020,December,12/1/20,70,2.829594521,2.829604521,1.040136957,18.66391224,0.151607792,0.151617792,-1.886392451,0.329910481,8.576855493,2.149067354,61,1261316,4072288,30.97315318,3.433120803,5,-0.333623134,Medium,2533849.972,14.74525043,345,5.843544417,15.46264926,44.23777522
Sana'a City,2021,January,1/1/21,71,2.730911009,2.730921009,1.004638918,15.33230145,0.178114878,0.178124878,-1.725270413,0.329910481,8.277733404,2.113569187,62,1080582,4072288,26.53500931,3.278464967,1,-0.481330034,Low,2595584.329,14.76932222,522.5,6.258624984,15.46264926,44.23777522
Sana'a City,2021,February,2/1/21,72,2.760821486,2.760831486,1.015531897,15.90366771,0.173596527,0.173606527,-1.75096388,0.329910481,8.368395807,2.124462206,63,1080582,4072288,26.53500931,3.278464967,1,-0.481330034,Low,2595584.329,14.76932222,725,6.586171655,15.46264926,44.23777522
Sana'a City,2021,March,3/1/21,73,3.117535543,3.117545543,1.137046007,17.35002632,0.179684773,0.179694773,-1.716495573,0.329910481,9.449640804,2.245976731,64,1080582,4072288,26.53500931,3.278464967,12,-0.075136059,Medium,2595584.329,14.76932222,825,6.715383386,15.46264926,44.23777522
Sana'a City,2021,April,4/1/21,74,5.892364397,5.892374397,1.77365904,14.73006844,0.40002288,0.40003288,-0.916208535,0.329910481,17.8604947,2.882591274,65,1080582,4072288,26.53500931,3.278464967,2,-0.444403309,Low,2595584.329,14.76932222,725,6.586171655,15.46264926,44.23777522
Sana'a City,2021,May,5/1/21,75,4.30473934,4.30474934,1.459718911,12.65337898,0.340204727,0.340214727,-1.078178311,0.329910481,13.04820425,2.568650519,66,1080582,4072288,26.53500931,3.278464967,0,-0.518256759,None,2595584.329,14.76932222,780,6.65929392,15.46264926,44.23777522
Sana'a City,2021,June,6/1/21,76,3.235229067,3.235239067,1.174102825,12.85732841,0.251625296,0.251635296,-1.379774478,0.329910481,9.80638462,2.283033665,67,1080582,4072288,26.53500931,3.278464967,0,-0.518256759,None,2595584.329,14.76932222,700,6.551080335,15.46264926,44.23777522
Sana'a City,2021,July,7/1/21,77,3.459557667,3.459567667,1.24114363,14.23673863,0.24300212,0.24301212,-1.41464396,0.329910481,10.48635271,2.35007467,68,1080582,4072288,26.53500931,3.278464967,0,-0.518256759,None,2595584.329,14.76932222,680,6.522092798,15.46264926,44.23777522
Sana'a City,2021,August,8/1/21,78,3.024539232,3.024549232,1.106762066,15.00628402,0.201551512,0.201561512,-1.601660674,0.329910481,9.167757335,2.215692691,69,1080582,4072288,26.53500931,3.278464967,0,-0.518256759,None,2595584.329,14.76932222,700,6.551080335,15.46264926,44.23777522
Sana'a City,2021,September,9/1/21,79,3.457451286,3.457461286,1.240534587,15.31188344,0.225801829,0.225811829,-1.488053242,0.329910481,10.47996801,2.349465626,70,1080582,4072288,26.53500931,3.278464967,0,-0.518256759,None,2595584.329,14.76932222,558,6.324358962,15.46264926,44.23777522
Sana'a City,2021,October,10/1/21,80,5.539757761,5.539767761,1.711952579,16.90825643,0.327636252,0.327646252,-1.115820753,0.329910481,16.79169981,2.820884705,71,1080582,4072288,26.53500931,3.278464967,4,-0.370549859,Low,2595584.329,14.76932222,570,6.345636361,15.46264926,44.23777522
Sana'a City,2021,November,11/1/21,81,3.762717221,3.762727221,1.325144019,17.84026778,0.210911477,0.210921477,-1.556269362,0.329910481,11.4052673,2.434075293,72,1080582,4072288,26.53500931,3.278464967,17,0.109497566,High,2595584.329,14.76932222,570,6.345636361,15.46264926,44.23777522
Sana'a City,2021,December,12/1/21,82,3.348393894,3.348403894,1.208483783,18.66391224,0.179404717,0.179414717,-1.718055298,0.329910481,10.14940139,2.317414727,73,1080582,4072288,26.53500931,3.278464967,30,0.589544991,High,2595584.329,14.76932222,570,6.345636361,15.46264926,44.23777522
Sana'a City,2022,January,1/1/22,83,2.760294892,2.760304892,1.015341142,15.33230145,0.180031348,0.180041348,-1.714568743,0.329910481,8.366799635,2.12427145,74,1232569,4072288,30.26723552,3.410065791,31,0.626471716,High,2657318.686,14.79282816,NA,NA,15.46264926,44.23777522
Sana'a City,2022,February,2/1/22,84,2.749552396,2.749562396,1.01144177,15.90366771,0.172887943,0.172897943,-1.755053783,0.329910481,8.334237784,2.120372064,75,1232569,4072288,30.26723552,3.410065791,20,0.220277741,High,2657318.686,14.79282816,NA,NA,15.46264926,44.23777522
Sana'a City,2022,March,3/1/22,85,2.902527646,2.902537646,1.065585405,17.35002632,0.167292406,0.167302406,-1.78795229,0.329910481,8.797924932,2.17451589,76,1232569,4072288,30.26723552,3.410065791,5,-0.333623134,Medium,2657318.686,14.79282816,763,6.637258031,15.46264926,44.23777522
Shabwah,2015,March,3/1/15,1,0.254479473,0.254489473,-1.368495807,0.100196922,2.539793318,2.539803318,0.932086644,NA,NA,NA,NA,913821,403829066,0.226289061,-1.485942066,3,-0.407476584,Low,635540.6412,13.36223132,NA,NA,14.77414534,46.88569051
Shabwah,2015,April,4/1/15,2,0.055276197,0.055286197,-2.895232004,0.129775178,0.425938132,0.425948132,-0.853437696,NA,NA,NA,NA,913821,403829066,0.226289061,-1.485942066,15,0.035644116,High,635540.6412,13.36223132,NA,NA,14.77414534,46.88569051
Shabwah,2015,May,5/1/15,3,0.023450087,0.023460087,-3.752454727,0.115742186,0.202606222,0.202616222,-1.596441621,NA,NA,NA,NA,913821,403829066,0.226289061,-1.485942066,13,-0.038209334,High,635540.6412,13.36223132,NA,NA,14.77414534,46.88569051
Shabwah,2015,June,6/1/15,4,0.025610588,0.025620588,-3.664359032,0.175889226,0.145606349,0.145616349,-1.926779862,NA,NA,NA,NA,913821,403829066,0.226289061,-1.485942066,15,0.035644116,High,635540.6412,13.36223132,NA,NA,14.77414534,46.88569051
Shabwah,2015,July,7/1/15,5,0.043146605,0.043156605,-3.142919802,0.212945814,0.202617765,0.202627765,-1.596384653,NA,NA,NA,NA,913821,403829066,0.226289061,-1.485942066,14,-0.001282609,High,635540.6412,13.36223132,NA,NA,14.77414534,46.88569051
Shabwah,2015,August,8/1/15,6,0.032829658,0.032839658,-3.416118409,0.254536082,0.128978406,0.128988406,-2.048032755,NA,NA,NA,NA,913821,403829066,0.226289061,-1.485942066,6,-0.296696409,Medium,635540.6412,13.36223132,NA,NA,14.77414534,46.88569051
Shabwah,2015,September,9/1/15,7,0.030239014,0.030249014,-3.49829169,0.179062808,0.168873785,0.168883785,-1.778544463,NA,NA,NA,NA,913821,403829066,0.226289061,-1.485942066,18,0.146424291,High,635540.6412,13.36223132,NA,NA,14.77414534,46.88569051
Shabwah,2015,October,10/1/15,8,0.024640361,0.024650361,-3.702963734,0.148885273,0.165498981,0.165508981,-1.79872982,NA,NA,NA,NA,913821,403829066,0.226289061,-1.485942066,7,-0.259769684,Medium,635540.6412,13.36223132,NA,NA,14.77414534,46.88569051
Shabwah,2015,November,11/1/15,9,0.02540546,0.02541546,-3.672397629,0.11919137,0.213148485,0.213158485,-1.545719329,NA,NA,NA,NA,913821,403829066,0.226289061,-1.485942066,6,-0.296696409,Medium,635540.6412,13.36223132,NA,NA,14.77414534,46.88569051
Shabwah,2015,December,12/1/15,10,0.023136269,0.023146269,-3.765921678,0.103094256,0.224418603,0.224428603,-1.494197649,NA,NA,NA,NA,913821,403829066,0.226289061,-1.485942066,4,-0.370549859,Low,635540.6412,13.36223132,NA,NA,14.77414534,46.88569051
Shabwah,2016,January,1/1/16,11,0.025111221,0.025121221,-3.684042332,0.098749418,0.254292346,0.254302346,-1.369231381,NA,NA,NA,NA,827744,403829066,0.204973854,-1.584872849,9,-0.185916234,Medium,651401.1616,13.38688096,NA,NA,14.77414534,46.88569051
Shabwah,2016,February,2/1/16,12,0.024500506,0.024510506,-3.708653437,0.112032302,0.218691446,0.218701446,-1.52004774,NA,NA,NA,NA,827744,403829066,0.204973854,-1.584872849,4,-0.370549859,Low,651401.1616,13.38688096,NA,NA,14.77414534,46.88569051
Shabwah,2016,March,3/1/16,13,0.025362566,0.025372566,-3.674086767,0.100196922,0.253127197,0.253137197,-1.373823657,NA,NA,NA,NA,827744,403829066,0.204973854,-1.584872849,10,-0.148989509,Medium,651401.1616,13.38688096,NA,NA,14.77414534,46.88569051
Shabwah,2016,April,4/1/16,14,0.024791411,0.024801411,-3.696854732,0.129775178,0.191033534,0.191043534,-1.65525395,NA,NA,NA,NA,827744,403829066,0.204973854,-1.584872849,3,-0.407476584,Low,651401.1616,13.38688096,NA,NA,14.77414534,46.88569051
Shabwah,2016,May,5/1/16,15,0.03358428,0.03359428,-3.393399465,0.115742186,0.290164556,0.290174556,-1.23727262,NA,NA,NA,NA,827744,403829066,0.204973854,-1.584872849,1,-0.481330034,Low,651401.1616,13.38688096,NA,NA,14.77414534,46.88569051
Shabwah,2016,June,6/1/16,16,0.032474106,0.032484106,-3.427004355,0.175889226,0.18462817,0.18463817,-1.689357207,NA,NA,NA,NA,827744,403829066,0.204973854,-1.584872849,2,-0.444403309,Low,651401.1616,13.38688096,292.5,5.678464667,14.77414534,46.88569051
Shabwah,2016,July,7/1/16,17,0.031274242,0.031284242,-3.464640759,0.212945814,0.146864789,0.146874789,-1.918174831,NA,NA,NA,NA,827744,403829066,0.204973854,-1.584872849,0,-0.518256759,None,651401.1616,13.38688096,246,5.505331536,14.77414534,46.88569051
Shabwah,2016,August,8/1/16,18,0.024594942,0.024604942,-3.704807962,0.254536082,0.096626544,0.096636544,-2.336798307,NA,NA,NA,NA,827744,403829066,0.204973854,-1.584872849,12,-0.075136059,Medium,651401.1616,13.38688096,206,5.327876169,14.77414534,46.88569051
Shabwah,2016,September,9/1/16,19,0.027416777,0.027426777,-3.59623548,0.179062808,0.153112628,0.153122628,-1.876516188,NA,NA,NA,NA,827744,403829066,0.204973854,-1.584872849,13,-0.038209334,High,651401.1616,13.38688096,193,5.262690189,14.77414534,46.88569051
Shabwah,2016,October,10/1/16,20,0.018286244,0.018296244,-4.001059486,0.148885273,0.122821039,0.122831039,-2.096945535,NA,NA,NA,NA,827744,403829066,0.204973854,-1.584872849,8,-0.222842959,Medium,651401.1616,13.38688096,188,5.236441963,14.77414534,46.88569051
Shabwah,2016,November,11/1/16,21,0.015351132,0.015361132,-4.175914856,0.11919137,0.128793989,0.128803989,-2.049463495,NA,NA,NA,NA,827744,403829066,0.204973854,-1.584872849,8,-0.222842959,Medium,651401.1616,13.38688096,195,5.272999559,14.77414534,46.88569051
Shabwah,2016,December,12/1/16,22,0.016598026,0.016608026,-4.097869206,0.103094256,0.160998552,0.161008552,-1.826297797,NA,NA,NA,NA,827744,403829066,0.204973854,-1.584872849,14,-0.001282609,High,651401.1616,13.38688096,189,5.241747015,14.77414534,46.88569051
Shabwah,2017,January,1/1/17,23,0.016359694,0.016369694,-4.112323581,0.098749418,0.165668765,0.165678765,-1.797704516,NA,NA,NA,NA,552120,403829066,0.136721214,-1.989811361,28,0.515691541,High,667176.6869,13.41081019,298,5.697093487,14.77414534,46.88569051
Shabwah,2017,February,2/1/17,24,0.016299489,0.016309489,-4.116008193,0.112032302,0.145489192,0.145499192,-1.927584746,NA,NA,NA,NA,552120,403829066,0.136721214,-1.989811361,4,-0.370549859,Low,667176.6869,13.41081019,281,5.638354669,14.77414534,46.88569051
Shabwah,2017,March,3/1/17,25,0.014120399,0.014130399,-4.259426845,0.100196922,0.140926475,0.140936475,-1.959446022,NA,NA,NA,NA,552120,403829066,0.136721214,-1.989811361,8,-0.222842959,Medium,667176.6869,13.41081019,230,5.438079309,14.77414534,46.88569051
Shabwah,2017,April,4/1/17,26,0.016018179,0.016028179,-4.133406918,0.129775178,0.123430221,0.123440221,-2.091998281,NA,NA,NA,NA,552120,403829066,0.136721214,-1.989811361,10,-0.148989509,Medium,667176.6869,13.41081019,223,5.407171771,14.77414534,46.88569051
Shabwah,2017,May,5/1/17,27,0.02014886,0.02015886,-3.904111385,0.115742186,0.174083977,0.174093977,-1.748160028,0.015069289,1.337081,0.29048888,1,552120,403829066,0.136721214,-1.989811361,1,-0.481330034,Low,667176.6869,13.41081019,223,5.407171771,14.77414534,46.88569051
Shabwah,2017,June,6/1/17,28,0.020814841,0.020824841,-3.871608726,0.175889226,0.118340625,0.118350625,-2.134103662,0.015069289,1.381275586,0.32300741,2,552120,403829066,0.136721214,-1.989811361,12,-0.075136059,Medium,667176.6869,13.41081019,226,5.420534999,14.77414534,46.88569051
Shabwah,2017,July,7/1/17,29,0.019123328,0.019133328,-3.956323543,0.212945814,0.089803728,0.089813728,-2.410017442,0.015069289,1.269026561,0.238250119,3,552120,403829066,0.136721214,-1.989811361,10,-0.148989509,Medium,667176.6869,13.41081019,243,5.493061443,14.77414534,46.88569051
Shabwah,2017,August,8/1/17,30,0.018531642,0.018541642,-3.987736158,0.254536082,0.07280556,0.07281556,-2.61982561,0.015069289,1.2297622,0.206820817,4,552120,403829066,0.136721214,-1.989811361,8,-0.222842959,Medium,667176.6869,13.41081019,270,5.598421959,14.77414534,46.88569051
Shabwah,2017,September,9/1/17,31,0.020090361,0.020100361,-3.907017504,0.179062808,0.112197286,0.112207286,-2.18740735,0.015069289,1.333198998,0.287581316,5,552120,403829066,0.136721214,-1.989811361,10,-0.148989509,Medium,667176.6869,13.41081019,273,5.609471795,14.77414534,46.88569051
Shabwah,2017,October,10/1/17,32,0.018513506,0.018523506,-3.988714759,0.148885273,0.124347463,0.124357463,-2.084595094,0.015069289,1.228558693,0.205841688,6,552120,403829066,0.136721214,-1.989811361,21,0.257204466,High,667176.6869,13.41081019,270,5.598421959,14.77414534,46.88569051
Shabwah,2017,November,11/1/17,33,0.017681816,0.017691816,-4.034653119,0.11919137,0.148348123,0.148358123,-1.908126178,0.015069289,1.173367635,0.159877935,7,552120,403829066,0.136721214,-1.989811361,7,-0.259769684,Medium,667176.6869,13.41081019,340,5.828945618,14.77414534,46.88569051
Shabwah,2017,December,12/1/17,34,0.020176672,0.020186672,-3.902732694,0.103094256,0.195710922,0.195720922,-1.631065502,0.015069289,1.338926608,0.291868254,8,552120,403829066,0.136721214,-1.989811361,15,0.035644116,High,667176.6869,13.41081019,322.5,5.776103136,14.77414534,46.88569051
Shabwah,2018,January,1/1/18,35,0.019351058,0.019361058,-3.94449155,0.098749418,0.195961237,0.195971237,-1.629787381,0.015069289,1.284138754,0.250088263,9,534790,403829066,0.132429794,-2.021702631,0,-0.518256759,None,682854.6033,13.43403724,281.25,5.639243954,14.77414534,46.88569051
Shabwah,2018,February,2/1/18,36,0.018527162,0.018537162,-3.987977805,0.112032302,0.165373395,0.165383395,-1.799488894,0.015069289,1.229464907,0.20657904,10,534790,403829066,0.132429794,-2.021702631,0,-0.518256759,None,682854.6033,13.43403724,281.25,5.639243954,14.77414534,46.88569051
Shabwah,2018,March,3/1/18,37,0.024026192,0.024036192,-3.728194585,0.100196922,0.239789721,0.239799721,-1.4279512,0.015069289,1.594381261,0.466485737,11,534790,403829066,0.132429794,-2.021702631,0,-0.518256759,None,682854.6033,13.43403724,268.75,5.593781579,14.77414534,46.88569051
Shabwah,2018,April,4/1/18,38,0.037393639,0.037403639,-3.28598728,0.129775178,0.288141688,0.288151688,-1.244268243,0.015069289,2.481446802,0.908841778,12,534790,403829066,0.132429794,-2.021702631,0,-0.518256759,None,682854.6033,13.43403724,307.5,5.728475087,14.77414534,46.88569051
Shabwah,2018,May,5/1/18,39,0.037325043,0.037335043,-3.287822903,0.115742186,0.322484345,0.322494345,-1.131669678,0.015069289,2.476894763,0.907005664,13,534790,403829066,0.132429794,-2.021702631,0,-0.518256759,None,682854.6033,13.43403724,317.5,5.760477818,14.77414534,46.88569051
Shabwah,2018,June,6/1/18,40,0.070517336,0.070527336,-2.6517549,0.175889226,0.400919019,0.400929019,-0.913970877,0.015069289,4.679539692,1.543199749,14,534790,403829066,0.132429794,-2.021702631,0,-0.518256759,None,682854.6033,13.43403724,335,5.814130532,14.77414534,46.88569051
Shabwah,2018,July,7/1/18,41,0.121949582,0.121959582,-2.104065584,0.212945814,0.572678934,0.572688934,-0.557412582,0.015069289,8.092590301,2.090948865,15,534790,403829066,0.132429794,-2.021702631,0,-0.518256759,None,682854.6033,13.43403724,332.5,5.80663986,14.77414534,46.88569051
Shabwah,2018,August,8/1/18,42,0.118061343,0.118071343,-2.136466236,0.254536082,0.463829497,0.463839497,-0.768216698,0.015069289,7.834566249,2.058545514,16,534790,403829066,0.132429794,-2.021702631,0,-0.518256759,None,682854.6033,13.43403724,381.25,5.943455328,14.77414534,46.88569051
Shabwah,2018,September,9/1/18,43,0.082814532,0.082824532,-2.491030981,0.179062808,0.462488738,0.462498738,-0.771111451,0.015069289,5.495583236,1.703944722,17,534790,403829066,0.132429794,-2.021702631,0,-0.518256759,None,682854.6033,13.43403724,433.75,6.072468331,14.77414534,46.88569051
Shabwah,2018,October,10/1/18,44,0.084488197,0.084498197,-2.471025082,0.148885273,0.56747182,0.56748182,-0.566546565,0.015069289,5.606647865,1.723953012,18,534790,403829066,0.132429794,-2.021702631,0,-0.518256759,None,682854.6033,13.43403724,506.25,6.227030618,14.77414534,46.88569051
Shabwah,2018,November,11/1/18,45,0.107156064,0.107166064,-2.233375648,0.11919137,0.899025357,0.899035357,-0.106432916,0.015069289,7.110890501,1.961627482,19,534790,403829066,0.132429794,-2.021702631,0,-0.518256759,None,682854.6033,13.43403724,462.5,6.136646557,14.77414534,46.88569051
Shabwah,2018,December,12/1/18,46,0.093545087,0.093555087,-2.36920485,0.103094256,0.907374381,0.907384381,-0.097189125,0.015069289,6.207664277,1.825784702,20,534790,403829066,0.132429794,-2.021702631,0,-0.518256759,None,682854.6033,13.43403724,306.25,5.724401762,14.77414534,46.88569051
Shabwah,2019,January,1/1/19,47,0.088473733,0.088483733,-2.424936552,0.098749418,0.895941822,0.895951822,-0.109868638,0.015069289,5.871128558,1.770046874,21,1001879,403829066,0.248094821,-1.393944263,1,-0.481330034,Low,698515.1656,13.45671217,302.5,5.712081277,14.77414534,46.88569051
Shabwah,2019,February,2/1/19,48,0.166175013,0.166185013,-1.794653575,0.112032302,1.483277687,1.483287687,0.394261034,0.015069289,11.02739572,2.400382697,22,1001879,403829066,0.248094821,-1.393944263,0,-0.518256759,None,698515.1656,13.45671217,300,5.703782475,14.77414534,46.88569051
Shabwah,2019,March,3/1/19,49,0.148817568,0.148827568,-1.904966905,0.100196922,1.485250894,1.485260894,0.395590443,0.015069289,9.875553385,2.290062348,23,1001879,403829066,0.248094821,-1.393944263,0,-0.518256759,None,698515.1656,13.45671217,345,5.843544417,14.77414534,46.88569051
Shabwah,2019,April,4/1/19,50,0.14393124,0.14394124,-1.938350118,0.129775178,1.109081427,1.109091427,0.103541146,0.015069289,9.551296017,2.256676854,24,1001879,403829066,0.248094821,-1.393944263,0,-0.518256759,None,698515.1656,13.45671217,395,5.978885765,14.77414534,46.88569051
Shabwah,2019,May,5/1/19,51,0.185063517,0.185073517,-1.687002144,0.115742186,1.598928821,1.598938821,0.469340172,0.015069289,12.28083933,2.50804027,25,1001879,403829066,0.248094821,-1.393944263,0,-0.518256759,None,698515.1656,13.45671217,381.25,5.943455328,14.77414534,46.88569051
Shabwah,2019,June,6/1/19,52,0.147750585,0.147760585,-1.912161984,0.175889226,0.840020666,0.840030666,-0.174316881,0.015069289,9.804748253,2.282866784,26,1001879,403829066,0.248094821,-1.393944263,0,-0.518256759,None,698515.1656,13.45671217,362.5,5.893024474,14.77414534,46.88569051
Shabwah,2019,July,7/1/19,53,0.132644743,0.132654743,-2.020005443,0.212945814,0.622903735,0.622913735,-0.473347237,0.015069289,8.802322591,2.175015617,27,1001879,403829066,0.248094821,-1.393944263,0,-0.518256759,None,698515.1656,13.45671217,362.5,5.893024474,14.77414534,46.88569051
Shabwah,2019,August,8/1/19,54,0.169828271,0.169838271,-1.772908642,0.254536082,0.66720706,0.66721706,-0.404639859,0.015069289,11.2698264,2.422128924,28,1001879,403829066,0.248094821,-1.393944263,0,-0.518256759,None,698515.1656,13.45671217,411.25,6.019201302,14.77414534,46.88569051
Shabwah,2019,September,9/1/19,55,0.147741733,0.147751733,-1.912221893,0.179062808,0.825083304,0.825093304,-0.192258803,0.015069289,9.804160833,2.28280687,29,1001879,403829066,0.248094821,-1.393944263,0,-0.518256759,None,698515.1656,13.45671217,416.25,6.031286041,14.77414534,46.88569051
Shabwah,2019,October,10/1/19,56,0.087777819,0.087787819,-2.432832524,0.148885273,0.589566832,0.589576832,-0.528350233,0.015069289,5.824947614,1.762150006,30,1001879,403829066,0.248094821,-1.393944263,0,-0.518256759,None,698515.1656,13.45671217,382.5,5.946728653,14.77414534,46.88569051
Shabwah,2019,November,11/1/19,57,0.090438814,0.090448814,-2.402971179,0.11919137,0.758769817,0.758779817,-0.27604364,0.015069289,6.001531592,1.792014702,31,1001879,403829066,0.248094821,-1.393944263,0,-0.518256759,None,698515.1656,13.45671217,373.75,5.923587125,14.77414534,46.88569051
Shabwah,2019,December,12/1/19,58,0.090205524,0.090215524,-2.40555376,0.103094256,0.874981082,0.874991082,-0.133541585,0.015069289,5.986050437,1.789431835,32,1001879,403829066,0.248094821,-1.393944263,0,-0.518256759,None,698515.1656,13.45671217,367.5,5.906723319,14.77414534,46.88569051
Shabwah,2020,January,1/1/20,59,0.106089816,0.106099816,-2.243374968,0.098749418,1.074333588,1.074343588,0.071709859,0.015069289,7.040134143,1.951627224,33,1350356,403829066,0.334388016,-1.095453236,0,-0.518256759,None,714192.1531,13.47890733,382.5,5.946728653,14.77414534,46.88569051
Shabwah,2020,February,2/1/20,60,0.08943089,0.08944089,-2.414177319,0.112032302,0.798259866,0.798269866,-0.225308561,0.015069289,5.934645623,1.780807317,34,1350356,403829066,0.334388016,-1.095453236,0,-0.518256759,None,714192.1531,13.47890733,413.75,6.025261927,14.77414534,46.88569051
Shabwah,2020,March,3/1/20,61,0.138517362,0.138527362,-1.976687413,0.100196922,1.382451269,1.382461269,0.323865439,0.015069289,9.192030361,2.218336844,35,1350356,403829066,0.334388016,-1.095453236,0,-0.518256759,None,714192.1531,13.47890733,365,5.899897354,14.77414534,46.88569051
Shabwah,2020,April,4/1/20,62,0.099977088,0.099987088,-2.302714221,0.129775178,0.770386828,0.770396828,-0.260849536,0.015069289,6.634492709,1.892282208,36,1350356,403829066,0.334388016,-1.095453236,0,-0.518256759,None,714192.1531,13.47890733,270,5.598421959,14.77414534,46.88569051
Shabwah,2020,May,5/1/20,63,0.137096697,0.137106697,-1.986995846,0.115742186,1.184500671,1.184510671,0.169329753,0.015069289,9.097754844,2.208027663,37,1350356,403829066,0.334388016,-1.095453236,0,-0.518256759,None,714192.1531,13.47890733,247.5,5.511410582,14.77414534,46.88569051
Shabwah,2020,June,6/1/20,64,0.187537639,0.187547639,-1.673722391,0.175889226,1.066225845,1.066235845,0.064134544,0.015069289,12.44502239,2.521320735,38,1350356,403829066,0.334388016,-1.095453236,0,-0.518256759,None,714192.1531,13.47890733,247.5,5.511410582,14.77414534,46.88569051
Shabwah,2020,July,7/1/20,65,0.109653956,0.109663956,-2.210334535,0.212945814,0.514938302,0.514948302,-0.663688768,0.015069289,7.276650942,1.984670721,39,1350356,403829066,0.334388016,-1.095453236,0,-0.518256759,None,714192.1531,13.47890733,347.5,5.850764665,14.77414534,46.88569051
Shabwah,2020,August,8/1/20,66,0.142529814,0.142539814,-1.948133922,0.254536082,0.559959173,0.559969173,-0.579873545,0.015069289,9.458297203,2.246892367,40,1350356,403829066,0.334388016,-1.095453236,0,-0.518256759,None,714192.1531,13.47890733,388.75,5.962936463,14.77414534,46.88569051
Shabwah,2020,September,9/1/20,67,0.132116461,0.132126461,-2.023995777,0.179062808,0.7378219,0.7378319,-0.304039258,0.015069289,8.767265728,2.171024982,41,1350356,403829066,0.334388016,-1.095453236,0,-0.518256759,None,714192.1531,13.47890733,405,6.003887067,14.77414534,46.88569051
Shabwah,2020,October,10/1/20,68,0.114410862,0.114420862,-2.167871857,0.148885273,0.768449823,0.768459823,-0.263366997,0.015069289,7.59231985,2.02713719,42,1350356,403829066,0.334388016,-1.095453236,0,-0.518256759,None,714192.1531,13.47890733,406,6.00635316,14.77414534,46.88569051
Shabwah,2020,November,11/1/20,69,0.104151547,0.104161547,-2.261812248,0.11919137,0.873817853,0.873827853,-0.134871887,0.015069289,6.911510357,1.933188189,43,1350356,403829066,0.334388016,-1.095453236,0,-0.518256759,None,714192.1531,13.47890733,406.25,6.006968734,14.77414534,46.88569051
Shabwah,2020,December,12/1/20,70,0.082058073,0.082068073,-2.500206218,0.103094256,0.795951937,0.795961937,-0.228203912,0.015069289,5.445384517,1.694768372,44,1350356,403829066,0.334388016,-1.095453236,0,-0.518256759,None,714192.1531,13.47890733,390,5.966146739,14.77414534,46.88569051
Shabwah,2021,January,1/1/21,71,0.078371638,0.078381638,-2.546165588,0.098749418,0.793641522,0.793651522,-0.231110803,0.015069289,5.200752205,1.64880327,45,1415570,403829066,0.350536927,-1.048289223,0,-0.518256759,None,729884.1993,13.50064117,391.25,5.969346742,14.77414534,46.88569051
Shabwah,2021,February,2/1/21,72,0.101277816,0.101287816,-2.289789151,0.112032302,0.904005493,0.904015493,-0.10090878,0.015069289,6.72080919,1.905208562,46,1415570,403829066,0.350536927,-1.048289223,0,-0.518256759,None,729884.1993,13.50064117,458.75,6.128505399,14.77414534,46.88569051
Shabwah,2021,March,3/1/21,73,0.089305944,0.089315944,-2.415575263,0.100196922,0.891304266,0.891314266,-0.115058202,0.015069289,5.92635419,1.779409216,47,1415570,403829066,0.350536927,-1.048289223,0,-0.518256759,None,729884.1993,13.50064117,552.5,6.314453433,14.77414534,46.88569051
Shabwah,2021,April,4/1/21,74,0.13519231,0.13520231,-2.00098303,0.129775178,1.041742433,1.041752433,0.040904327,0.015069289,8.971379473,2.194039452,48,1415570,403829066,0.350536927,-1.048289223,0,-0.518256759,None,729884.1993,13.50064117,641.25,6.463419396,14.77414534,46.88569051
Shabwah,2021,May,5/1/21,75,0.133200115,0.133210115,-2.015827585,0.115742186,1.150834623,1.150844623,0.140496128,0.015069289,8.83917715,2.17919379,49,1415570,403829066,0.350536927,-1.048289223,0,-0.518256759,None,729884.1993,13.50064117,630,6.445719819,14.77414534,46.88569051
Shabwah,2021,June,6/1/21,76,0.151007881,0.151017881,-1.890357032,0.175889226,0.858539685,0.858549685,-0.152510726,0.015069289,10.02090284,2.304673195,50,1415570,403829066,0.350536927,-1.048289223,0,-0.518256759,None,729884.1993,13.50064117,587.5,6.375876246,14.77414534,46.88569051
Shabwah,2021,July,7/1/21,77,0.17606906,0.17607906,-1.73682218,0.212945814,0.826825644,0.826835644,-0.190149341,0.015069289,11.68396598,2.458217473,51,1415570,403829066,0.350536927,-1.048289223,0,-0.518256759,None,729884.1993,13.50064117,599,6.395261598,14.77414534,46.88569051
Shabwah,2021,August,8/1/21,78,0.16081102,0.16082102,-1.827463209,0.254536082,0.631780841,0.631790841,-0.459196887,0.015069289,10.67144044,2.367571055,52,1415570,403829066,0.350536927,-1.048289223,0,-0.518256759,None,729884.1993,13.50064117,710,6.56526497,14.77414534,46.88569051
Shabwah,2021,September,9/1/21,79,0.125332253,0.125342253,-2.076707259,0.179062808,0.699934591,0.699944591,-0.356754103,0.015069289,8.317064793,2.118309403,53,1415570,403829066,0.350536927,-1.048289223,2,-0.444403309,Low,729884.1993,13.50064117,705,6.558197803,14.77414534,46.88569051
Shabwah,2021,October,10/1/21,80,0.125747338,0.125757338,-2.073401118,0.148885273,0.844592183,0.844602183,-0.168889552,0.015069289,8.344609888,2.121615808,54,1415570,403829066,0.350536927,-1.048289223,6,-0.296696409,Medium,729884.1993,13.50064117,962.5,6.869534066,14.77414534,46.88569051
Shabwah,2021,November,11/1/21,81,0.106396572,0.106406572,-2.240487937,0.11919137,0.892653319,0.892663319,-0.113545792,0.015069289,7.060490512,1.954514527,55,1415570,403829066,0.350536927,-1.048289223,0,-0.518256759,None,729884.1993,13.50064117,1071,6.97634807,14.77414534,46.88569051
Shabwah,2021,December,12/1/21,82,0.067844297,0.067854297,-2.690392564,0.103094256,0.658080279,0.658090279,-0.418413155,0.015069289,4.502156472,1.504556498,56,1415570,403829066,0.350536927,-1.048289223,10,-0.148989509,Medium,729884.1993,13.50064117,1009,6.91671502,14.77414534,46.88569051
Shabwah,2022,January,1/1/22,83,0.071466404,0.071476404,-2.638387898,0.098749418,0.723714689,0.723724689,-0.323344223,0.015069289,4.742519969,1.556568633,57,1488856,403829066,0.368684705,-0.997813458,48,1.254226041,Severe,745576.2454,13.52191268,1096.67,7.000033595,14.77414534,46.88569051
Shabwah,2022,February,2/1/22,84,0.107643818,0.107653818,-2.228834589,0.112032302,0.960828409,0.960838409,-0.039949033,0.015069289,7.14325792,1.966168964,58,1488856,403829066,0.368684705,-0.997813458,0,-0.518256759,None,745576.2454,13.52191268,1098.75,7.001928449,14.77414534,46.88569051
Shabwah,2022,March,3/1/22,85,0.11326964,0.11327964,-2.177895827,0.100196922,1.130470255,1.130480255,0.122642547,0.015069289,7.516588208,2.017112339,59,1488856,403829066,0.368684705,-0.997813458,0,-0.518256759,None,745576.2454,13.52191268,1433,7.267525428,14.77414534,46.88569051
Taizz,2015,March,3/1/15,1,0.217522879,0.217532879,-1.525405272,0.259346229,0.838735462,0.838745462,-0.175848001,NA,NA,NA,NA,5391580,103432013,5.21268014,1.651094146,10,-0.148989509,Medium,3225671.105,14.98665158,NA,NA,13.41871579,43.77755667
Taizz,2015,April,4/1/15,2,0.112518719,0.112528719,-2.18454681,0.217408061,0.517546215,0.517556215,-0.658637132,NA,NA,NA,NA,5391580,103432013,5.21268014,1.651094146,60,1.697346741,Severe,3225671.105,14.98665158,NA,NA,13.41871579,43.77755667
Taizz,2015,May,5/1/15,3,0.036679978,0.036689978,-3.30525164,0.181869558,0.201682889,0.201692889,-1.60100909,NA,NA,NA,NA,5391580,103432013,5.21268014,1.651094146,49,1.291152766,Severe,3225671.105,14.98665158,NA,NA,13.41871579,43.77755667
Taizz,2015,June,6/1/15,4,0.031777127,0.031787127,-3.448693882,0.204333242,0.155516189,0.155526189,-1.860941144,NA,NA,NA,NA,5391580,103432013,5.21268014,1.651094146,49,1.291152766,Severe,3225671.105,14.98665158,NA,NA,13.41871579,43.77755667
Taizz,2015,July,7/1/15,5,0.054249322,0.054259322,-2.913980467,0.245258494,0.221192429,0.221202429,-1.508677028,NA,NA,NA,NA,5391580,103432013,5.21268014,1.651094146,36,0.811105341,Severe,3225671.105,14.98665158,NA,NA,13.41871579,43.77755667
Taizz,2015,August,8/1/15,6,0.031747423,0.031757423,-3.449628786,0.262454009,0.120963757,0.120973757,-2.112181641,NA,NA,NA,NA,5391580,103432013,5.21268014,1.651094146,63,1.808126916,Severe,3225671.105,14.98665158,NA,NA,13.41871579,43.77755667
Taizz,2015,September,9/1/15,7,0.04656198,0.04657198,-3.066756206,0.224625194,0.207287434,0.207297434,-1.573600638,NA,NA,NA,NA,5391580,103432013,5.21268014,1.651094146,121,3.949876967,Severe,3225671.105,14.98665158,NA,NA,13.41871579,43.77755667
Taizz,2015,October,10/1/15,8,0.022539517,0.022549517,-3.792041632,0.245313367,0.091880509,0.091890509,-2.38715753,NA,NA,NA,NA,5391580,103432013,5.21268014,1.651094146,151,5.057678717,Severe,3225671.105,14.98665158,NA,NA,13.41871579,43.77755667
Taizz,2015,November,11/1/15,9,0.023783278,0.023793278,-3.738352175,0.268399196,0.088611584,0.088621584,-2.423379839,NA,NA,NA,NA,5391580,103432013,5.21268014,1.651094146,69,2.029687266,Severe,3225671.105,14.98665158,NA,NA,13.41871579,43.77755667
Taizz,2015,December,12/1/15,10,0.021108569,0.021118569,-3.857602578,0.274966377,0.076767819,0.076777819,-2.566839496,NA,NA,NA,NA,5391580,103432013,5.21268014,1.651094146,89,2.768221767,Severe,3225671.105,14.98665158,NA,NA,13.41871579,43.77755667
Taizz,2016,January,1/1/16,11,0.016813644,0.016823644,-4.084970001,0.254745217,0.066001805,0.066011805,-2.717921689,NA,NA,NA,NA,3469384,103432013,3.354265183,1.210232725,132,4.356070942,Severe,3305321.934,15.01104443,NA,NA,13.41871579,43.77755667
Taizz,2016,February,2/1/16,12,0.019646423,0.019656423,-3.929351124,0.258220155,0.076084003,0.076094003,-2.575785821,NA,NA,NA,NA,3469384,103432013,3.354265183,1.210232725,112,3.617536442,Severe,3305321.934,15.01104443,NA,NA,13.41871579,43.77755667
Taizz,2016,March,3/1/16,13,0.019958403,0.019968403,-3.913604105,0.259346229,0.076956596,0.076966596,-2.564383769,0.018230034,1.094808874,0.090579804,1,3469384,103432013,3.354265183,1.210232725,106,3.395976092,Severe,3305321.934,15.01104443,NA,NA,13.41871579,43.77755667
Taizz,2016,April,4/1/16,14,0.019411337,0.019421337,-3.941382972,0.217408061,0.089285268,0.089295268,-2.415806782,0.018230034,1.064799824,0.062786823,2,3469384,103432013,3.354265183,1.210232725,78,2.362027792,Severe,3305321.934,15.01104443,NA,NA,13.41871579,43.77755667
Taizz,2016,May,5/1/16,15,0.035214405,0.035224405,-3.346016113,0.181869558,0.193624515,0.193634515,-1.64178284,0.018230034,1.931669738,0.658384778,3,3469384,103432013,3.354265183,1.210232725,5,-0.333623134,Medium,3305321.934,15.01104443,NA,NA,13.41871579,43.77755667
Taizz,2016,June,6/1/16,16,0.052423018,0.052433018,-2.948218772,0.204333242,0.256556483,0.256566483,-1.360367455,0.018230034,2.875640166,1.056275316,4,3469384,103432013,3.354265183,1.210232725,10,-0.148989509,Medium,3305321.934,15.01104443,437.5,6.081076706,13.41871579,43.77755667
Taizz,2016,July,7/1/16,17,0.054109218,0.054119218,-2.916565925,0.245258494,0.220621178,0.220631178,-1.511262849,0.018230034,2.96813588,1.087934106,5,3469384,103432013,3.354265183,1.210232725,30,0.589544991,High,3305321.934,15.01104443,389,5.963579344,13.41871579,43.77755667
Taizz,2016,August,8/1/16,18,0.020134144,0.020144144,-3.904841653,0.262454009,0.076714942,0.076724942,-2.567528434,0.018230034,1.104449065,0.099346627,6,3469384,103432013,3.354265183,1.210232725,73,2.177394167,Severe,3305321.934,15.01104443,275,5.616771098,13.41871579,43.77755667
Taizz,2016,September,9/1/16,19,0.022208315,0.022218315,-3.80683833,0.224625194,0.098868318,0.098878318,-2.313865296,0.018230034,1.218226746,0.197396315,7,3469384,103432013,3.354265183,1.210232725,47,1.217299316,Severe,3305321.934,15.01104443,250,5.521460918,13.41871579,43.77755667
Taizz,2016,October,10/1/16,20,0.025436772,0.025446772,-3.671166381,0.245313367,0.103690933,0.103700933,-2.266244167,0.018230034,1.395322247,0.33312539,8,3469384,103432013,3.354265183,1.210232725,36,0.811105341,Severe,3305321.934,15.01104443,250,5.521460918,13.41871579,43.77755667
Taizz,2016,November,11/1/16,21,0.023178037,0.023188037,-3.76411878,0.268399196,0.086356581,0.086366581,-2.449154472,0.018230034,1.271420393,0.240134695,9,3469384,103432013,3.354265183,1.210232725,49,1.291152766,Severe,3305321.934,15.01104443,250,5.521460918,13.41871579,43.77755667
Taizz,2016,December,12/1/16,22,0.021189684,0.021199684,-3.853769003,0.274966377,0.077062818,0.077072818,-2.563004616,0.018230034,1.162350218,0.150444005,10,3469384,103432013,3.354265183,1.210232725,50,1.328079491,Severe,3305321.934,15.01104443,263,5.572154032,13.41871579,43.77755667
Taizz,2017,January,1/1/17,23,0.021106489,0.021116489,-3.857701074,0.254745217,0.082853328,0.082863328,-2.490562679,0.018230034,1.157786595,0.146510075,11,2514845,103432013,2.431399068,0.88846684,141,4.688411467,Severe,3384511.884,15.03472025,288,5.66296048,13.41871579,43.77755667
Taizz,2017,February,2/1/17,24,0.022450083,0.022460083,-3.796015634,0.258220155,0.086941637,0.086951637,-2.442403211,0.018230034,1.231488817,0.208223858,12,2514845,103432013,2.431399068,0.88846684,117,3.802170067,Severe,3384511.884,15.03472025,313,5.746203191,13.41871579,43.77755667
Taizz,2017,March,3/1/17,25,0.023257072,0.023267072,-3.760716137,0.259346229,0.089675767,0.089685767,-2.411443196,0.018230034,1.275755821,0.243538804,13,2514845,103432013,2.431399068,0.88846684,137,4.540704567,Severe,3384511.884,15.03472025,319,5.765191103,13.41871579,43.77755667
Taizz,2017,April,4/1/17,26,0.026266639,0.026276639,-3.639074985,0.217408061,0.120817227,0.120827227,-2.11339363,0.018230034,1.440844213,0.365229201,14,2514845,103432013,2.431399068,0.88846684,130,4.282217492,Severe,3384511.884,15.03472025,300,5.703782475,13.41871579,43.77755667
Taizz,2017,May,5/1/17,27,0.033812576,0.033822576,-3.38662677,0.181869558,0.185916633,0.185926633,-1.682403129,0.018230034,1.854773063,0.617762351,15,2514845,103432013,2.431399068,0.88846684,146,4.873045092,Severe,3384511.884,15.03472025,288,5.66296048,13.41871579,43.77755667
Taizz,2017,June,6/1/17,28,0.055953251,0.055963251,-2.883060036,0.204333242,0.273833325,0.273843325,-1.295199143,0.018230034,3.069289448,1.121446085,16,2514845,103432013,2.431399068,0.88846684,91,2.842075217,Severe,3384511.884,15.03472025,256,5.545177444,13.41871579,43.77755667
Taizz,2017,July,7/1/17,29,0.03138162,0.03139162,-3.461214301,0.245258494,0.127953244,0.127963244,-2.056012213,0.018230034,1.721424107,0.543151917,17,2514845,103432013,2.431399068,0.88846684,61,1.734273466,Severe,3384511.884,15.03472025,263,5.572154032,13.41871579,43.77755667
Taizz,2017,August,8/1/17,30,0.034301403,0.034311403,-3.372277531,0.262454009,0.13069491,0.13070491,-2.034813092,0.018230034,1.88158744,0.632115804,18,2514845,103432013,2.431399068,0.88846684,51,1.365006216,Severe,3384511.884,15.03472025,250,5.521460918,13.41871579,43.77755667
Taizz,2017,September,9/1/17,31,0.029252253,0.029262253,-3.531456887,0.224625194,0.130226946,0.130236946,-2.038399826,0.018230034,1.604618675,0.472886143,19,2514845,103432013,2.431399068,0.88846684,37,0.848032066,Severe,3384511.884,15.03472025,256,5.545177444,13.41871579,43.77755667
Taizz,2017,October,10/1/17,32,0.02531614,0.02532614,-3.675918215,0.245313367,0.103199187,0.103209187,-2.270997409,0.018230034,1.388705035,0.328371683,20,2514845,103432013,2.431399068,0.88846684,42,1.032665691,Severe,3384511.884,15.03472025,293.75,5.682729065,13.41871579,43.77755667
Taizz,2017,November,11/1/17,33,0.023884913,0.023894913,-3.734089688,0.268399196,0.088990255,0.089000255,-2.419116044,0.018230034,1.310195746,0.27017655,21,2514845,103432013,2.431399068,0.88846684,42,1.032665691,Severe,3384511.884,15.03472025,362.5,5.893024474,13.41871579,43.77755667
Taizz,2017,December,12/1/17,34,0.028989185,0.028999185,-3.540487553,0.274966377,0.105428108,0.105438108,-2.249631152,0.018230034,1.590188203,0.463852376,22,2514845,103432013,2.431399068,0.88846684,39,0.921885516,Severe,3384511.884,15.03472025,400,5.991464547,13.41871579,43.77755667
Taizz,2018,January,1/1/18,35,0.026206323,0.026216323,-3.641373047,0.254745217,0.102872679,0.102882679,-2.274165979,0.018230034,1.437535607,0.362930263,23,2120176,103432013,2.049825715,0.717754772,35,0.774178616,High,3463209.695,15.05770637,400,5.991464547,13.41871579,43.77755667
Taizz,2018,February,2/1/18,36,0.030967138,0.030977138,-3.47450583,0.258220155,0.119925333,0.119935333,-2.120802573,0.018230034,1.698687891,0.529856124,24,2120176,103432013,2.049825715,0.717754772,33,0.700325166,High,3463209.695,15.05770637,400,5.991464547,13.41871579,43.77755667
Taizz,2018,March,3/1/18,37,0.033144759,0.033154759,-3.406569013,0.259346229,0.127801199,0.127811199,-2.057201112,0.018230034,1.818140273,0.597814151,25,2120176,103432013,2.049825715,0.717754772,14,-0.001282609,High,3463209.695,15.05770637,368.75,5.910118908,13.41871579,43.77755667
Taizz,2018,April,4/1/18,38,0.034270855,0.034280855,-3.373168244,0.217408061,0.157633782,0.157643782,-1.847417336,0.018230034,1.879911743,0.631224831,26,2120176,103432013,2.049825715,0.717754772,37,0.848032066,Severe,3463209.695,15.05770637,331.25,5.802873377,13.41871579,43.77755667
Taizz,2018,May,5/1/18,39,0.044089603,0.044099603,-3.121304499,0.181869558,0.242424314,0.242434314,-1.417024475,0.018230034,2.418514579,0.883153541,27,2120176,103432013,2.049825715,0.717754772,25,0.404911366,High,3463209.695,15.05770637,363.75,5.896466818,13.41871579,43.77755667
Taizz,2018,June,6/1/18,40,0.069911301,0.069921301,-2.660384941,0.204333242,0.342143551,0.342153551,-1.072495663,0.018230034,3.834951761,1.344156856,28,2120176,103432013,2.049825715,0.717754772,12,-0.075136059,Medium,3463209.695,15.05770637,366.25,5.90331616,13.41871579,43.77755667
Taizz,2018,July,7/1/18,41,0.074385742,0.074395742,-2.59835657,0.245258494,0.303295273,0.303305273,-1.193015479,0.018230034,4.080395133,1.40619383,29,2120176,103432013,2.049825715,0.717754772,7,-0.259769684,Medium,3463209.695,15.05770637,363.75,5.896466818,13.41871579,43.77755667
Taizz,2018,August,8/1/18,42,0.090329597,0.090339597,-2.40417941,0.262454009,0.34417305,0.34418305,-1.066581641,0.018230034,4.954987851,1.600394716,30,2120176,103432013,2.049825715,0.717754772,1,-0.481330034,Low,3463209.695,15.05770637,418.75,6.037274083,13.41871579,43.77755667
Taizz,2018,September,9/1/18,43,0.030223803,0.030233803,-3.498794676,0.224625194,0.134552151,0.134562151,-2.005729097,0.018230034,1.657912596,0.505559339,31,2120176,103432013,2.049825715,0.717754772,6,-0.296696409,Medium,3463209.695,15.05770637,562.5,6.332391134,13.41871579,43.77755667
Taizz,2018,October,10/1/18,44,0.033916389,0.033926389,-3.383562131,0.245313367,0.138257403,0.138267403,-1.978565766,0.018230034,1.860467677,0.620827895,32,2120176,103432013,2.049825715,0.717754772,3,-0.407476584,Low,3463209.695,15.05770637,638.75,6.459513142,13.41871579,43.77755667
Taizz,2018,November,11/1/18,45,0.035555879,0.035565879,-3.336368556,0.268399196,0.132473866,0.132483866,-2.021294407,0.018230034,1.950401135,0.668035062,33,2120176,103432013,2.049825715,0.717754772,0,-0.518256759,None,3463209.695,15.05770637,526.25,6.265776385,13.41871579,43.77755667
Taizz,2018,December,12/1/18,46,0.032292013,0.032302013,-3.432625729,0.274966377,0.117439861,0.117449861,-2.141743751,0.018230034,1.77136329,0.57174947,34,2120176,103432013,2.049825715,0.717754772,0,-0.518256759,None,3463209.695,15.05770637,400,5.991464547,13.41871579,43.77755667
Taizz,2019,January,1/1/19,47,0.034499334,0.034509334,-3.366525441,0.254745217,0.135426818,0.135436818,-1.999250035,0.018230034,1.892444852,0.637869566,35,7911954,103432013,7.649424748,2.034630449,3,-0.407476584,Low,3541782.042,15.08014056,340,5.828945618,13.41871579,43.77755667
Taizz,2019,February,2/1/19,48,0.038026206,0.038036206,-3.269216783,0.258220155,0.147262734,0.147272734,-1.915469078,0.018230034,2.085909768,0.7352051,36,7911954,103432013,7.649424748,2.034630449,3,-0.407476584,Low,3541782.042,15.08014056,350,5.857933154,13.41871579,43.77755667
Taizz,2019,March,3/1/19,49,0.035750832,0.035760832,-3.330902063,0.259346229,0.137849824,0.137859824,-1.981517878,0.018230034,1.96109519,0.673503088,37,7911954,103432013,7.649424748,2.034630449,8,-0.222842959,Medium,3541782.042,15.08014056,403.75,6.000795875,13.41871579,43.77755667
Taizz,2019,April,4/1/19,50,0.039109817,0.039119817,-3.241126112,0.217408061,0.179891292,0.179901292,-1.715346956,0.018230034,2.145350744,0.763303056,38,7911954,103432013,7.649424748,2.034630449,4,-0.370549859,Low,3541782.042,15.08014056,408.75,6.013103722,13.41871579,43.77755667
Taizz,2019,May,5/1/19,51,0.088868321,0.088878321,-2.420487024,0.181869558,0.488637691,0.488647691,-0.716113517,0.018230034,4.874830239,1.584085281,39,7911954,103432013,7.649424748,2.034630449,2,-0.444403309,Low,3541782.042,15.08014056,420,6.040254711,13.41871579,43.77755667
Taizz,2019,June,6/1/19,52,0.041943143,0.041953143,-3.171201926,0.204333242,0.205268328,0.205278328,-1.583388523,0.018230034,2.300771518,0.833244509,40,7911954,103432013,7.649424748,2.034630449,2,-0.444403309,Low,3541782.042,15.08014056,415,6.02827852,13.41871579,43.77755667
Taizz,2019,July,7/1/19,53,0.087717117,0.087727117,-2.433524226,0.245258494,0.357651698,0.357661698,-1.028167717,0.018230034,4.811681481,1.571046603,41,7911954,103432013,7.649424748,2.034630449,2,-0.444403309,Low,3541782.042,15.08014056,440,6.086774727,13.41871579,43.77755667
Taizz,2019,August,8/1/19,54,0.066906685,0.066916685,-2.704306941,0.262454009,0.254927273,0.254937273,-1.366737752,0.018230034,3.670134954,1.300228434,42,7911954,103432013,7.649424748,2.034630449,0,-0.518256759,None,3541782.042,15.08014056,436.25,6.078215474,13.41871579,43.77755667
Taizz,2019,September,9/1/19,55,0.026285453,0.026295453,-3.638359244,0.224625194,0.117019167,0.117029167,-2.145332085,0.018230034,1.441876247,0.365945215,43,7911954,103432013,7.649424748,2.034630449,0,-0.518256759,None,3541782.042,15.08014056,443.75,6.095261341,13.41871579,43.77755667
Taizz,2019,October,10/1/19,56,0.029245008,0.029255008,-3.531704506,0.245313367,0.119214898,0.119224898,-2.12674367,0.018230034,1.604221254,0.472638439,44,7911954,103432013,7.649424748,2.034630449,1,-0.481330034,Low,3541782.042,15.08014056,412.5,6.022236206,13.41871579,43.77755667
Taizz,2019,November,11/1/19,57,0.034717138,0.034727138,-3.360233823,0.268399196,0.12934889,0.12935889,-2.045164644,0.018230034,1.904392389,0.644163002,45,7911954,103432013,7.649424748,2.034630449,0,-0.518256759,None,3541782.042,15.08014056,400,5.991464547,13.41871579,43.77755667
Taizz,2019,December,12/1/19,58,0.03468178,0.03469178,-3.361252508,0.274966377,0.126130985,0.126140985,-2.070355069,0.018230034,1.902452842,0.643144023,46,7911954,103432013,7.649424748,2.034630449,1,-0.481330034,Low,3541782.042,15.08014056,387.5,5.959715849,13.41871579,43.77755667
Taizz,2020,January,1/1/20,59,0.02781406,0.02782406,-3.581854165,0.254745217,0.109183836,0.109193836,-2.214630664,0.018230034,1.52572727,0.422471195,47,5342922,103432013,5.165636678,1.642028363,0,-0.518256759,None,3620372.476,15.10208747,393.75,5.97571619,13.41871579,43.77755667
Taizz,2020,February,2/1/20,60,0.034186772,0.034196772,-3.375624025,0.258220155,0.132393895,0.132403895,-2.021898217,0.018230034,1.87529941,0.628768332,48,5342922,103432013,5.165636678,1.642028363,1,-0.481330034,Low,3620372.476,15.10208747,431.25,6.066687968,13.41871579,43.77755667
Taizz,2020,March,3/1/20,61,0.036593178,0.036603178,-3.307620212,0.259346229,0.141097783,0.141107783,-1.958231262,0.018230034,2.007301687,0.696791376,49,5342922,103432013,5.165636678,1.642028363,0,-0.518256759,None,3620372.476,15.10208747,358.75,5.882625767,13.41871579,43.77755667
Taizz,2020,April,4/1/20,62,0.039725458,0.039735458,-3.225511341,0.217408061,0.182723022,0.182733022,-1.699729088,0.018230034,2.179121443,0.778921788,50,5342922,103432013,5.165636678,1.642028363,0,-0.518256759,None,3620372.476,15.10208747,258.75,5.555862345,13.41871579,43.77755667
Taizz,2020,May,5/1/20,63,0.074811749,0.074821749,-2.592646674,0.181869558,0.411348384,0.411358384,-0.888290464,0.018230034,4.103763548,1.411904491,51,5342922,103432013,5.165636678,1.642028363,0,-0.518256759,None,3620372.476,15.10208747,262.5,5.570251082,13.41871579,43.77755667
Taizz,2020,June,6/1/20,64,0.036554964,0.036564964,-3.308664765,0.204333242,0.178898762,0.178908762,-1.720879313,0.018230034,2.005205476,0.695746537,52,5342922,103432013,5.165636678,1.642028363,0,-0.518256759,None,3620372.476,15.10208747,262.5,5.570251082,13.41871579,43.77755667
Taizz,2020,July,7/1/20,65,0.045861186,0.045871186,-3.081918115,0.245258494,0.186991224,0.187001224,-1.676640117,0.018230034,2.515693937,0.922548685,53,5342922,103432013,5.165636678,1.642028363,0,-0.518256759,None,3620372.476,15.10208747,412.5,6.022236206,13.41871579,43.77755667
Taizz,2020,August,8/1/20,66,0.040641076,0.040651076,-3.202729973,0.262454009,0.154850277,0.154860277,-1.865232007,0.018230034,2.229347241,0.801708826,54,5342922,103432013,5.165636678,1.642028363,0,-0.518256759,None,3620372.476,15.10208747,406.25,6.006968734,13.41871579,43.77755667
Taizz,2020,September,9/1/20,67,0.032415272,0.032425272,-3.42881716,0.224625194,0.144308265,0.144318265,-1.935734245,0.018230034,1.778124605,0.575559216,55,5342922,103432013,5.165636678,1.642028363,2,-0.444403309,Low,3620372.476,15.10208747,418.75,6.037274083,13.41871579,43.77755667
Taizz,2020,October,10/1/20,68,0.043837355,0.043847355,-3.127040881,0.245313367,0.178699414,0.178709414,-1.721994178,0.018230034,2.404677633,0.877415854,56,5342922,103432013,5.165636678,1.642028363,0,-0.518256759,None,3620372.476,15.10208747,465,6.142037406,13.41871579,43.77755667
Taizz,2020,November,11/1/20,69,0.046663894,0.046673894,-3.064570286,0.268399196,0.173860036,0.173870036,-1.749447178,0.018230034,2.559726109,0.939900264,57,5342922,103432013,5.165636678,1.642028363,0,-0.518256759,None,3620372.476,15.10208747,430,6.063785209,13.41871579,43.77755667
Taizz,2020,December,12/1/20,70,0.044396839,0.044406839,-3.11436179,0.274966377,0.161462792,0.161472792,-1.823418621,0.018230034,2.435367866,0.890097819,58,5342922,103432013,5.165636678,1.642028363,0,-0.518256759,None,3620372.476,15.10208747,431.25,6.066687968,13.41871579,43.77755667
Taizz,2021,January,1/1/21,71,0.043172741,0.043182741,-3.142314377,0.254745217,0.169474197,0.169484197,-1.77499559,0.018230034,2.368220542,0.862138847,59,4225165,103432013,4.084968355,1.407313982,0,-0.518256759,None,3699109.6,15.1236027,375,5.926926026,13.41871579,43.77755667
Taizz,2021,February,2/1/21,72,0.042612313,0.042622313,-3.155377383,0.258220155,0.165023188,0.165033188,-1.801608686,0.018230034,2.337478526,0.849072795,60,4225165,103432013,4.084968355,1.407313982,0,-0.518256759,None,3699109.6,15.1236027,493.75,6.202029316,13.41871579,43.77755667
Taizz,2021,March,3/1/21,73,0.052391847,0.052401847,-2.94881344,0.259346229,0.202015072,0.202025072,-1.59936347,0.018230034,2.873930295,1.055680534,61,4225165,103432013,4.084968355,1.407313982,0,-0.518256759,None,3699109.6,15.1236027,725,6.586171655,13.41871579,43.77755667
Taizz,2021,April,4/1/21,74,0.102676789,0.102686789,-2.276071807,0.217408061,0.472276826,0.472286826,-0.750168796,0.018230034,5.632287301,1.72851563,62,4225165,103432013,4.084968355,1.407313982,0,-0.518256759,None,3699109.6,15.1236027,775,6.652863029,13.41871579,43.77755667
Taizz,2021,May,5/1/21,75,0.052425427,0.052435427,-2.948172828,0.181869558,0.288258395,0.288268395,-1.243863306,0.018230034,2.875772311,1.056321268,63,4225165,103432013,4.084968355,1.407313982,0,-0.518256759,None,3699109.6,15.1236027,700,6.551080335,13.41871579,43.77755667
Taizz,2021,June,6/1/21,76,0.044796503,0.044806503,-3.105401994,0.204333242,0.219232576,0.219242576,-1.517576509,0.018230034,2.457291248,0.899059625,64,4225165,103432013,4.084968355,1.407313982,0,-0.518256759,None,3699109.6,15.1236027,700,6.551080335,13.41871579,43.77755667
Taizz,2021,July,7/1/21,77,0.062266742,0.062276742,-2.776167246,0.245258494,0.253882102,0.253892102,-1.370845897,0.018230034,3.415613048,1.228356993,65,4225165,103432013,4.084968355,1.407313982,0,-0.518256759,None,3699109.6,15.1236027,700,6.551080335,13.41871579,43.77755667
Taizz,2021,August,8/1/21,78,0.069839717,0.069849717,-2.661409245,0.262454009,0.266102687,0.266112687,-1.323835425,0.018230034,3.831025055,1.343132406,66,4225165,103432013,4.084968355,1.407313982,0,-0.518256759,None,3699109.6,15.1236027,787.5,6.668863371,13.41871579,43.77755667
Taizz,2021,September,9/1/21,79,0.049851039,0.049861039,-2.998515363,0.224625194,0.221929865,0.221939865,-1.505348812,0.018230034,2.734555459,1.005968885,67,4225165,103432013,4.084968355,1.407313982,7,-0.259769684,Medium,3699109.6,15.1236027,900,6.802394763,13.41871579,43.77755667
Taizz,2021,October,10/1/21,80,0.060983777,0.060993777,-2.796983436,0.245313367,0.248595409,0.248605409,-1.391888342,0.018230034,3.345236602,1.207537424,68,4225165,103432013,4.084968355,1.407313982,0,-0.518256759,None,3699109.6,15.1236027,1037.5,6.944569252,13.41871579,43.77755667
Taizz,2021,November,11/1/21,81,0.063456739,0.063466739,-2.757239306,0.268399196,0.23642671,0.23643671,-1.442074718,0.018230034,3.480889778,1.247287944,69,4225165,103432013,4.084968355,1.407313982,7,-0.259769684,Medium,3699109.6,15.1236027,1140,7.038783541,13.41871579,43.77755667
Taizz,2021,December,12/1/21,82,0.061012895,0.061022895,-2.796506157,0.274966377,0.221892202,0.221902202,-1.505518526,0.018230034,3.346833857,1.208014782,70,4225165,103432013,4.084968355,1.407313982,25,0.404911366,High,3699109.6,15.1236027,1000,6.907755279,13.41871579,43.77755667
Taizz,2022,January,1/1/22,83,0.053897671,0.053907671,-2.920482492,0.254745217,0.211574811,0.211584811,-1.553129363,0.018230034,2.956531568,1.084016814,71,8981650,103432013,8.683626799,2.161439275,13,-0.038209334,High,3777846.724,15.14466476,1166.67,7.061908816,13.41871579,43.77755667
Taizz,2022,February,2/1/22,84,0.060133111,0.060143111,-2.811028373,0.258220155,0.232875358,0.232885358,-1.457208972,0.018230034,3.298573716,1.193490168,72,8981650,103432013,8.683626799,2.161439275,6,-0.296696409,Medium,3777846.724,15.14466476,1625,7.393263095,13.41871579,43.77755667
Taizz,2022,March,3/1/22,85,0.081108569,0.081118569,-2.51184338,0.259346229,0.312742427,0.312752427,-1.162343369,0.018230034,4.449172667,1.492718161,73,8981650,103432013,8.683626799,2.161439275,3,-0.407476584,Low,3777846.724,15.14466476,1488,7.305188215,13.41871579,43.77755667